kappa,part,rperp,T,Lx,Ly,start,chain,g,E_per_spin,mx,Cx,Cy,C2,Cperp,Cdiag,Cx2,Sl2_q0,Sl2_qpi3,Sl2_qpi2,Sl2_qpi25,qstar_over_pi,n_ops
0.52,ascending,1.0,0.15,20,30,<23>par,0,0.05,-2.013537333333333,0.0128849999999999,0.9997888888888864,0.1999733333333331,-0.5999066666666366,0.9997888888888864,0.1999733333333331,0.9997888888888864,0.0399848000000025,3.537037037037111e-07,,0.4188100653508538,0.4,40426
0.52,ascending,1.0,0.15,20,30,<23>par,0,0.1,-2.0125044166666664,0.0262891666666666,0.9990744444444308,0.1999355555555554,-0.5995866666666368,0.9990744444444308,0.1999355555555554,0.9990744444444308,0.0399559722222247,1.5537037037037616e-06,,0.4185602589200281,0.4,40791
0.52,ascending,1.0,0.15,20,30,<23>par,0,0.2,-2.0165809999999995,0.0530516666666666,0.9972044444444164,0.1997833333333332,-0.5988633333333041,0.99720777777775,0.1997833333333332,0.9972033333333056,0.039813450000002,4.6425925925926e-06,,0.4179367038764354,0.4,41792
0.52,ascending,1.0,0.15,20,30,<23>par,0,0.3,-2.024040375,0.0804233333333333,0.9932322222221914,0.199518888888889,-0.5971688888888593,0.9932377777777472,0.1995088888888889,0.9932377777777476,0.0396073740740751,1.1124074074074156e-05,,0.4165566365980422,0.4,42553
0.52,ascending,1.0,0.15,20,30,<23>par,0,0.4,-2.035274291666666,0.1065431249999999,0.9883144444444212,0.1991022222222224,-0.5951533333333036,0.988279999999976,0.1990944444444446,0.9882677777777534,0.0392472185185192,1.939814814814837e-05,,0.4148806197228407,0.4,43846
0.52,ascending,1.0,0.15,20,30,<23>par,0,0.5,-2.0458014166666656,0.1336213333333333,0.9810244444444244,0.1985522222222228,-0.5925122222221931,0.9810377777777576,0.1984911111111116,0.9809488888888686,0.0386265407407409,3.192592592592615e-05,,0.4124893280694892,0.4,44503
0.52,ascending,1.0,0.15,20,30,<23>par,0,0.6,-2.060010875,0.1602883333333333,0.9727977777777648,0.1979855555555563,-0.5893677777777512,0.9728566666666548,0.1978877777777785,0.972567777777766,0.0379970425925925,4.786296296296303e-05,,0.409709716056814,0.4,45187
0.52,ascending,1.0,0.15,20,30,<23>par,0,0.7,-2.0771458333333324,0.1875552380952381,0.9631311111111036,0.1973122222222229,-0.5850544444444205,0.9629033333333276,0.1971666666666675,0.9624011111111056,0.0374240611111111,6.540185185185223e-05,,0.4062169153423309,0.4,46625
0.52,ascending,1.0,0.15,20,30,<23>par,0,0.8,-2.0964842916666666,0.2146224999999999,0.9496044444444458,0.1966677777777787,-0.5801866666666459,0.9498588888888914,0.1964677777777789,0.9490222222222244,0.0365073796296294,8.694629629629661e-05,,0.4018577629207986,0.4,47107
0.52,ascending,1.0,0.15,20,30,<23>par,0,0.86,-2.110524666666666,0.2312428294573643,0.9438255555555584,0.1961944444444458,-0.5771388888888698,0.9438033333333368,0.1957988888888902,0.9427155555555604,0.0361829759259256,9.979259259259303e-05,,0.3995284431020885,0.4,48003
0.52,ascending,1.0,0.15,20,30,<23>par,0,0.87,-2.112042583333333,0.2340833333333333,0.9408411111111176,0.1957944444444453,-0.5762977777777584,0.9406544444444522,0.1953877777777786,0.9396122222222306,0.0357509499999999,0.0001068666666666,,0.3986098350463354,0.4,47769
0.52,ascending,1.0,0.15,20,30,<23>par,0,0.88,-2.1154500416666657,0.2372640151515151,0.9404755555555604,0.1954533333333346,-0.5761733333333146,0.940648888888896,0.1950822222222237,0.9392300000000052,0.0356546481481479,0.0001014703703703,,0.3983990333818195,0.4,48138
0.52,ascending,1.0,0.15,20,30,<23>par,0,0.89,-2.11697425,0.2395915730337078,0.9394266666666704,0.1956444444444454,-0.5751099999999811,0.939260000000004,0.1953244444444454,0.9380500000000032,0.035902096296296,0.0001093611111111,,0.3978757912425172,0.4,48245
0.52,ascending,1.0,0.15,20,30,<23>par,0,0.9,-2.1206402916666662,0.2428159259259259,0.9388044444444472,0.1955588888888902,-0.5756699999999816,0.939144444444446,0.1951277777777791,0.9373244444444476,0.0355028074074072,0.0001050129629629,,0.3979142533364446,0.4,48498
0.52,ascending,1.0,0.15,20,30,<23>par,0,0.91,-2.122819041666667,0.2439905677655677,0.9362444444444502,0.1954955555555563,-0.5748166666666479,0.9364022222222276,0.1949988888888896,0.9348955555555626,0.0353243333333331,0.000111887037037,,0.3970874775144437,0.4,48295
0.52,ascending,1.0,0.15,20,30,<23>par,0,0.92,-2.125667666666666,0.2478761775362318,0.9363355555555612,0.195377777777779,-0.574473333333315,0.9359744444444498,0.1949022222222236,0.9346900000000068,0.0353523203703703,0.000123187037037,,0.3969100475753535,0.4,48532
0.52,ascending,1.0,0.15,20,30,<23>par,0,0.93,-2.128063333333333,0.2504539426523297,0.9345733333333404,0.1954777777777786,-0.5741433333333147,0.9345166666666752,0.1950588888888896,0.9332833333333406,0.0352821537037035,0.0001214259259259,,0.3965102701488855,0.4,48719
0.52,ascending,1.0,0.15,20,30,<23>par,0,0.9351,-2.1289259166666663,0.2528359711973764,0.930785555555564,0.1951188888888898,-0.5723899999999821,0.930946666666675,0.1946366666666678,0.9293322222222308,0.0350128888888887,0.0001269888888888,,0.3951563407041742,0.4,48347
0.52,ascending,1.0,0.15,20,30,<23>par,0,0.94,-2.130422375,0.2539818262411347,0.9316211111111172,0.1952811111111123,-0.5720922222222043,0.9311944444444494,0.1947444444444457,0.9300944444444508,0.0353583944444443,0.0001252037037037,,0.3951732313628132,0.4,49031
0.52,ascending,1.0,0.15,20,30,<23>par,0,0.95,-2.1323953333333323,0.2558822807017544,0.9320255555555632,0.1952088888888893,-0.5724388888888697,0.9319922222222292,0.194716666666667,0.9310000000000048,0.0353604685185183,0.0001172296296296,,0.3954411957214402,0.4,48868
0.52,ascending,1.0,0.15,20,30,<23>par,0,0.96,-2.1350206666666662,0.2593697048611111,0.9286833333333404,0.1950277777777785,-0.571016666666648,0.9286322222222302,0.194563333333334,0.9269644444444536,0.0350961648148146,0.0001369962962962,,0.394133343053044,0.4,49145
0.52,ascending,1.0,0.15,20,30,<23>par,0,0.97,-2.13787575,0.2620665807560137,0.9278633333333408,0.1950555555555565,-0.5710322222222034,0.9274711111111178,0.1944788888888902,0.9258900000000072,0.0347621074074072,0.0001336925925925,,0.3939927326541897,0.4,48956
0.52,ascending,1.0,0.15,20,30,<23>par,0,0.98,-2.1416093333333324,0.2656367346938775,0.9249933333333442,0.1948844444444454,-0.5704299999999828,0.925103333333342,0.1942733333333347,0.9230177777777868,0.0344208944444443,0.0001360092592592,,0.393078323168002,0.4,49228
0.52,ascending,1.0,0.15,20,30,<23>par,0,0.99,-2.1423230833333324,0.2676894781144781,0.925365555555565,0.1947011111111122,-0.5700599999999807,0.9251411111111204,0.1939344444444451,0.9238211111111216,0.0346663499999998,0.0001401148148148,,0.39309392613715,0.4,49260
0.52,ascending,1.0,0.15,20,30,<23>par,0,1.0,-2.147247291666666,0.2713909166666666,0.9231466666666774,0.1946711111111121,-0.5698077777777589,0.923418888888899,0.1939255555555563,0.9206444444444544,0.034119998148148,0.0001450629629629,,0.3924657417449836,0.4,49648
0.52,ascending,1.0,0.15,20,30,<23>par,0,1.01,-2.148582916666666,0.272449504950495,0.9206322222222342,0.1944300000000009,-0.5688433333333146,0.921331111111122,0.1937955555555567,0.9185566666666796,0.0340898925925924,0.0001376203703703,,0.391697436717182,0.4,49807
0.52,ascending,1.0,0.15,20,30,<23>par,0,1.02,-2.1519854583333338,0.2760938725490195,0.919657777777788,0.194133333333334,-0.5674477777777596,0.9192988888889014,0.1934488888888897,0.917767777777789,0.0342250388888888,0.0001510907407407,,0.3909949799844376,0.4,49406
0.52,ascending,1.0,0.15,20,30,<23>par,0,1.1,-2.174873583333333,0.2985494696969696,0.90701222222224,0.1935011111111111,-0.5622377777777573,0.9073033333333492,0.1923777777777776,0.9043488888889032,0.0332714129629629,0.0001683666666666,,0.3865153748470596,0.4,50674
0.52,ascending,1.0,0.15,20,30,<23>par,0,1.2,-2.2062193333333333,0.3279033333333333,0.8852600000000066,0.1922411111111116,-0.5556388888888663,0.8858633333333449,0.1906299999999998,0.8812611111111175,0.0308062685185183,0.0002214388888888,,0.3793520224788205,0.4,51314
0.52,ascending,1.0,0.15,20,30,<23>par,1,0.05,-2.013292166666666,0.0136366666666666,0.9997233333333252,0.1999633333333331,-0.5998488888888589,0.9997233333333252,0.1999633333333331,0.9997233333333252,0.0399909092592616,4.6666666666668964e-07,,0.4187771260085094,0.4,40740
0.52,ascending,1.0,0.15,20,30,<23>par,1,0.1,-2.012746958333333,0.025775,0.9993833333333212,0.1999466666666665,-0.5997411111110812,0.9993833333333212,0.1999466666666665,0.9993833333333212,0.0399599537037061,1.077777777777811e-06,,0.4186728166556002,0.4,41325
0.52,ascending,1.0,0.15,20,30,<23>par,1,0.2,-2.0182480416666664,0.0530579166666666,0.9967711111110824,0.1997611111111111,-0.5986599999999708,0.9967733333333044,0.1997499999999999,0.9967711111110824,0.0397969111111131,5.287037037037052e-06,,0.4177804869126817,0.4,42068
0.52,ascending,1.0,0.15,20,30,<23>par,1,0.3,-2.023028833333333,0.0796297222222222,0.993721111111082,0.19948,-0.5972033333333049,0.9936944444444152,0.1994866666666667,0.99368888888886,0.039661616666668,1.0722222222222362e-05,,0.4166672019512214,0.4,42523
0.52,ascending,1.0,0.15,20,30,<23>par,1,0.4,-2.03386125,0.1067056249999999,0.988585555555528,0.1991555555555557,-0.5953799999999709,0.988562222222196,0.1991655555555557,0.988572222222196,0.0392393666666674,1.9370370370370623e-05,,0.4150109327980174,0.4,43836
0.52,ascending,1.0,0.15,20,30,<23>par,1,0.5,-2.045857333333333,0.1323659999999999,0.9811788888888724,0.1986522222222227,-0.5922622222221944,0.9810355555555388,0.1986288888888894,0.9810377777777612,0.0387715814814819,3.268888888888899e-05,,0.412440858355268,0.4,44476
0.52,ascending,1.0,0.15,20,30,<23>par,1,0.6,-2.059510625,0.1604144444444444,0.9727522222222076,0.1980177777777785,-0.5890999999999729,0.9728911111110976,0.1979955555555562,0.9724999999999876,0.0381109629629628,4.613148148148196e-05,,0.409628116076313,0.4,45480
0.52,ascending,1.0,0.15,20,30,<23>par,1,0.7,-2.078193458333333,0.1885923809523809,0.9615633333333288,0.1974655555555564,-0.5848277777777541,0.9618999999999948,0.1973044444444454,0.9610944444444393,0.0373226407407405,6.538518518518533e-05,,0.4058510914217839,0.4,46328
0.52,ascending,1.0,0.15,20,30,<23>par,1,0.8,-2.0971310833333323,0.2148429166666666,0.9514011111111124,0.1964300000000008,-0.5811455555555342,0.951903333333335,0.196102222222223,0.9504522222222224,0.0362981537037035,8.164629629629701e-05,,0.4024616368687559,0.4,47475
0.52,ascending,1.0,0.15,20,30,<23>par,1,0.86,-2.1108059999999997,0.2310781976744186,0.9435666666666696,0.1961366666666679,-0.5764533333333146,0.943695555555558,0.1956533333333345,0.9428155555555588,0.036477322222222,9.69000000000004e-05,,0.3992618957008618,0.4,47809
0.52,ascending,1.0,0.15,20,30,<23>par,1,0.87,-2.113568791666667,0.2342485632183908,0.9436155555555596,0.196010000000001,-0.5777255555555365,0.943137777777782,0.1955788888888898,0.9423955555555592,0.0358422592592591,0.0001039333333333,,0.3996106614572848,0.4,47989
0.52,ascending,1.0,0.15,20,30,<23>par,1,0.88,-2.113537083333332,0.2368841856060605,0.9411988888888936,0.1956722222222235,-0.5766499999999806,0.9411011111111156,0.1954555555555568,0.9397133333333388,0.0356431018518517,0.0001066481481481,,0.3986506849462457,0.4,47870
0.52,ascending,1.0,0.15,20,30,<23>par,1,0.89,-2.117440875,0.2399137640449438,0.9385822222222276,0.1956011111111122,-0.57593888888887,0.9388244444444508,0.1952377777777789,0.9372777777777846,0.035406385185185,0.0001129462962962,,0.397959286354776,0.4,47834
0.52,ascending,1.0,0.15,20,30,<23>par,1,0.9,-2.121263666666666,0.2440282407407407,0.93787555555556,0.1954877777777787,-0.5747744444444259,0.9375988888888932,0.1950666666666678,0.9364111111111156,0.0356632277777775,0.000108387037037,,0.397391278050215,0.4,48530
0.52,ascending,1.0,0.15,20,30,<23>par,1,0.91,-2.1230145833333336,0.245555586080586,0.9373866666666708,0.195516666666667,-0.5751966666666481,0.9366444444444496,0.195166666666667,0.935806666666672,0.0352822962962961,0.0001141537037037,,0.3973975726586631,0.4,48512
0.52,ascending,1.0,0.15,20,30,<23>par,1,0.92,-2.127752958333333,0.2485665760869565,0.9333433333333382,0.1955844444444455,-0.5734688888888704,0.9334622222222272,0.1950311111111125,0.9322955555555604,0.0352679481481479,0.0001160166666666,,0.3960978343319014,0.4,48095
0.52,ascending,1.0,0.15,20,30,<23>par,1,0.93,-2.1269201666666664,0.2506226702508961,0.9333366666666733,0.1951544444444453,-0.5725555555555363,0.9335911111111168,0.1945877777777784,0.9320066666666726,0.0355349814814813,0.0001199944444444,,0.3957046809702081,0.4,48653
0.52,ascending,1.0,0.15,20,30,<23>par,1,0.9351,-2.1287949999999998,0.2516544576337646,0.932683333333336,0.1954722222222233,-0.5725988888888698,0.9328644444444482,0.1949611111111122,0.931391111111113,0.0353947925925925,0.0001212351851851,,0.3956474273959267,0.4,48610
0.52,ascending,1.0,0.15,20,30,<23>par,1,0.94,-2.130894999999999,0.2529344858156028,0.933761111111118,0.1953411111111119,-0.5736555555555367,0.9334188888888956,0.1949244444444454,0.9317366666666742,0.0350883055555555,0.0001243944444444,,0.396075047298098,0.4,48512
0.52,ascending,1.0,0.15,20,30,<23>par,1,0.95,-2.1338105833333323,0.2568978070175438,0.9313144444444486,0.1952155555555564,-0.5733033333333143,0.931604444444451,0.1947622222222232,0.9296255555555628,0.0348037666666664,0.0001235833333333,,0.3954694131463846,0.4,48729
0.52,ascending,1.0,0.15,20,30,<23>par,1,0.96,-2.1354827083333325,0.2585325520833333,0.9302055555555596,0.1950800000000012,-0.5729544444444253,0.9306066666666708,0.1946188888888897,0.9285766666666736,0.0347140814814813,0.0001259444444444,,0.3951486087590002,0.4,48918
0.52,ascending,1.0,0.15,20,30,<23>par,1,0.97,-2.1376150833333325,0.26189235395189,0.9279366666666738,0.1947744444444449,-0.5707333333333139,0.9277666666666736,0.1941522222222227,0.9263700000000072,0.0349149370370368,0.0001298666666666,,0.3939825132806913,0.4,48801
0.52,ascending,1.0,0.15,20,30,<23>par,1,0.98,-2.1397815,0.2651729591836735,0.9264311111111172,0.1945322222222229,-0.5706744444444268,0.9262522222222302,0.1941166666666672,0.9247255555555648,0.0345239203703702,0.0001372462962962,,0.3936183724019397,0.4,49181
0.52,ascending,1.0,0.15,20,30,<23>par,1,0.99,-2.1428687916666664,0.2679321548821549,0.9256966666666744,0.1946211111111118,-0.569797777777759,0.9256533333333408,0.194132222222223,0.9239377777777869,0.0347977814814813,0.000138124074074,,0.3931182103727267,0.4,49013
0.52,ascending,1.0,0.15,20,30,<23>par,1,1.0,-2.146667125,0.2699335,0.9231988888888996,0.1944333333333342,-0.5694377777777574,0.9237044444444557,0.1939500000000006,0.9213344444444564,0.0344163777777776,0.0001455833333333,,0.3924694520817514,0.4,49204
0.52,ascending,1.0,0.15,20,30,<23>par,1,1.01,-2.148595999999999,0.2733478547854785,0.9205322222222332,0.1942888888888894,-0.5688433333333146,0.920524444444458,0.1937866666666668,0.9184588888889014,0.034002511111111,0.0001476333333333,,0.3915787410460081,0.4,49594
0.52,ascending,1.0,0.15,20,30,<23>par,1,1.02,-2.1520272499999997,0.2757678104575163,0.9203500000000128,0.1944577777777784,-0.5686199999999806,0.9206855555555676,0.1939188888888895,0.9183344444444568,0.0341759907407406,0.0001487888888888,,0.3915308392015094,0.4,49250
0.52,ascending,1.0,0.15,20,30,<23>par,1,1.1,-2.1757118749999997,0.2994095454545454,0.9061611111111282,0.1930955555555558,-0.5623677777777568,0.9060011111111274,0.1920800000000001,0.9033977777777962,0.033067746296296,0.0001744925925925,,0.3862264522611009,0.4,50346
0.52,ascending,1.0,0.15,20,30,<23>par,1,1.2,-2.204296999999999,0.3268641666666666,0.8889255555555687,0.192165555555556,-0.5545255555555323,0.8893944444444574,0.1907611111111108,0.8845866666666758,0.0319185425925924,0.0002193425925925,,0.3796659037259912,0.4,51488
0.52,ascending,1.0,0.15,20,30,<23>par,2,0.05,-2.0119855,0.0132433333333333,0.999739999999998,0.1999777777777776,-0.5999355555555255,0.999739999999998,0.1999777777777776,0.999739999999998,0.0399653000000026,4.5555555555551947e-07,,0.4188102880334399,0.4,40603
0.52,ascending,1.0,0.15,20,30,<23>par,2,0.1,-2.0140176666666663,0.0260933333333333,0.999388888888878,0.1999555555555554,-0.5997422222221923,0.999388888888878,0.1999555555555554,0.999388888888878,0.0399641333333357,1.0148148148148094e-06,,0.4186753444418445,0.4,40858
0.52,ascending,1.0,0.15,20,30,<23>par,2,0.2,-2.017680708333333,0.0526808333333333,0.9973233333333074,0.1997733333333333,-0.5988388888888595,0.9973233333333074,0.1997722222222221,0.9973233333333074,0.0398426166666686,4.368518518518445e-06,,0.417951361998099,0.4,41746
0.52,ascending,1.0,0.15,20,30,<23>par,2,0.3,-2.025029791666667,0.0795791666666666,0.9929944444444126,0.1995622222222222,-0.5974677777777491,0.9929766666666352,0.1995333333333334,0.9929866666666348,0.0394459240740752,1.2409259259259427e-05,,0.4166052842717106,0.4,42779
0.52,ascending,1.0,0.15,20,30,<23>par,2,0.4,-2.033695249999999,0.1065516666666666,0.9879411111110872,0.1991066666666669,-0.5953255555555266,0.9879533333333094,0.199067777777778,0.987857777777754,0.0391057962962969,2.09629629629631e-05,,0.4148518811834422,0.4,43628
0.52,ascending,1.0,0.15,20,30,<23>par,2,0.5,-2.045270333333333,0.1338185,0.9821077777777576,0.1985711111111115,-0.592684444444415,0.982106666666646,0.1985088888888893,0.9820811111110912,0.0387939370370374,2.9681481481481816e-05,,0.4127646882062603,0.4,44556
0.52,ascending,1.0,0.15,20,30,<23>par,2,0.6,-2.05813075,0.1601358333333333,0.9733688888888752,0.1979500000000008,-0.5892499999999734,0.9732611111110973,0.1978488888888897,0.9731211111110972,0.0381593462962963,4.8050000000000246e-05,,0.4097881136848129,0.4,45683
0.52,ascending,1.0,0.15,20,30,<23>par,2,0.7,-2.076439708333333,0.1887502380952381,0.9626344444444396,0.1973366666666675,-0.5850622222221984,0.9627266666666612,0.1972088888888898,0.962002222222219,0.0373350222222221,6.854259259259253e-05,,0.4061443900948701,0.4,46324
0.52,ascending,1.0,0.15,20,30,<23>par,2,0.8,-2.0978776249999997,0.2142978124999999,0.9506666666666692,0.1965266666666678,-0.579914444444424,0.95076888888889,0.1962733333333346,0.9495488888888924,0.0365544555555553,9.007962962963062e-05,,0.4018474337313848,0.4,47073
0.52,ascending,1.0,0.15,20,30,<23>par,2,0.86,-2.108911791666666,0.2313016472868216,0.94286777777778,0.1959922222222231,-0.5776799999999805,0.9431166666666694,0.195701111111112,0.9416422222222248,0.0357431648148146,0.0001049407407407,,0.3994555468967553,0.4,48148
0.52,ascending,1.0,0.15,20,30,<23>par,2,0.87,-2.1118507916666664,0.2340484674329501,0.9434511111111128,0.1960611111111124,-0.5777788888888694,0.942944444444448,0.1955566666666681,0.9424200000000044,0.0358370037037034,0.0001007296296296,,0.3996177151022408,0.4,48049
0.52,ascending,1.0,0.15,20,30,<23>par,2,0.88,-2.115396625,0.2368408143939393,0.9426655555555562,0.1957977777777786,-0.5767888888888699,0.9425533333333344,0.1954544444444456,0.9418644444444456,0.0360236370370369,0.0001068574074074,,0.3991897977460846,0.4,47891
0.52,ascending,1.0,0.15,20,30,<23>par,2,0.89,-2.118298166666666,0.2393939138576779,0.9402544444444472,0.1959477777777783,-0.5762755555555369,0.9405111111111129,0.1956600000000003,0.9393388888888922,0.0358621777777775,0.0001085185185185,,0.3985354064524579,0.4,48537
0.52,ascending,1.0,0.15,20,30,<23>par,2,0.9,-2.119718708333332,0.2422833333333333,0.939698888888894,0.1956677777777787,-0.575233333333315,0.939714444444449,0.1952877777777787,0.9387766666666716,0.0360587092592591,0.0001107037037037,,0.3980501686832501,0.4,48311
0.52,ascending,1.0,0.15,20,30,<23>par,2,0.91,-2.121421458333333,0.2455197802197802,0.9381622222222266,0.1953311111111123,-0.5743888888888703,0.937871111111114,0.1948433333333346,0.9369322222222252,0.0357835296296295,0.0001109277777777,,0.397354714416355,0.4,48785
0.52,ascending,1.0,0.15,20,30,<23>par,2,0.92,-2.123925291666666,0.2481386775362318,0.934728888888896,0.1955933333333343,-0.5736955555555381,0.935061111111116,0.1950133333333345,0.9336877777777852,0.0355204907407406,0.000118687037037,,0.3964834146513308,0.4,48444
0.52,ascending,1.0,0.15,20,30,<23>par,2,0.93,-2.127733791666666,0.2505876344086021,0.934263333333342,0.1955122222222232,-0.5746511111110922,0.9348388888888944,0.1951744444444454,0.9330366666666732,0.0349220055555554,0.0001202333333333,,0.396657609278372,0.4,48583
0.52,ascending,1.0,0.15,20,30,<23>par,2,0.9351,-2.129264291666667,0.2526482907353937,0.935208888888894,0.1955422222222231,-0.5740488888888704,0.9351644444444482,0.195033333333334,0.9336555555555608,0.0352658111111109,0.000117087037037,,0.3966496228188625,0.4,48391
0.52,ascending,1.0,0.15,20,30,<23>par,2,0.94,-2.131028333333332,0.2534538120567375,0.9329100000000076,0.1950088888888899,-0.5730077777777589,0.9332677777777854,0.1944222222222233,0.9315311111111176,0.0351722537037036,0.0001217037037037,,0.3957605492042354,0.4,49145
0.52,ascending,1.0,0.15,20,30,<23>par,2,0.95,-2.1315987083333328,0.2559507894736842,0.9311822222222328,0.1951588888888899,-0.5730444444444256,0.9308966666666764,0.1946533333333341,0.929510000000008,0.0348437425925925,0.0001245462962962,,0.3953601236317507,0.4,48837
0.52,ascending,1.0,0.15,20,30,<23>par,2,0.96,-2.1357905,0.2591498263888889,0.9301411111111194,0.195151111111112,-0.5715088888888713,0.9303388888888976,0.1946677777777785,0.9280866666666754,0.0351289685185183,0.000130624074074,,0.3946230329433144,0.4,48470
0.52,ascending,1.0,0.15,20,30,<23>par,2,0.97,-2.1372227499999994,0.2612198453608247,0.928436666666676,0.1949155555555566,-0.5722777777777591,0.9282911111111188,0.1944400000000009,0.9266688888888984,0.0344491185185184,0.0001322703703703,,0.3945180364910774,0.4,48890
0.52,ascending,1.0,0.15,20,30,<23>par,2,0.98,-2.141132625,0.2647973639455782,0.9239988888888968,0.1944911111111119,-0.5700766666666489,0.924423333333343,0.1938844444444455,0.9222255555555676,0.0342674425925924,0.0001386962962962,,0.3928402455452494,0.4,49294
0.52,ascending,1.0,0.15,20,30,<23>par,2,0.99,-2.1431994166666666,0.2679478956228956,0.9244100000000086,0.1946100000000008,-0.570281111111092,0.9241111111111204,0.1939500000000012,0.9224755555555652,0.0343016925925924,0.000139887037037,,0.3929183606813186,0.4,49667
0.52,ascending,1.0,0.15,20,30,<23>par,2,1.0,-2.146415083333333,0.2703212499999999,0.923816666666677,0.1947277777777786,-0.5694733333333154,0.9237444444444532,0.1939622222222229,0.9217944444444556,0.0344919370370369,0.0001475296296296,,0.3924962058754754,0.4,49427
0.52,ascending,1.0,0.15,20,30,<23>par,2,1.01,-2.149819875,0.2739641914191419,0.9217022222222332,0.1942177777777785,-0.5686777777777607,0.9216788888889008,0.1936233333333337,0.9197355555555692,0.0342745648148147,0.0001465833333333,,0.3918675164645964,0.4,49217
0.52,ascending,1.0,0.15,20,30,<23>par,2,1.02,-2.150564249999999,0.2761347222222222,0.9203544444444552,0.1944100000000015,-0.5674077777777579,0.92028666666668,0.1936688888888902,0.9181066666666802,0.034419385185185,0.0001480685185185,,0.3911350362080701,0.4,49337
0.52,ascending,1.0,0.15,20,30,<23>par,2,1.1,-2.174495583333333,0.2983797727272727,0.9063811111111272,0.1935466666666668,-0.5622066666666452,0.9067422222222394,0.1926177777777779,0.9037511111111296,0.0332926962962961,0.0001774814814814,,0.3863747467724211,0.4,50479
0.52,ascending,1.0,0.15,20,30,<23>par,2,1.2,-2.206263333333333,0.3280039583333333,0.8909888888889048,0.1927555555555557,-0.5565577777777546,0.8910911111111266,0.1913388888888881,0.8871988888889009,0.0317484555555555,0.0002162,,0.3809353204759333,0.4,51442
0.52,ascending,1.0,0.15,20,30,<23>par,3,0.05,-2.01222425,0.0138449999999999,0.9996899999999916,0.1999911111111109,-0.5998811111110811,0.9996899999999916,0.1999911111111109,0.9996899999999916,0.0399825166666691,5.16666666666709e-07,,0.4187843828869326,0.4,40416
0.52,ascending,1.0,0.15,20,30,<23>par,3,0.1,-2.0131614583333324,0.0256866666666666,0.9992377777777642,0.1999366666666665,-0.5996699999999701,0.9992377777777642,0.1999366666666665,0.9992377777777642,0.0399554703703727,1.2629629629629671e-06,,0.4186196736670656,0.4,41264
0.52,ascending,1.0,0.15,20,30,<23>par,3,0.2,-2.015480875,0.0527466666666666,0.9971322222221912,0.1998155555555554,-0.5989066666666374,0.9971077777777468,0.1998177777777776,0.9971088888888578,0.03978869814815,4.7296296296297065e-06,,0.4179369716034186,0.4,41914
0.52,ascending,1.0,0.15,20,30,<23>par,3,0.3,-2.023375208333333,0.0794477777777777,0.9930744444444162,0.1995088888888889,-0.597227777777749,0.9931022222221938,0.1995144444444445,0.9930511111110828,0.0395324666666679,1.1677777777777964e-05,,0.4165480521698423,0.4,42955
0.52,ascending,1.0,0.15,20,30,<23>par,3,0.4,-2.0338746666666663,0.1058902083333333,0.9884888888888628,0.1992333333333334,-0.5954422222221939,0.9884899999999736,0.1991977777777779,0.9884722222221962,0.039220735185186,1.895740740740748e-05,,0.4150257082350959,0.4,43499
0.52,ascending,1.0,0.15,20,30,<23>par,3,0.5,-2.046093833333333,0.1342759999999999,0.9803033333333117,0.1986288888888893,-0.5919855555555277,0.9801855555555358,0.1985511111111116,0.9801611111110912,0.0387204944444447,3.289814814814819e-05,,0.4121699273458705,0.4,44330
0.52,ascending,1.0,0.15,20,30,<23>par,3,0.6,-2.0600438333333324,0.1603754166666666,0.9726455555555432,0.1981055555555563,-0.5888733333333072,0.9727488888888784,0.1980300000000007,0.9724166666666562,0.0382005666666666,4.727407407407444e-05,,0.4095426104186404,0.4,45483
0.52,ascending,1.0,0.15,20,30,<23>par,3,0.7,-2.0767345416666663,0.1873763095238095,0.9636788888888816,0.1972977777777787,-0.5849077777777542,0.9634666666666613,0.1971744444444454,0.9631955555555493,0.0376586962962961,6.243888888888925e-05,,0.4063247543141767,0.4,46375
0.52,ascending,1.0,0.15,20,30,<23>par,3,0.8,-2.098624124999999,0.2149716666666666,0.9514588888888884,0.1965266666666675,-0.5809255555555347,0.9510455555555548,0.1963033333333341,0.9504877777777768,0.036421235185185,9.03388888888902e-05,,0.4023319841145098,0.4,47110
0.52,ascending,1.0,0.15,20,30,<23>par,3,0.86,-2.110990708333332,0.2320900193798449,0.9424100000000049,0.1959911111111122,-0.5772677777777588,0.9425800000000052,0.1956811111111123,0.941307777777782,0.0358288259259258,0.0001018685185185,,0.3992786892790141,0.4,48103
0.52,ascending,1.0,0.15,20,30,<23>par,3,0.87,-2.1131429166666664,0.2347295977011494,0.9420555555555614,0.195952222222223,-0.5768655555555365,0.9418588888888936,0.195662222222223,0.9408777777777818,0.0358721129629627,0.0001031574074074,,0.3990266311195063,0.4,47995
0.52,ascending,1.0,0.15,20,30,<23>par,3,0.88,-2.115313541666666,0.2379579545454545,0.9410844444444494,0.1959511111111121,-0.5769455555555365,0.9412922222222272,0.1955833333333342,0.940112222222228,0.0357078574074072,0.0001038981481481,,0.3988826040948089,0.4,48011
0.52,ascending,1.0,0.15,20,30,<23>par,3,0.89,-2.118210875,0.2393994382022471,0.939403333333338,0.1956044444444459,-0.5764099999999819,0.9389100000000056,0.1953300000000013,0.9379722222222284,0.0354148499999997,0.0001043018518518,,0.3982773641358471,0.4,48107
0.52,ascending,1.0,0.15,20,30,<23>par,3,0.9,-2.120521208333333,0.2420452777777777,0.9385911111111148,0.1956477777777791,-0.5743888888888701,0.938814444444446,0.1950755555555569,0.9374388888888912,0.0359513129629628,0.0001070722222222,,0.3974809294746988,0.4,48418
0.52,ascending,1.0,0.15,20,30,<23>par,3,0.91,-2.1229609166666665,0.2447201465201464,0.9351800000000048,0.1954344444444455,-0.5744622222222043,0.9353166666666682,0.194793333333334,0.9338277777777813,0.0352007907407405,0.000125174074074,,0.3967363280723217,0.4,48617
0.52,ascending,1.0,0.15,20,30,<23>par,3,0.92,-2.127132458333333,0.248305706521739,0.9351711111111156,0.1954322222222233,-0.5730566666666489,0.934961111111115,0.1951233333333343,0.9338877777777824,0.0358253759259258,0.0001150685185185,,0.3962892193001641,0.4,48669
0.52,ascending,1.0,0.15,20,30,<23>par,3,0.93,-2.1279233333333334,0.2521072580645161,0.9323622222222284,0.1954366666666678,-0.5728311111110912,0.9324833333333392,0.1950866666666675,0.930531111111118,0.0353048685185184,0.0001160685185185,,0.3955528675416588,0.4,48735
0.52,ascending,1.0,0.15,20,30,<23>par,3,0.9351,-2.1304102916666663,0.2532238976223576,0.9353488888888968,0.1952422222222231,-0.5727099999999812,0.935214444444452,0.1949011111111119,0.9337011111111182,0.0358585944444443,0.0001153555555555,,0.3961967784406657,0.4,48501
0.52,ascending,1.0,0.15,20,30,<23>par,3,0.94,-2.1311435,0.2538794326241134,0.9317111111111184,0.1952188888888894,-0.5716522222222037,0.9317511111111164,0.1947644444444451,0.929834444444452,0.0354321111111109,0.0001213629629629,,0.395034746875044,0.4,48853
0.52,ascending,1.0,0.15,20,30,<23>par,3,0.95,-2.132247958333333,0.2560578070175438,0.9309388888888968,0.1951844444444456,-0.5722955555555373,0.9307066666666745,0.1945355555555568,0.9294722222222296,0.0349892555555553,0.0001311018518518,,0.3951448822841396,0.4,49067
0.52,ascending,1.0,0.15,20,30,<23>par,3,0.96,-2.134673249999999,0.2583024305555555,0.93180333333334,0.1948633333333345,-0.5724144444444249,0.9316366666666748,0.1943666666666678,0.9302488888888968,0.035129835185185,0.0001182222222222,,0.3952375720524358,0.4,49059
0.52,ascending,1.0,0.15,20,30,<23>par,3,0.97,-2.137817375,0.2624121134020618,0.9262688888888956,0.1948755555555562,-0.5707622222222046,0.9260633333333418,0.1942200000000004,0.9242133333333414,0.0345281203703701,0.0001440574074074,,0.3934727397123215,0.4,48755
0.52,ascending,1.0,0.15,20,30,<23>par,3,0.98,-2.138838624999999,0.2654981292517006,0.9247322222222324,0.1946888888888897,-0.5697499999999814,0.9248477777777864,0.1941488888888894,0.9225400000000116,0.0345592388888886,0.0001394351851851,,0.3928722378155045,0.4,49243
0.52,ascending,1.0,0.15,20,30,<23>par,3,0.99,-2.1440557499999997,0.2672412457912457,0.9246133333333424,0.1944033333333341,-0.5695099999999833,0.9252622222222324,0.1937355555555564,0.922913333333345,0.0345847925925925,0.0001396907407407,,0.3927833362986415,0.4,49545
0.52,ascending,1.0,0.15,20,30,<23>par,3,1.0,-2.145380625,0.2706382499999999,0.9220377777777884,0.1946411111111117,-0.5694299999999812,0.9224233333333424,0.1939577777777786,0.9196933333333452,0.0340214388888887,0.0001507018518518,,0.392032325250397,0.4,49525
0.52,ascending,1.0,0.15,20,30,<23>par,3,1.01,-2.149707583333332,0.273504207920792,0.9223344444444544,0.194836666666668,-0.5690633333333144,0.922527777777787,0.1940400000000013,0.9206166666666784,0.0344117092592591,0.0001428962962962,,0.3921675565893804,0.4,49277
0.52,ascending,1.0,0.15,20,30,<23>par,3,1.02,-2.1521924583333325,0.2764360294117646,0.9189277777777908,0.1944322222222228,-0.5676633333333134,0.918873333333345,0.1935877777777782,0.9163922222222352,0.0340585888888887,0.0001521833333333,,0.3908297335900048,0.4,49817
0.52,ascending,1.0,0.15,20,30,<23>par,3,1.1,-2.174251875,0.2984129545454546,0.9041044444444613,0.1936466666666675,-0.56214999999998,0.904515555555574,0.1927366666666669,0.9013733333333512,0.032871711111111,0.0001736796296296,,0.3858913474865527,0.4,50737
0.52,ascending,1.0,0.15,20,30,<23>par,3,1.2,-2.20637925,0.3275914583333333,0.884755555555567,0.1923177777777778,-0.5551522222221986,0.8853377777777861,0.1907444444444451,0.8802844444444476,0.031039611111111,0.0002214814814814,,0.3789966638196212,0.4,51659
0.52,ascending,1.0,0.15,20,30,<23>par,4,0.05,-2.0123476666666664,0.0129333333333333,0.9997999999999958,0.1999911111111109,-0.5998988888888589,0.9997999999999958,0.1999911111111109,0.9997999999999958,0.0399972333333358,3.2777777777774456e-07,,0.4188119559968592,0.4,40703
0.52,ascending,1.0,0.15,20,30,<23>par,4,0.1,-2.0139354166666656,0.0263033333333333,0.9993599999999896,0.1999511111111109,-0.5997111111110812,0.9993599999999896,0.1999511111111109,0.9993599999999896,0.0399690888888912,1.0722222222221958e-06,,0.418658979163111,0.4,41331
0.52,ascending,1.0,0.15,20,30,<23>par,4,0.2,-2.017302458333333,0.0535916666666666,0.9969555555555298,0.1997488888888888,-0.5988511111110818,0.9969599999999742,0.1997488888888888,0.9969633333333072,0.0397553074074094,4.912962962962966e-06,,0.4178790822984169,0.4,41570
0.52,ascending,1.0,0.15,20,30,<23>par,4,0.3,-2.025529375,0.0796444444444444,0.9925755555555276,0.1995822222222222,-0.5970066666666373,0.9927366666666384,0.1995888888888888,0.992602222222194,0.0395621722222236,1.3681481481481694e-05,,0.4163858994308509,0.4,42958
0.52,ascending,1.0,0.15,20,30,<23>par,4,0.4,-2.03250525,0.1059762499999999,0.98830555555553,0.1991433333333335,-0.595282222222194,0.9883366666666412,0.199127777777778,0.98831555555553,0.0392135907407413,2.0235185185185425e-05,,0.4149354756965799,0.4,43524
0.52,ascending,1.0,0.15,20,30,<23>par,4,0.5,-2.044583583333333,0.1332021666666666,0.98067666666665,0.1986488888888893,-0.5922699999999714,0.9807688888888728,0.1986066666666671,0.9805411111110952,0.0386710703703705,3.290185185185217e-05,,0.4123562979498238,0.4,44572
0.52,ascending,1.0,0.15,20,30,<23>par,4,0.6,-2.059185208333333,0.1602505555555555,0.9730622222222104,0.1981088888888894,-0.5889599999999737,0.9730844444444317,0.1981077777777782,0.972914444444432,0.0382805407407408,4.752037037037068e-05,,0.409688162693193,0.4,45050
0.52,ascending,1.0,0.15,20,30,<23>par,4,0.7,-2.0797987083333327,0.1877625,0.961774444444438,0.1974288888888898,-0.5848022222221987,0.9617188888888832,0.1972666666666675,0.9612066666666628,0.0373346759259258,6.710000000000059e-05,,0.4058794439844603,0.4,46751
0.52,ascending,1.0,0.15,20,30,<23>par,4,0.8,-2.096511333333333,0.2151524999999999,0.952766666666666,0.1966377777777788,-0.5809822222222008,0.9525766666666644,0.1965744444444455,0.9523188888888876,0.0367291759259257,8.280740740740799e-05,,0.4027711302197649,0.4,47363
0.52,ascending,1.0,0.15,20,30,<23>par,4,0.86,-2.1092357499999994,0.2321494186046511,0.9435688888888916,0.1960411111111122,-0.5775955555555359,0.9432700000000032,0.1957377777777788,0.9424455555555588,0.0359719907407406,0.0001054796296296,,0.3995874073816047,0.4,48126
0.52,ascending,1.0,0.15,20,30,<23>par,4,0.87,-2.1126487916666665,0.2336455938697317,0.9415611111111136,0.1961233333333344,-0.5772222222222023,0.94137666666667,0.1956366666666678,0.9401866666666712,0.0356529759259257,0.0001015814814814,,0.398950426989333,0.4,48089
0.52,ascending,1.0,0.15,20,30,<23>par,4,0.88,-2.11434375,0.2368362689393938,0.9423311111111148,0.1958444444444458,-0.5771622222222034,0.9428100000000038,0.1954377777777791,0.9412900000000034,0.0358049907407405,0.0001012629629629,,0.3991794488777611,0.4,47904
0.52,ascending,1.0,0.15,20,30,<23>par,4,0.89,-2.118429708333333,0.2403987827715355,0.93788555555556,0.1957955555555566,-0.5756644444444257,0.9383511111111152,0.1953344444444455,0.9368355555555616,0.035457048148148,0.0001116222222222,,0.3977696771621073,0.4,48127
0.52,ascending,1.0,0.15,20,30,<23>par,4,0.9,-2.1205946249999994,0.2421299074074074,0.9377288888888932,0.1954911111111119,-0.575157777777759,0.9380211111111172,0.1951511111111119,0.93641444444445,0.0354736129629628,0.0001098166666666,,0.3975608089000134,0.4,48372
0.52,ascending,1.0,0.15,20,30,<23>par,4,0.91,-2.123063416666666,0.2455250915750915,0.938176666666672,0.1955722222222231,-0.5743922222222032,0.9381077777777838,0.1951488888888895,0.9368911111111168,0.0359189833333332,0.0001167722222222,,0.3973949440522831,0.4,48400
0.52,ascending,1.0,0.15,20,30,<23>par,4,0.92,-2.1251459583333334,0.2491582427536231,0.9339977777777873,0.1953311111111121,-0.5741277777777588,0.9342077777777876,0.1948566666666676,0.9323311111111224,0.0350019685185184,0.0001204851851851,,0.3962992335261295,0.4,48778
0.52,ascending,1.0,0.15,20,30,<23>par,4,0.93,-2.1269771666666664,0.2509655017921147,0.9326933333333428,0.1953555555555568,-0.5720833333333156,0.9323422222222302,0.1948111111111122,0.9312011111111212,0.0356061962962962,0.0001199685185185,,0.3954761322801428,0.4,48338
0.52,ascending,1.0,0.15,20,30,<23>par,4,0.9351,-2.129333583333333,0.2520692082843189,0.9336244444444488,0.1952211111111124,-0.5737133333333154,0.9335533333333388,0.1947455555555566,0.9320344444444504,0.0351268296296294,0.0001203407407407,,0.396121159301996,0.4,48623
0.52,ascending,1.0,0.15,20,30,<23>par,4,0.94,-2.1307316249999992,0.2535100177304965,0.9334311111111172,0.1952900000000011,-0.573071111111093,0.9331877777777864,0.1948355555555569,0.9315166666666752,0.035283672222222,0.0001300407407407,,0.3957912233504631,0.4,48555
0.52,ascending,1.0,0.15,20,30,<23>par,4,0.95,-2.1329944583333336,0.2563966666666666,0.9310377777777854,0.1953666666666678,-0.5721199999999816,0.9310777777777848,0.19474888888889,0.9297077777777862,0.0352534666666665,0.0001202648148148,,0.3951636099715773,0.4,48735
0.52,ascending,1.0,0.15,20,30,<23>par,4,0.96,-2.136635833333332,0.2586537326388888,0.9268522222222312,0.1949477777777787,-0.5716077777777578,0.9269144444444524,0.1944244444444453,0.924805555555564,0.0344255388888887,0.000132287037037,,0.3939006386315129,0.4,48897
0.52,ascending,1.0,0.15,20,30,<23>par,4,0.97,-2.1374069583333326,0.2622158934707904,0.9279622222222316,0.1951077777777786,-0.5709011111110938,0.92754000000001,0.1945855555555559,0.9256877777777884,0.0349354407407406,0.000130224074074,,0.39396427166405,0.4,48823
0.52,ascending,1.0,0.15,20,30,<23>par,4,0.98,-2.1404425833333334,0.2650354591836735,0.9235577777777876,0.1946333333333344,-0.5690222222222033,0.9235688888888988,0.1940000000000005,0.9213777777777886,0.0345532518518516,0.0001417888888888,,0.3923239307884248,0.4,49196
0.52,ascending,1.0,0.15,20,30,<23>par,4,0.99,-2.142470375,0.2667892255892256,0.9260611111111182,0.1947922222222235,-0.5698199999999815,0.9262888888888968,0.1941033333333346,0.9244277777777884,0.0348252296296295,0.0001360018518518,,0.3932724498893597,0.4,48953
0.52,ascending,1.0,0.15,20,30,<23>par,4,1.0,-2.1466468333333326,0.271113,0.9231266666666754,0.1946700000000007,-0.5692555555555369,0.922742222222232,0.1941977777777783,0.921062222222234,0.0344740888888888,0.0001400703703703,,0.3923725110373609,0.4,49802
0.52,ascending,1.0,0.15,20,30,<23>par,4,1.01,-2.147580624999999,0.2732231848184818,0.9219111111111178,0.1941266666666678,-0.5684344444444273,0.921954444444452,0.193461111111112,0.9202544444444524,0.0343704425925924,0.0001414388888888,,0.3918670432105889,0.4,49880
0.52,ascending,1.0,0.15,20,30,<23>par,4,1.02,-2.151762,0.2759102124183006,0.9210377777777872,0.1941266666666676,-0.5675366666666475,0.9206711111111232,0.1934833333333335,0.918617777777792,0.0344741592592591,0.0001471,,0.3912072634590338,0.4,49276
0.52,ascending,1.0,0.15,20,30,<23>par,4,1.1,-2.175192833333333,0.2986209090909091,0.9060566666666848,0.1934922222222236,-0.5632311111110905,0.90627222222224,0.1924977777777791,0.9028055555555752,0.0327267537037035,0.0001720685185185,,0.3865195715550087,0.4,50120
0.52,ascending,1.0,0.15,20,30,<23>par,4,1.2,-2.206888333333333,0.3277330555555555,0.8861544444444531,0.1922066666666665,-0.5547822222222002,0.8861688888888997,0.1908944444444437,0.8819255555555621,0.0313994592592591,0.00022675,,0.3792574848137835,0.4,51263
0.52,ascending,1.0,0.15,20,30,<23>par,5,0.05,-2.012425208333333,0.0133733333333333,0.9998588888888869,0.1999888888888887,-0.5999388888888588,0.9998588888888869,0.1999888888888887,0.9998588888888869,0.0399920129629655,2.3518518518518055e-07,,0.4188363017831046,0.4,40585
0.52,ascending,1.0,0.15,20,30,<23>par,5,0.1,-2.0148566666666663,0.0263933333333333,0.9993388888888788,0.1999555555555554,-0.5997155555555257,0.9993377777777674,0.1999555555555554,0.9993377777777674,0.0399646962962987,1.1074074074074104e-06,,0.4186565649272381,0.4,40683
0.52,ascending,1.0,0.15,20,30,<23>par,5,0.2,-2.017276583333333,0.0538912499999999,0.996703333333307,0.199781111111111,-0.5988288888888597,0.9967099999999736,0.1997799999999999,0.9967222222221956,0.0397260574074092,5.712962962962962e-06,,0.4178254064784079,0.4,42162
0.52,ascending,1.0,0.15,20,30,<23>par,5,0.3,-2.0246860833333327,0.0797430555555555,0.9931277777777486,0.1995855555555555,-0.5972211111110819,0.9931344444444152,0.1995822222222222,0.9931266666666374,0.0395821166666679,1.1305555555555658e-05,,0.416567695335822,0.4,42750
0.52,ascending,1.0,0.15,20,30,<23>par,5,0.4,-2.032774999999999,0.1077493749999999,0.987118888888866,0.1990900000000003,-0.595016666666637,0.9871499999999774,0.199077777777778,0.9870999999999776,0.0390791388888894,2.2620370370370576e-05,,0.4145920964123109,0.4,43441
0.52,ascending,1.0,0.15,20,30,<23>par,5,0.5,-2.0451446249999994,0.1340533333333333,0.9807277777777612,0.1985866666666671,-0.59233888888886,0.9806511111110936,0.1985511111111115,0.9806411111110932,0.0386449074074075,3.329629629629664e-05,,0.4123921391534481,0.4,44417
0.52,ascending,1.0,0.15,20,30,<23>par,5,0.6,-2.0604567083333327,0.1607223611111111,0.9728233333333202,0.1980922222222229,-0.5894466666666398,0.9727644444444324,0.1980044444444451,0.9726144444444328,0.0380323185185185,4.990185185185252e-05,,0.4097524830396259,0.4,45354
0.52,ascending,1.0,0.15,20,30,<23>par,5,0.7,-2.076692541666666,0.1872855952380952,0.963705555555548,0.1974022222222231,-0.585777777777753,0.9638988888888816,0.1972033333333342,0.9632688888888828,0.0373473166666664,6.081111111111124e-05,,0.4066053771378682,0.4,46110
0.52,ascending,1.0,0.15,20,30,<23>par,5,0.8,-2.097383916666666,0.2155377083333332,0.95139111111111,0.1964755555555566,-0.580035555555535,0.9512822222222208,0.1962244444444456,0.9506955555555546,0.0367698962962961,8.762592592592647e-05,,0.4020970896106374,0.4,47210
0.52,ascending,1.0,0.15,20,30,<23>par,5,0.86,-2.1100664583333324,0.2317355620155038,0.9441422222222244,0.1959600000000007,-0.577537777777758,0.944248888888894,0.1956833333333343,0.9430788888888932,0.0360654777777776,0.000101837037037,,0.399701499302914,0.4,47618
0.52,ascending,1.0,0.15,20,30,<23>par,5,0.87,-2.1133741249999987,0.2340536398467433,0.9449511111111134,0.1959100000000011,-0.5776666666666475,0.9445233333333364,0.1954888888888901,0.9438133333333366,0.0361176796296295,9.744444444444488e-05,,0.3999142746995364,0.4,47879
0.52,ascending,1.0,0.15,20,30,<23>par,5,0.88,-2.1147319583333326,0.2378089962121211,0.9397311111111144,0.1955833333333345,-0.5755322222222039,0.9401411111111138,0.1951811111111121,0.9384455555555606,0.0358573351851849,0.0001125722222222,,0.3979924227747518,0.4,48234
0.52,ascending,1.0,0.15,20,30,<23>par,5,0.89,-2.118036833333333,0.2400963483146067,0.9407788888888932,0.1956777777777785,-0.5760066666666481,0.9410122222222242,0.1952355555555563,0.9395522222222268,0.0357918759259257,0.0001037425925925,,0.3984888703072642,0.4,48369
0.52,ascending,1.0,0.15,20,30,<23>par,5,0.9,-2.1203960833333326,0.241717037037037,0.9387488888888952,0.1955788888888895,-0.5742844444444257,0.938401111111118,0.1951555555555562,0.9375988888888956,0.0360545499999999,0.0001158055555555,,0.3974316478079926,0.4,48419
0.52,ascending,1.0,0.15,20,30,<23>par,5,0.91,-2.123486,0.2452614468864468,0.9372044444444532,0.1950933333333347,-0.5747433333333151,0.9371222222222292,0.1947488888888901,0.9358200000000064,0.0353829407407406,0.000118674074074,,0.3972392075422308,0.4,48533
0.52,ascending,1.0,0.15,20,30,<23>par,5,0.92,-2.12685075,0.2480583333333333,0.9350766666666722,0.1954255555555569,-0.5744511111110924,0.9353222222222288,0.1950222222222236,0.933806666666675,0.0351808888888887,0.0001126518518518,,0.3967754177475447,0.4,48394
0.52,ascending,1.0,0.15,20,30,<23>par,5,0.93,-2.1265571666666663,0.2505578853046595,0.9341355555555612,0.1952833333333342,-0.5730711111110928,0.9342222222222282,0.1948433333333343,0.9326833333333394,0.035473485185185,0.0001183666666666,,0.3960663346644489,0.4,48468
0.52,ascending,1.0,0.15,20,30,<23>par,5,0.9351,-2.128892541666666,0.2516308416212169,0.9329011111111176,0.1953944444444456,-0.5733111111110928,0.9331677777777824,0.1948777777777787,0.9314355555555606,0.0352316944444442,0.0001179018518518,,0.3958859700617385,0.4,48619
0.52,ascending,1.0,0.15,20,30,<23>par,5,0.94,-2.129518083333333,0.2529232269503546,0.9326233333333422,0.1951655555555567,-0.5731088888888708,0.9328822222222264,0.1946255555555566,0.9309666666666756,0.0350171518518516,0.000127637037037,,0.3956625805536669,0.4,48414
0.52,ascending,1.0,0.15,20,30,<23>par,5,0.95,-2.1323292916666667,0.2563145614035088,0.9317022222222286,0.1950011111111121,-0.5723766666666481,0.93176444444445,0.1944688888888901,0.9303122222222282,0.0351729962962961,0.0001270814814814,,0.3952993003316294,0.4,49080
0.52,ascending,1.0,0.15,20,30,<23>par,5,0.96,-2.1336723749999997,0.2588551215277778,0.9287988888888968,0.1949244444444453,-0.5717399999999828,0.9296866666666722,0.1944477777777784,0.9274677777777872,0.0348553111111109,0.000129424074074,,0.394527142484455,0.4,49092
0.52,ascending,1.0,0.15,20,30,<23>par,5,0.97,-2.137889874999999,0.2627851374570447,0.924906666666677,0.1945555555555566,-0.5705466666666474,0.9251155555555656,0.1940744444444455,0.9231366666666768,0.0342979814814813,0.000133324074074,,0.3932718607162048,0.4,48968
0.52,ascending,1.0,0.15,20,30,<23>par,5,0.98,-2.140198958333333,0.2645553571428571,0.927705555555563,0.1946433333333334,-0.5707533333333161,0.9280466666666748,0.1941033333333331,0.9258388888888972,0.0348022185185183,0.0001335074074074,,0.3938343417695835,0.4,49177
0.52,ascending,1.0,0.15,20,30,<23>par,5,0.99,-2.1427385833333323,0.2673911616161615,0.9257488888888966,0.1945066666666677,-0.5696533333333146,0.925737777777786,0.1938855555555562,0.9239522222222316,0.0348016518518516,0.0001396037037037,,0.3930721911136847,0.4,49122
0.52,ascending,1.0,0.15,20,30,<23>par,5,1.0,-2.147314666666666,0.2699988333333333,0.9224244444444528,0.1944733333333343,-0.5679733333333161,0.922877777777788,0.1937444444444449,0.9203755555555652,0.034682748148148,0.0001410111111111,,0.3918225985343912,0.4,49362
0.52,ascending,1.0,0.15,20,30,<23>par,5,1.01,-2.1483893749999994,0.2726863861386138,0.921720000000012,0.194622222222223,-0.5686566666666474,0.9213977777777888,0.1937688888888898,0.9196044444444552,0.0341868518518516,0.0001461166666666,,0.3918210977009763,0.4,49470
0.52,ascending,1.0,0.15,20,30,<23>par,5,1.02,-2.150182916666666,0.2759169934640523,0.9188877777777884,0.1942455555555567,-0.5680222222222019,0.9184633333333456,0.1933722222222229,0.9164877777777918,0.0337453944444442,0.0001466481481481,,0.3909768660426486,0.4,49760
0.52,ascending,1.0,0.15,20,30,<23>par,5,1.1,-2.1753590416666664,0.2991309848484848,0.906510000000015,0.1934800000000007,-0.5626211111110919,0.9062066666666836,0.1924488888888895,0.9036977777777944,0.0329863259259258,0.0001690759259259,,0.3864869855937582,0.4,50499
0.52,ascending,1.0,0.15,20,30,<23>par,5,1.2,-2.2058522083333325,0.3287968055555555,0.8852833333333401,0.1922177777777783,-0.5549566666666439,0.8850122222222306,0.190773333333333,0.8808122222222221,0.0310578092592592,0.0002192722222222,,0.3790411091296802,0.4,52001
0.52,ascending,1.0,0.15,20,30,<23>par,6,0.05,-2.0113912083333334,0.0132483333333333,0.999862222222221,0.1999911111111109,-0.5999611111110811,0.999862222222221,0.1999911111111109,0.999862222222221,0.0399846777777802,2.2592592592592237e-07,,0.4188444325418646,0.4,40974
0.52,ascending,1.0,0.15,20,30,<23>par,6,0.1,-2.014080291666666,0.0259583333333333,0.9993811111111004,0.1999411111111109,-0.5997144444444146,0.9993811111111004,0.1999411111111109,0.9993811111111004,0.0399678981481506,9.999999999999991e-07,,0.4186630431961374,0.4,40940
0.52,ascending,1.0,0.15,20,30,<23>par,6,0.2,-2.015953208333333,0.0533124999999999,0.9967688888888596,0.1997199999999999,-0.5987744444444152,0.9967711111110816,0.1997277777777777,0.9967711111110816,0.0397385555555574,5.248148148148188e-06,,0.4178126837568442,0.4,41892
0.52,ascending,1.0,0.15,20,30,<23>par,6,0.3,-2.0231429166666666,0.0796941666666666,0.9932922222221936,0.1994888888888889,-0.5970855555555261,0.9932944444444158,0.1994944444444445,0.993264444444416,0.0396294870370383,1.0688888888888734e-05,,0.4165465341084997,0.4,42732
0.52,ascending,1.0,0.15,20,30,<23>par,6,0.4,-2.033760541666666,0.1063291666666666,0.9880266666666412,0.1991200000000001,-0.5950699999999712,0.988057777777752,0.1991033333333335,0.9880088888888632,0.0392296222222229,2.035000000000037e-05,,0.4148010564547926,0.4,44011
0.52,ascending,1.0,0.15,20,30,<23>par,6,0.5,-2.045541,0.1323586666666666,0.9814144444444244,0.1984933333333338,-0.592142222222194,0.9813877777777574,0.1984800000000004,0.9812166666666468,0.0388062796296298,3.145370370370394e-05,,0.4124284926160162,0.4,44353
0.52,ascending,1.0,0.15,20,30,<23>par,6,0.6,-2.060498416666666,0.1610520833333333,0.972336666666654,0.1980966666666673,-0.5890544444444176,0.9726966666666534,0.1980100000000007,0.9720944444444318,0.0380743351851851,5.01500000000003e-05,,0.4095390020194412,0.4,45566
0.52,ascending,1.0,0.15,20,30,<23>par,6,0.7,-2.076223124999999,0.1880279761904762,0.9623422222222144,0.1973655555555564,-0.5846844444444208,0.9622499999999952,0.1972066666666676,0.9619833333333276,0.0374721981481481,6.59333333333335e-05,,0.4059950437744293,0.4,46255
0.52,ascending,1.0,0.15,20,30,<23>par,6,0.8,-2.097050916666665,0.2140628124999999,0.9508411111111096,0.1964244444444452,-0.5807422222222008,0.9510077777777766,0.1962100000000006,0.9500555555555554,0.036361772222222,9.145000000000033e-05,,0.4021993515714027,0.4,47492
0.52,ascending,1.0,0.15,20,30,<23>par,6,0.86,-2.1111229166666656,0.2313529069767441,0.9448800000000056,0.1960166666666678,-0.5783022222222022,0.9445777777777822,0.1957333333333346,0.9438155555555616,0.0358964296296295,9.571111111111208e-05,,0.4001350266134563,0.4,47911
0.52,ascending,1.0,0.15,20,30,<23>par,6,0.87,-2.1150877916666664,0.2338397509578544,0.9423155555555598,0.1959722222222233,-0.5768222222222027,0.9419977777777804,0.1954733333333344,0.9409533333333366,0.0359269888888887,0.000103624074074,,0.399031662891704,0.4,47847
0.52,ascending,1.0,0.15,20,30,<23>par,6,0.88,-2.1147062916666663,0.2371366477272727,0.9417388888888952,0.1958333333333341,-0.5762388888888696,0.9419455555555604,0.1955300000000012,0.9405566666666726,0.0359511870370369,0.0001085944444444,,0.3987255863789519,0.4,48216
0.52,ascending,1.0,0.15,20,30,<23>par,6,0.89,-2.117885708333333,0.2390934456928838,0.9397577777777814,0.1959155555555565,-0.5758222222222033,0.9396300000000074,0.1954666666666676,0.9385133333333416,0.0358621648148146,0.0001093166666666,,0.3982238723936319,0.4,47908
0.52,ascending,1.0,0.15,20,30,<23>par,6,0.9,-2.1207335833333323,0.2436529629629629,0.935513333333338,0.1955666666666676,-0.5746022222222045,0.9354955555555596,0.1950700000000009,0.9339877777777816,0.0352463666666664,0.000110987037037,,0.3968175220879772,0.4,48472
0.52,ascending,1.0,0.15,20,30,<23>par,6,0.91,-2.1238958333333327,0.2460768315018314,0.9378455555555608,0.1956788888888901,-0.5745655555555377,0.9380344444444496,0.1952877777777788,0.9365155555555622,0.0358924092592591,0.0001138185185185,,0.3972895986802724,0.4,48307
0.52,ascending,1.0,0.15,20,30,<23>par,6,0.92,-2.124829374999999,0.2480817028985507,0.9371511111111172,0.1955577777777784,-0.5746444444444266,0.9371277777777824,0.1950277777777785,0.9359177777777832,0.0356504388888887,0.0001114351851851,,0.3972462857229374,0.4,48321
0.52,ascending,1.0,0.15,20,30,<23>par,6,0.93,-2.1270165833333325,0.2510529569892473,0.932972222222228,0.1955544444444457,-0.5739966666666475,0.9331711111111172,0.195245555555557,0.9316177777777856,0.0350951037037035,0.0001176592592592,,0.3961538465478373,0.4,48734
0.52,ascending,1.0,0.15,20,30,<23>par,6,0.9351,-2.1284929583333323,0.251951217338609,0.9325522222222276,0.1954111111111123,-0.5727588888888703,0.9322288888888952,0.1948622222222232,0.9307866666666738,0.0352006666666665,0.0001260259259259,,0.3956021469666876,0.4,48996
0.52,ascending,1.0,0.15,20,30,<23>par,6,0.94,-2.1280120416666666,0.2540420212765957,0.931120000000009,0.1948200000000003,-0.5729088888888709,0.9308066666666756,0.1943566666666671,0.9293600000000092,0.034724485185185,0.0001195981481481,,0.3952294892239026,0.4,48849
0.52,ascending,1.0,0.15,20,30,<23>par,6,0.95,-2.132684999999999,0.2569695614035088,0.929474444444454,0.1950744444444449,-0.5726733333333152,0.9293866666666744,0.1945066666666672,0.92787222222223,0.0346149777777775,0.0001244259259259,,0.3948428776064641,0.4,49236
0.52,ascending,1.0,0.15,20,30,<23>par,6,0.96,-2.134224124999999,0.2595163194444444,0.9291977777777846,0.1953655555555566,-0.5728177777777586,0.9283444444444516,0.1948933333333342,0.9270277777777868,0.0344731185185182,0.0001319,,0.394793674771667,0.4,49021
0.52,ascending,1.0,0.15,20,30,<23>par,6,0.97,-2.1373955,0.2621362542955326,0.9281555555555636,0.1949944444444455,-0.5713055555555362,0.9283733333333392,0.1945577777777789,0.9267366666666736,0.0348779518518517,0.000139024074074,,0.3942261466211441,0.4,48915
0.52,ascending,1.0,0.15,20,30,<23>par,6,0.98,-2.141413916666666,0.265104931972789,0.9284988888888956,0.194776666666668,-0.5707511111110923,0.9281033333333424,0.1942177777777791,0.9267800000000092,0.0350031277777777,0.0001290462962962,,0.3940190755645452,0.4,48911
0.52,ascending,1.0,0.15,20,30,<23>par,6,0.99,-2.1430224583333324,0.2679278619528619,0.9221733333333442,0.194662222222223,-0.5689388888888711,0.9223055555555664,0.1938555555555565,0.920156666666678,0.034367261111111,0.0001437185185185,,0.3920685364544597,0.4,49263
0.52,ascending,1.0,0.15,20,30,<23>par,6,1.0,-2.1445233749999995,0.2704556666666666,0.9233255555555648,0.1947277777777789,-0.5691377777777588,0.9233133333333424,0.1942133333333345,0.9210588888888992,0.0345609888888886,0.0001487407407407,,0.3923277752392919,0.4,48996
0.52,ascending,1.0,0.15,20,30,<23>par,6,1.01,-2.148716833333333,0.2737724422442243,0.9201800000000128,0.1943244444444452,-0.5678099999999818,0.9194755555555696,0.1935711111111117,0.918064444444458,0.0341949962962961,0.0001517351851851,,0.3912609876390797,0.4,49606
0.52,ascending,1.0,0.15,20,30,<23>par,6,1.02,-2.1508443749999997,0.2758358660130718,0.9202933333333456,0.1945488888888892,-0.5682677777777597,0.9205622222222328,0.1938544444444446,0.918466666666678,0.0343130111111109,0.0001459722222222,,0.3914366840169112,0.4,49628
0.52,ascending,1.0,0.15,20,30,<23>par,6,1.1,-2.174054041666666,0.2993703787878787,0.9069044444444604,0.193281111111112,-0.5630655555555363,0.9073522222222404,0.19240888888889,0.9046000000000172,0.0330171759259258,0.0001726796296296,,0.3867867307432564,0.4,50736
0.52,ascending,1.0,0.15,20,30,<23>par,6,1.2,-2.2057525,0.3279468055555555,0.8893211111111289,0.1921755555555559,-0.5564488888888676,0.8900133333333493,0.1905977777777775,0.8852011111111285,0.0312681925925924,0.0002175277777777,,0.3804988764273757,0.4,51379
0.52,ascending,1.0,0.15,20,30,<23>par,7,0.05,-2.0109543333333333,0.0138149999999999,0.999827777777774,0.1999855555555553,-0.5999433333333033,0.999827777777774,0.1999855555555553,0.999827777777774,0.0399827166666691,2.962962962962848e-07,,0.4188311572053469,0.4,40491
0.52,ascending,1.0,0.15,20,30,<23>par,7,0.1,-2.0130026666666665,0.0263008333333333,0.9992755555555464,0.1999388888888887,-0.5996911111110812,0.9992755555555464,0.1999388888888887,0.9992755555555464,0.0399553962962987,1.1611111111111372e-06,,0.4186342924705012,0.4,40908
0.52,ascending,1.0,0.15,20,30,<23>par,7,0.2,-2.0179057916666654,0.0533291666666666,0.9973677777777537,0.1997544444444443,-0.598793333333304,0.997369999999976,0.199751111111111,0.9973711111110872,0.0398615314814836,4.538888888888902e-06,,0.4179425384237358,0.4,41805
0.52,ascending,1.0,0.15,20,30,<23>par,7,0.3,-2.0236305,0.0789361111111111,0.9936455555555258,0.1995377777777778,-0.5976188888888598,0.9935822222221928,0.1995322222222223,0.9935844444444152,0.0394919111111125,1.1329629629629727e-05,,0.41678250079759,0.4,42297
0.52,ascending,1.0,0.15,20,30,<23>par,7,0.4,-2.0325333333333324,0.1063945833333333,0.9875277777777516,0.1991044444444447,-0.5948499999999713,0.987562222222196,0.1991033333333335,0.9874322222221964,0.0392194851851857,2.0690740740740745e-05,,0.41461189687544,0.4,43650
0.52,ascending,1.0,0.15,20,30,<23>par,7,0.5,-2.045809791666666,0.1335371666666666,0.9821111111110912,0.1987433333333337,-0.5930633333333049,0.9820677777777586,0.1986688888888892,0.9819855555555368,0.0386827944444446,2.9409259259259547e-05,,0.4129041415401949,0.4,44575
0.52,ascending,1.0,0.15,20,30,<23>par,7,0.6,-2.060404249999999,0.1604090277777777,0.9728422222222104,0.197812222222223,-0.5889044444444178,0.9728366666666548,0.1977611111111119,0.9726133333333216,0.0381204166666667,4.718148148148198e-05,,0.4095830932987622,0.4,45641
0.52,ascending,1.0,0.15,20,30,<23>par,7,0.7,-2.0775424166666663,0.1880403571428571,0.960829999999994,0.197150000000001,-0.5846944444444209,0.9610744444444388,0.1970411111111122,0.960468888888884,0.0371624499999998,6.5553703703704e-05,,0.4056922245639899,0.4,46710
0.52,ascending,1.0,0.15,20,30,<23>par,7,0.8,-2.0980845,0.2147654166666666,0.95046,0.1964955555555566,-0.5803755555555351,0.9504377777777778,0.1962300000000011,0.949665555555556,0.0364616777777776,8.672407407407494e-05,,0.4020068651548201,0.4,47225
0.52,ascending,1.0,0.15,20,30,<23>par,7,0.86,-2.1110735416666664,0.2307902131782945,0.9443466666666696,0.1960944444444455,-0.5781388888888687,0.9440133333333351,0.1956677777777788,0.9432022222222238,0.0358960777777776,0.000101374074074,,0.3998830210142272,0.4,48250
0.52,ascending,1.0,0.15,20,30,<23>par,7,0.87,-2.1123305416666662,0.2334869731800766,0.9417788888888936,0.196060000000001,-0.5772222222222033,0.9418066666666688,0.1956955555555564,0.94085555555556,0.0358000777777777,0.0001043944444444,,0.3991484531127494,0.4,47967
0.52,ascending,1.0,0.15,20,30,<23>par,7,0.88,-2.116112833333333,0.2362069128787878,0.9409011111111152,0.1958400000000012,-0.5767144444444249,0.9410800000000042,0.1954433333333344,0.9397766666666708,0.0356888592592591,0.0001073111111111,,0.3987141728536874,0.4,48216
0.52,ascending,1.0,0.15,20,30,<23>par,7,0.89,-2.1190785833333323,0.2395149812734082,0.940368888888896,0.195447777777779,-0.5755711111110925,0.9399000000000076,0.1951877777777787,0.939178888888897,0.0359162999999998,0.0001098,,0.3982064853508312,0.4,48198
0.52,ascending,1.0,0.15,20,30,<23>par,7,0.9,-2.1210594166666654,0.2424222222222222,0.9386922222222264,0.1958855555555567,-0.5759233333333146,0.9385777777777838,0.1954400000000009,0.93735555555556,0.0355217222222221,0.0001165129629629,,0.3979648344881422,0.4,48187
0.52,ascending,1.0,0.15,20,30,<23>par,7,0.91,-2.123832583333333,0.2464315018315018,0.9388455555555606,0.1953700000000007,-0.5757233333333146,0.9384333333333388,0.194974444444445,0.9372066666666738,0.0354293814814813,0.0001147685185185,,0.3978172602251087,0.4,48393
0.52,ascending,1.0,0.15,20,30,<23>par,7,0.92,-2.125141541666667,0.248210054347826,0.9347466666666714,0.1954722222222227,-0.5740877777777587,0.9354111111111136,0.1950000000000008,0.933800000000004,0.0353361074074072,0.000118924074074,,0.3966047045351499,0.4,48224
0.52,ascending,1.0,0.15,20,30,<23>par,7,0.93,-2.1266348333333336,0.2505101254480286,0.9332544444444484,0.1953866666666676,-0.5735644444444266,0.9332333333333368,0.1948822222222232,0.9317177777777842,0.0350851999999998,0.0001238759259259,,0.3960589667591174,0.4,48466
0.52,ascending,1.0,0.15,20,30,<23>par,7,0.9351,-2.129167874999999,0.2521180444159269,0.932605555555562,0.1951311111111118,-0.5733144444444271,0.932754444444452,0.194811111111112,0.9309600000000092,0.0349812351851849,0.000125437037037,,0.3957944851216564,0.4,48456
0.52,ascending,1.0,0.15,20,30,<23>par,7,0.94,-2.1314547916666657,0.2532925531914893,0.931491111111118,0.1952744444444456,-0.5725422222222041,0.9316866666666732,0.1947344444444453,0.9300033333333404,0.0351204814814813,0.0001231018518518,,0.3953008538352308,0.4,49044
0.52,ascending,1.0,0.15,20,30,<23>par,7,0.95,-2.132509375,0.2559251754385965,0.9308155555555616,0.1948933333333346,-0.5725044444444256,0.9312644444444504,0.1945833333333348,0.9289077777777848,0.0348552444444442,0.0001250722222222,,0.3949659294244964,0.4,48918
0.52,ascending,1.0,0.15,20,30,<23>par,7,0.96,-2.1345577083333325,0.2598918402777778,0.9284766666666712,0.1948066666666671,-0.5712744444444253,0.9280911111111164,0.1943588888888894,0.9267977777777834,0.0347662370370369,0.0001363222222222,,0.3942231379452682,0.4,48795
0.52,ascending,1.0,0.15,20,30,<23>par,7,0.97,-2.13749,0.2630223367697594,0.9276011111111208,0.1950544444444452,-0.5708988888888709,0.9275900000000096,0.1944822222222231,0.9259622222222336,0.0349209796296294,0.0001357148148148,,0.3938911143465112,0.4,48890
0.52,ascending,1.0,0.15,20,30,<23>par,7,0.98,-2.1409214999999997,0.2648252551020408,0.9262144444444508,0.1944944444444455,-0.5701222222222049,0.9269211111111174,0.1938344444444454,0.9247344444444516,0.034758946296296,0.0001215907407407,,0.3933848882482275,0.4,49544
0.52,ascending,1.0,0.15,20,30,<23>par,7,0.99,-2.1435604999999995,0.2678636363636363,0.9223977777777876,0.1946600000000012,-0.5685277777777573,0.921831111111122,0.1939688888888902,0.9203155555555688,0.0346132148148146,0.0001497814814814,,0.3919218291973155,0.4,49437
0.52,ascending,1.0,0.15,20,30,<23>par,7,1.0,-2.1464374999999998,0.2708115833333333,0.922710000000012,0.1946300000000011,-0.5680555555555347,0.9227377777777908,0.1938666666666678,0.9209166666666788,0.0347514888888886,0.0001428333333333,,0.3919895174713673,0.4,48881
0.52,ascending,1.0,0.15,20,30,<23>par,7,1.01,-2.147851874999999,0.2732797854785478,0.9200611111111234,0.1945055555555567,-0.5683777777777582,0.9202200000000104,0.1935877777777785,0.9179222222222349,0.034055474074074,0.0001528444444444,,0.391330120781891,0.4,49089
0.52,ascending,1.0,0.15,20,30,<23>par,7,1.02,-2.150951833333333,0.2752415849673202,0.9205033333333448,0.1944411111111114,-0.5681888888888692,0.920282222222235,0.1936555555555554,0.9179500000000136,0.0340677592592591,0.0001559037037037,,0.3913463610576743,0.4,49643
0.52,ascending,1.0,0.15,20,30,<23>par,7,1.1,-2.174649416666666,0.2992346212121212,0.9065866666666852,0.1935155555555564,-0.562888888888868,0.9058644444444628,0.1924177777777786,0.9036866666666844,0.0329679555555554,0.0001691592592592,,0.3865305026349181,0.4,50410
0.52,ascending,1.0,0.15,20,30,<23>par,7,1.2,-2.205028291666666,0.3274588194444444,0.887311111111124,0.1923711111111114,-0.553971111111087,0.8873500000000127,0.1910677777777776,0.8833666666666771,0.0320579685185184,0.0002102777777777,,0.3792246633323654,0.4,51471
0.52,ascending,1.0,0.15,20,30,<23>par,8,0.05,-2.0130597083333326,0.0128183333333333,0.9997699999999928,0.1999755555555553,-0.5999111111110811,0.9997699999999928,0.1999755555555553,0.9997699999999928,0.0399801722222246,3.814814814814867e-07,,0.4188080311144381,0.4,40564
0.52,ascending,1.0,0.15,20,30,<23>par,8,0.1,-2.0140811249999997,0.0266483333333333,0.9991444444444326,0.199962222222222,-0.5996444444444146,0.9991444444444326,0.199962222222222,0.9991444444444326,0.0399574333333358,1.3833333333333425e-06,,0.4185960322189807,0.4,41062
0.52,ascending,1.0,0.15,20,30,<23>par,8,0.2,-2.016824208333333,0.0529824999999999,0.9965699999999718,0.1997444444444443,-0.5985122222221929,0.9965655555555272,0.1997166666666666,0.9965566666666384,0.0398038796296316,5.916666666666698e-06,,0.4176829136610188,0.4,41957
0.52,ascending,1.0,0.15,20,30,<23>par,8,0.3,-2.02329075,0.0803302777777777,0.9937011111110846,0.1994544444444445,-0.5974211111110823,0.9936833333333068,0.1994355555555556,0.993695555555529,0.039554031481483,1.0427777777777938e-05,,0.4167301201463932,0.4,42609
0.52,ascending,1.0,0.15,20,30,<23>par,8,0.4,-2.032813583333333,0.1057293749999999,0.988031111111086,0.1991211111111113,-0.5950677777777488,0.988026666666641,0.199097777777778,0.9880188888888632,0.0392431148148154,2.0731481481482022e-05,,0.4147939924083889,0.4,44051
0.52,ascending,1.0,0.15,20,30,<23>par,8,0.5,-2.0449397916666667,0.1330339999999999,0.9809988888888712,0.1987888888888891,-0.5925166666666388,0.9810544444444276,0.1987488888888892,0.9808466666666492,0.0387056314814817,3.236481481481488e-05,,0.4125071637033675,0.4,44190
0.52,ascending,1.0,0.15,20,30,<23>par,8,0.6,-2.059671416666666,0.1603686111111111,0.9741144444444289,0.1983344444444449,-0.5895355555555286,0.9741622222222074,0.1982500000000004,0.973858888888873,0.0383301296296296,4.340555555555612e-05,,0.4100754765804512,0.4,45659
0.52,ascending,1.0,0.15,20,30,<23>par,8,0.7,-2.0774062916666662,0.1875853571428571,0.9629055555555508,0.1973666666666675,-0.5854433333333089,0.962832222222218,0.1972277777777787,0.9623533333333294,0.0373224388888888,6.076481481481501e-05,,0.4063444998472314,0.4,46814
0.52,ascending,1.0,0.15,20,30,<23>par,8,0.8,-2.097729249999999,0.2157038541666666,0.9514688888888904,0.1966822222222231,-0.580718888888868,0.9516433333333352,0.1963333333333343,0.9505766666666684,0.0365840759259257,7.980000000000076e-05,,0.4023788851118816,0.4,47581
0.52,ascending,1.0,0.15,20,30,<23>par,8,0.86,-2.1097417083333325,0.2322001937984495,0.9438233333333368,0.1958155555555569,-0.577317777777758,0.944188888888893,0.1953800000000011,0.9430300000000034,0.0360452333333331,0.0001025444444444,,0.3995527890983805,0.4,47770
0.52,ascending,1.0,0.15,20,30,<23>par,8,0.87,-2.1128385,0.2334943486590038,0.9426166666666698,0.195980000000001,-0.5768377777777586,0.9424844444444472,0.1954488888888897,0.9417266666666684,0.0360078185185183,9.69666666666676e-05,,0.399177662274181,0.4,47858
0.52,ascending,1.0,0.15,20,30,<23>par,8,0.88,-2.1162299583333333,0.2371227272727272,0.9418611111111154,0.1960488888888898,-0.576342222222203,0.9419166666666712,0.1956600000000007,0.9407122222222276,0.0360926796296294,9.839444444444467e-05,,0.3988693173079563,0.4,48159
0.52,ascending,1.0,0.15,20,30,<23>par,8,0.89,-2.1166348333333334,0.2383073033707865,0.941604444444448,0.195877777777779,-0.5769455555555368,0.9415211111111136,0.1955366666666678,0.9406322222222262,0.035736535185185,0.0001067888888888,,0.3989578439238795,0.4,48120
0.52,ascending,1.0,0.15,20,30,<23>par,8,0.9,-2.121090458333333,0.2427592592592592,0.9371988888888932,0.1955500000000012,-0.574428888888871,0.9370488888888926,0.1951133333333345,0.9361466666666712,0.0356428703703701,0.0001161574074074,,0.3972412023519409,0.4,48176
0.52,ascending,1.0,0.15,20,30,<23>par,8,0.91,-2.1241812916666665,0.246151923076923,0.9366155555555604,0.1954988888888899,-0.5744622222222029,0.9366244444444468,0.1950155555555569,0.9352444444444464,0.0355751629629628,0.0001109148148148,,0.3970099587238095,0.4,48348
0.52,ascending,1.0,0.15,20,30,<23>par,8,0.92,-2.12402175,0.2485342391304347,0.9339166666666724,0.1954277777777787,-0.5735944444444263,0.9339422222222262,0.1948466666666675,0.9323466666666704,0.035262848148148,0.0001126722222222,,0.3961900977041118,0.4,48402
0.52,ascending,1.0,0.15,20,30,<23>par,8,0.93,-2.128544374999999,0.251372311827957,0.9323255555555612,0.1953355555555566,-0.5738477777777592,0.9325766666666714,0.1948644444444456,0.9313144444444488,0.0349063166666665,0.0001243481481481,,0.3959621475932365,0.4,48670
0.52,ascending,1.0,0.15,20,30,<23>par,8,0.9351,-2.1291319166666662,0.2525265568744875,0.9333355555555628,0.1953888888888897,-0.5732699999999811,0.933046666666674,0.1948733333333343,0.9316333333333384,0.0352377777777776,0.0001197129629629,,0.3959159896704873,0.4,48796
0.52,ascending,1.0,0.15,20,30,<23>par,8,0.94,-2.1300404166666667,0.2531064716312057,0.9316900000000076,0.1952044444444455,-0.5719499999999824,0.9315077777777868,0.1947044444444451,0.9299011111111212,0.0353851499999997,0.0001188962962962,,0.39511322714703,0.4,48722
0.52,ascending,1.0,0.15,20,30,<23>par,8,0.95,-2.134497166666666,0.2565998245614035,0.9313833333333396,0.1952166666666681,-0.5724255555555383,0.931616666666674,0.1948500000000017,0.9300055555555636,0.0351253314814812,0.0001233648148148,,0.3952575272855126,0.4,48832
0.52,ascending,1.0,0.15,20,30,<23>par,8,0.96,-2.1354769166666667,0.2591019965277777,0.9286944444444528,0.1948611111111116,-0.5713299999999822,0.9292344444444526,0.1943955555555559,0.9270733333333424,0.0349306981481479,0.000131274074074,,0.3943501667813601,0.4,48931
0.52,ascending,1.0,0.15,20,30,<23>par,8,0.97,-2.138351083333333,0.2623042096219931,0.9296355555555648,0.194666666666668,-0.5722499999999807,0.9294933333333426,0.1941333333333345,0.9279500000000096,0.0346995333333331,0.0001298888888888,,0.3947418130622155,0.4,48824
0.52,ascending,1.0,0.15,20,30,<23>par,8,0.98,-2.141926833333333,0.2646401360544217,0.9249588888888984,0.1947288888888894,-0.5698099999999807,0.9252766666666776,0.1942400000000006,0.9231722222222316,0.0347608388888887,0.0001359074074074,,0.3930428421298961,0.4,49823
0.52,ascending,1.0,0.15,20,30,<23>par,8,0.99,-2.142064041666666,0.2675896464646464,0.925035555555568,0.1949188888888897,-0.5700311111110923,0.9254622222222352,0.1940722222222231,0.9232522222222344,0.0346206777777776,0.0001314074074074,,0.3930350350896768,0.4,49334
0.52,ascending,1.0,0.15,20,30,<23>par,8,1.0,-2.14515175,0.2700185833333333,0.92457000000001,0.1945277777777788,-0.5695888888888716,0.924650000000011,0.1938388888888897,0.9224544444444568,0.034548935185185,0.0001377259259259,,0.3927346904860639,0.4,49289
0.52,ascending,1.0,0.15,20,30,<23>par,8,1.01,-2.1493423333333324,0.2728990924092409,0.9206244444444556,0.1946466666666674,-0.567946666666648,0.9202833333333438,0.1938655555555565,0.9185577777777914,0.0343673907407406,0.0001464851851851,,0.391442261919018,0.4,49526
0.52,ascending,1.0,0.15,20,30,<23>par,8,1.02,-2.151409166666666,0.2759152777777777,0.9189211111111232,0.194440000000001,-0.5676977777777567,0.9190311111111232,0.1935188888888899,0.9165322222222352,0.0340043037037035,0.000152637037037,,0.3908415890864929,0.4,49081
0.52,ascending,1.0,0.15,20,30,<23>par,8,1.1,-2.1734420416666658,0.2986173484848485,0.9045577777777952,0.1935966666666676,-0.5613488888888664,0.9046211111111264,0.1924055555555564,0.9014788888889051,0.0331273203703701,0.0001842444444444,,0.385596944010064,0.4,50209
0.52,ascending,1.0,0.15,20,30,<23>par,8,1.2,-2.2051719166666657,0.3267954166666666,0.8881244444444603,0.1923088888888895,-0.5556933333333098,0.8881111111111263,0.1909099999999993,0.884105555555569,0.0314274777777776,0.0002020722222222,,0.3799301080169282,0.4,51182
0.52,ascending,1.0,0.15,20,30,<23>par,9,0.05,-2.0115964166666664,0.0123633333333333,0.9998633333333308,0.1999966666666664,-0.5999677777777477,0.9998633333333308,0.1999966666666664,0.9998633333333308,0.0399844500000024,2.27777777777794e-07,,0.4188474932916147,0.4,40724
0.52,ascending,1.0,0.15,20,30,<23>par,9,0.1,-2.013490291666665,0.0262799999999999,0.9990822222222084,0.1999433333333332,-0.5996322222221925,0.9990822222222084,0.1999433333333332,0.9990822222222084,0.039942392592595,1.5296296296296175e-06,,0.4185773978884721,0.4,40663
0.52,ascending,1.0,0.15,20,30,<23>par,9,0.2,-2.016933083333333,0.0535945833333333,0.9961099999999709,0.1997777777777777,-0.5986188888888598,0.9961055555555266,0.1997777777777777,0.996103333333304,0.0396911388888906,6.874074074074139e-06,,0.4176396103497797,0.4,41813
0.52,ascending,1.0,0.15,20,30,<23>par,9,0.3,-2.0234973333333324,0.0797469444444444,0.9931844444444146,0.1995111111111112,-0.5970711111110828,0.9931955555555256,0.1995077777777778,0.9931911111110816,0.0396267000000011,1.1337037037036984e-05,,0.416524042515082,0.4,42589
0.52,ascending,1.0,0.15,20,30,<23>par,9,0.4,-2.0340755833333333,0.1073331249999999,0.9887666666666404,0.1992000000000001,-0.5957022222221928,0.9887444444444186,0.1991866666666668,0.9887388888888634,0.0391626666666674,1.9027777777778183e-05,,0.415156801495445,0.4,43533
0.52,ascending,1.0,0.15,20,30,<23>par,9,0.5,-2.045038625,0.1336455,0.9811833333333144,0.1986222222222227,-0.5926311111110828,0.9813111111110918,0.1985966666666672,0.9811533333333138,0.0386618185185187,3.2422222222222376e-05,,0.4125667429614162,0.4,44604
0.52,ascending,1.0,0.15,20,30,<23>par,9,0.6,-2.0604089583333334,0.1597427777777777,0.973575555555542,0.1980633333333339,-0.5891288888888623,0.973649999999986,0.1979866666666673,0.9733122222222084,0.0382501462962963,4.45129629629629e-05,,0.4098170423228975,0.4,45493
0.52,ascending,1.0,0.15,20,30,<23>par,9,0.7,-2.077353041666666,0.1872079761904762,0.9637388888888831,0.1973755555555565,-0.5850022222221981,0.9638266666666606,0.1971888888888898,0.9634455555555488,0.0376819370370369,6.259629629629689e-05,,0.4064021593083172,0.4,46069
0.52,ascending,1.0,0.15,20,30,<23>par,9,0.8,-2.0971646249999987,0.2158370833333333,0.9502422222222212,0.1965811111111121,-0.5803155555555349,0.9502077777777788,0.1963700000000009,0.9493622222222228,0.0364444351851851,9.059074074074049e-05,,0.4019613272558748,0.4,47256
0.52,ascending,1.0,0.15,20,30,<23>par,9,0.86,-2.1105695833333327,0.2308389534883721,0.9442633333333368,0.1960011111111116,-0.5776877777777583,0.9440900000000036,0.1957200000000008,0.9430755555555608,0.0360354018518517,9.875740740740844e-05,,0.3997686631552128,0.4,48431
0.52,ascending,1.0,0.15,20,30,<23>par,9,0.87,-2.113732124999999,0.2344813218390804,0.9434188888888924,0.196010000000001,-0.5777222222222027,0.9435122222222232,0.1956888888888899,0.9426033333333342,0.0358395648148146,9.547592592592632e-05,,0.3997129491024904,0.4,47955
0.52,ascending,1.0,0.15,20,30,<23>par,9,0.88,-2.115396541666666,0.2370812499999999,0.9401055555555584,0.1959188888888896,-0.5761255555555359,0.940287777777782,0.1954488888888896,0.9390911111111157,0.0357823499999997,0.0001062592592592,,0.3983635555824225,0.4,48277
0.52,ascending,1.0,0.15,20,30,<23>par,9,0.89,-2.116507875,0.2407755617977527,0.94124555555556,0.1956488888888901,-0.5761777777777591,0.9409000000000038,0.1953433333333346,0.9401888888888928,0.0358711555555554,0.0001048796296296,,0.3986169348847555,0.4,47899
0.52,ascending,1.0,0.15,20,30,<23>par,9,0.9,-2.121623208333333,0.2432922222222222,0.936725555555558,0.1954488888888895,-0.5747822222222032,0.937561111111113,0.1950311111111118,0.9352133333333372,0.0353980314814813,0.0001163648148148,,0.3971209879686593,0.4,48624
0.52,ascending,1.0,0.15,20,30,<23>par,9,0.91,-2.123343791666666,0.2456115384615384,0.9350722222222272,0.1954722222222225,-0.5743755555555371,0.93498555555556,0.1950288888888894,0.9336311111111164,0.0351789129629627,0.0001195129629629,,0.3966971987718188,0.4,48235
0.52,ascending,1.0,0.15,20,30,<23>par,9,0.92,-2.1256133749999995,0.2475243659420289,0.9357622222222294,0.19527888888889,-0.5746766666666482,0.9362911111111176,0.1949611111111123,0.9347544444444512,0.0353125592592591,0.0001128425925925,,0.397013369653628,0.4,48754
0.52,ascending,1.0,0.15,20,30,<23>par,9,0.93,-2.128192624999999,0.2500022401433692,0.934418888888897,0.1955000000000007,-0.5729655555555372,0.934337777777786,0.1947522222222236,0.9330000000000066,0.0355619999999999,0.000114424074074,,0.396080056790504,0.4,48546
0.52,ascending,1.0,0.15,20,30,<23>par,9,0.9351,-2.129128875,0.2516172067158592,0.9318911111111188,0.1955266666666678,-0.572685555555536,0.9314688888888948,0.1950122222222233,0.9302555555555644,0.0351534592592589,0.0001242481481481,,0.3954401908893817,0.4,48260
0.52,ascending,1.0,0.15,20,30,<23>par,9,0.94,-2.129878833333333,0.2542085106382978,0.933630000000005,0.1953111111111116,-0.5732366666666469,0.93357333333334,0.1946433333333338,0.9319922222222284,0.0352070740740738,0.0001247851851851,,0.3960090118044907,0.4,48571
0.52,ascending,1.0,0.15,20,30,<23>par,9,0.95,-2.132450999999999,0.2566961403508772,0.9323844444444476,0.195372222222223,-0.5725888888888695,0.9321477777777812,0.1948900000000008,0.9304122222222276,0.0352538425925924,0.0001262351851851,,0.3954685249781132,0.4,48979
0.52,ascending,1.0,0.15,20,30,<23>par,9,0.96,-2.1331749583333326,0.2589766493055555,0.9296866666666742,0.1951577777777783,-0.5723322222222045,0.9297966666666742,0.1947233333333338,0.92808000000001,0.0348031648148146,0.0001254907407407,,0.3949110552713694,0.4,48932
0.52,ascending,1.0,0.15,20,30,<23>par,9,0.97,-2.13832,0.2624677835051546,0.9279300000000084,0.1948366666666676,-0.5700144444444255,0.9279833333333396,0.1941966666666672,0.926664444444452,0.035282535185185,0.0001273444444444,,0.3937423285303096,0.4,48704
0.52,ascending,1.0,0.15,20,30,<23>par,9,0.98,-2.1414314583333334,0.2644426870748299,0.9263622222222324,0.194713333333334,-0.5709466666666478,0.9263322222222312,0.1942433333333339,0.924864444444454,0.0346481277777776,0.0001280537037037,,0.393674908568434,0.4,49210
0.52,ascending,1.0,0.15,20,30,<23>par,9,0.99,-2.14490425,0.2677449494949495,0.925112222222234,0.1949333333333338,-0.5705788888888697,0.9252766666666772,0.1942977777777781,0.9232566666666796,0.0345044277777776,0.0001409907407407,,0.393196203299811,0.4,48968
0.52,ascending,1.0,0.15,20,30,<23>par,9,1.0,-2.1459945833333327,0.2698424166666667,0.9230822222222328,0.1948222222222234,-0.5703811111110917,0.9233966666666776,0.1941666666666675,0.9211511111111228,0.0340479388888887,0.0001427481481481,,0.3927563606446451,0.4,49385
0.52,ascending,1.0,0.15,20,30,<23>par,9,1.01,-2.1487453749999994,0.2729456270627062,0.9218388888889008,0.1943355555555564,-0.5679022222222028,0.9214077777777868,0.1935788888888898,0.919853333333344,0.0345783796296295,0.000146324074074,,0.3916576119362418,0.4,49214
0.52,ascending,1.0,0.15,20,30,<23>par,9,1.02,-2.1527824166666663,0.2767579248366012,0.922345555555564,0.1942844444444452,-0.5690622222222037,0.921782222222232,0.1936655555555562,0.9199833333333436,0.0342936629629628,0.0001455555555555,,0.3920021934487171,0.4,49625
0.52,ascending,1.0,0.15,20,30,<23>par,9,1.1,-2.1747556249999995,0.2986975,0.9060711111111288,0.193275555555556,-0.5626299999999788,0.905693333333352,0.1923755555555561,0.9027822222222393,0.0328312296296295,0.000175874074074,,0.3863261609851181,0.4,50337
0.52,ascending,1.0,0.15,20,30,<23>par,9,1.2,-2.205514916666666,0.3280447222222222,0.8854322222222331,0.1921677777777776,-0.5550433333333089,0.8870188888888997,0.1906399999999995,0.8814922222222297,0.0312386944444443,0.000231787037037,,0.3791625594892104,0.4,51330
0.52,ascending,1.0,0.15,20,30,<23>par,10,0.05,-2.011940583333333,0.0134116666666666,0.9998455555555534,0.1999955555555553,-0.5999355555555255,0.9998455555555534,0.1999955555555553,0.9998455555555534,0.0399933722222247,2.592592592592696e-07,,0.4188334038391612,0.4,40621
0.52,ascending,1.0,0.15,20,30,<23>par,10,0.1,-2.0127605416666667,0.0266349999999999,0.9992488888888772,0.1999555555555554,-0.5997233333333035,0.9992488888888772,0.1999555555555554,0.9992488888888772,0.0399439185185209,1.2999999999999871e-06,,0.4186414538210394,0.4,41347
0.52,ascending,1.0,0.15,20,30,<23>par,10,0.2,-2.0171317499999994,0.0533445833333333,0.9974699999999737,0.1997755555555554,-0.5988677777777486,0.997462222222196,0.1997822222222222,0.9974577777777516,0.0398617814814835,4.364814814814744e-06,,0.4179875915176179,0.4,41920
0.52,ascending,1.0,0.15,20,30,<23>par,10,0.3,-2.0240305833333334,0.0798758333333333,0.9937199999999712,0.1995611111111111,-0.5973477777777488,0.9937166666666378,0.1995422222222223,0.9937099999999712,0.0396376055555569,1.0129629629629752e-05,,0.4167216646033758,0.4,42731
0.52,ascending,1.0,0.15,20,30,<23>par,10,0.4,-2.032783666666666,0.1065139583333333,0.9888855555555298,0.1991744444444447,-0.5954666666666382,0.988867777777752,0.1991522222222225,0.9888277777777528,0.03925940925926,1.93796296296298e-05,,0.4150925197522193,0.4,43780
0.52,ascending,1.0,0.15,20,30,<23>par,10,0.5,-2.044574958333333,0.1333433333333333,0.981642222222202,0.1987844444444448,-0.5925166666666382,0.9816866666666458,0.1987066666666671,0.9815744444444237,0.0388348444444447,3.006111111111145e-05,,0.4126380971892676,0.4,44218
0.52,ascending,1.0,0.15,20,30,<23>par,10,0.6,-2.0613104583333333,0.15990125,0.9735244444444306,0.1981355555555561,-0.5893699999999732,0.9732866666666524,0.1980200000000006,0.9731677777777638,0.0381769037037037,4.495370370370386e-05,,0.409871772821648,0.4,45330
0.52,ascending,1.0,0.15,20,30,<23>par,10,0.7,-2.076634666666666,0.187335,0.9627966666666607,0.197221111111112,-0.5852311111110874,0.962662222222216,0.1971333333333342,0.96232555555555,0.0373187592592592,6.477592592592627e-05,,0.4062246502135224,0.4,46207
0.52,ascending,1.0,0.15,20,30,<23>par,10,0.8,-2.097571249999999,0.2145259374999999,0.9522599999999992,0.1965122222222231,-0.5807644444444232,0.9525811111111088,0.1962400000000008,0.9515233333333316,0.0366130055555554,8.318518518518585e-05,,0.4025858917462875,0.4,47202
0.52,ascending,1.0,0.15,20,30,<23>par,10,0.86,-2.1112089583333327,0.2326071705426356,0.9428877777777818,0.1959277777777787,-0.5771655555555366,0.943004444444449,0.1953555555555562,0.9420444444444496,0.0359341777777776,9.808333333333412e-05,,0.3993566835838,0.4,47928
0.52,ascending,1.0,0.15,20,30,<23>par,10,0.87,-2.114163666666666,0.2334669540229884,0.9430511111111152,0.1959266666666678,-0.577362222222203,0.9428188888888912,0.1955088888888897,0.941768888888892,0.0358523907407405,0.0001044351851851,,0.3993289894003072,0.4,47975
0.52,ascending,1.0,0.15,20,30,<23>par,10,0.88,-2.11520975,0.2367522727272726,0.9407344444444474,0.1960044444444451,-0.5766599999999794,0.940470000000004,0.1955800000000007,0.9394000000000065,0.0356586759259259,0.0001110796296296,,0.398669396844804,0.4,47809
0.52,ascending,1.0,0.15,20,30,<23>par,10,0.89,-2.1195260833333327,0.2395262172284644,0.9397133333333372,0.1956422222222236,-0.5754944444444245,0.9391800000000023,0.1952322222222236,0.9382477777777812,0.0358122888888888,0.0001156814814814,,0.3980216052209747,0.4,48341
0.52,ascending,1.0,0.15,20,30,<23>par,10,0.9,-2.1215899583333324,0.2419608333333333,0.9396477777777836,0.1956344444444457,-0.5758377777777588,0.939934444444449,0.1951911111111119,0.9383933333333384,0.0356424351851851,0.0001044111111111,,0.3981413169356174,0.4,48087
0.52,ascending,1.0,0.15,20,30,<23>par,10,0.91,-2.1238281666666654,0.2460432234432234,0.937428888888894,0.1957766666666675,-0.5747455555555366,0.9376044444444468,0.1954188888888894,0.9363200000000044,0.035715722222222,0.0001071518518518,,0.3973925240065055,0.4,48506
0.52,ascending,1.0,0.15,20,30,<23>par,10,0.92,-2.126306,0.248545018115942,0.9353744444444508,0.1952455555555568,-0.5742366666666495,0.9356866666666744,0.1947733333333343,0.9341422222222308,0.0353279333333331,0.0001155018518518,,0.3967312091776778,0.4,48510
0.52,ascending,1.0,0.15,20,30,<23>par,10,0.93,-2.1294198749999995,0.2509775985663082,0.9340111111111152,0.1953388888888893,-0.5733644444444261,0.9344944444444488,0.1947222222222224,0.9324000000000052,0.0353006203703703,0.0001160685185185,,0.3960973007264821,0.4,48413
0.52,ascending,1.0,0.15,20,30,<23>par,10,0.9351,-2.130305916666666,0.2527402595087868,0.9318444444444516,0.1953711111111117,-0.5728388888888711,0.931506666666672,0.1948766666666671,0.9301477777777836,0.0350551703703701,0.0001212277777777,,0.3954678716869186,0.4,48717
0.52,ascending,1.0,0.15,20,30,<23>par,10,0.94,-2.1317568749999998,0.2543545212765957,0.9325933333333396,0.1949055555555569,-0.5720566666666489,0.9326222222222308,0.1943955555555568,0.9310444444444524,0.0354814370370369,0.0001238555555555,,0.395357037152261,0.4,48821
0.52,ascending,1.0,0.15,20,30,<23>par,10,0.95,-2.1325098749999998,0.2565331578947368,0.9307900000000056,0.1951933333333342,-0.5726622222222036,0.9308577777777832,0.1946900000000007,0.9291911111111194,0.0349724703703702,0.0001308277777777,,0.3951229670190568,0.4,48699
0.52,ascending,1.0,0.15,20,30,<23>par,10,0.96,-2.1350069166666663,0.2589827256944444,0.930095555555565,0.1950022222222227,-0.5713122222222047,0.9305288888889,0.1944333333333332,0.9285433333333448,0.0352430999999998,0.0001372388888888,,0.3945372108785111,0.4,49018
0.52,ascending,1.0,0.15,20,30,<23>par,10,0.97,-2.138551125,0.2618737972508591,0.926113333333342,0.1950322222222234,-0.5705522222222037,0.9260700000000082,0.1942044444444455,0.9241911111111198,0.0346353574074072,0.0001382148148148,,0.3934311358038959,0.4,48886
0.52,ascending,1.0,0.15,20,30,<23>par,10,0.98,-2.1403858749999998,0.2650697278911564,0.9237811111111224,0.1948977777777788,-0.5692088888888712,0.9238322222222316,0.1943533333333342,0.9215966666666788,0.034632061111111,0.0001351592592592,,0.3925126925982273,0.4,49037
0.52,ascending,1.0,0.15,20,30,<23>par,10,0.99,-2.143695416666666,0.2688597643097642,0.923668888888898,0.1946711111111121,-0.5690977777777588,0.923848888888898,0.1939022222222229,0.9216388888888992,0.0345511740740739,0.0001395722222222,,0.3924471623755783,0.4,48875
0.52,ascending,1.0,0.15,20,30,<23>par,10,1.0,-2.146341041666666,0.2695363333333333,0.9228222222222332,0.1948155555555567,-0.5690266666666487,0.9234766666666768,0.1941400000000008,0.9208611111111222,0.0344818092592591,0.0001355962962962,,0.3923387386768371,0.4,49461
0.52,ascending,1.0,0.15,20,30,<23>par,10,1.01,-2.1489819583333323,0.2736768151815181,0.9223466666666752,0.1943077777777784,-0.5690644444444267,0.9220488888889,0.1935444444444444,0.9199655555555672,0.0341417814814812,0.0001477203703703,,0.3920059135095614,0.4,49222
0.52,ascending,1.0,0.15,20,30,<23>par,10,1.02,-2.151693666666666,0.2762937908496731,0.9191100000000122,0.1944422222222234,-0.5676755555555355,0.9191844444444563,0.1936822222222234,0.9166566666666804,0.0341718666666665,0.0001515666666666,,0.390876873481423,0.4,49251
0.52,ascending,1.0,0.15,20,30,<23>par,10,1.1,-2.1753029583333325,0.29799,0.9088988888889052,0.1935155555555566,-0.5635255555555362,0.9087244444444595,0.1925911111111117,0.9060177777777954,0.0333063296296295,0.0001702129629629,,0.3872380267625639,0.4,50226
0.52,ascending,1.0,0.15,20,30,<23>par,10,1.2,-2.20806075,0.3281033333333333,0.8903500000000143,0.1923222222222221,-0.5564344444444206,0.8900677777777919,0.1911766666666672,0.8866000000000114,0.031707135185185,0.0002090814814814,,0.3806640867570648,0.4,51546
0.52,ascending,1.0,0.15,20,30,<23>par,11,0.05,-2.0124164166666665,0.0133399999999999,0.9998599999999974,0.1999933333333331,-0.5999288888888589,0.9998599999999974,0.1999933333333331,0.9998599999999974,0.0399980074074099,2.3518518518518658e-07,,0.4188338343045356,0.4,40904
0.52,ascending,1.0,0.15,20,30,<23>par,11,0.1,-2.0132034583333334,0.0263291666666666,0.9992211111110988,0.1999644444444442,-0.5996744444444145,0.9992199999999878,0.1999644444444442,0.9992199999999878,0.0399613111111135,1.3351851851851354e-06,,0.4186210368897435,0.4,41248
0.52,ascending,1.0,0.15,20,30,<23>par,11,0.2,-2.017795625,0.0534779166666666,0.9967766666666368,0.1997477777777777,-0.5988855555555261,0.9967688888888592,0.1997477777777777,0.9967711111110814,0.0397037185185204,5.483333333333441e-06,,0.4178540587857114,0.4,42043
0.52,ascending,1.0,0.15,20,30,<23>par,11,0.3,-2.023908958333333,0.0794747222222222,0.9929444444444157,0.1994922222222223,-0.5971688888888601,0.9928999999999708,0.1994622222222223,0.9929133333333038,0.0395185333333345,1.1962962962963031e-05,,0.41649620200989,0.4,42532
0.52,ascending,1.0,0.15,20,30,<23>par,11,0.4,-2.0331972083333327,0.1061572916666666,0.9881266666666416,0.1991688888888891,-0.5952099999999708,0.9881688888888644,0.1991688888888891,0.9881377777777538,0.0392268777777784,2.0344444444444647e-05,,0.4148780319951476,0.4,43703
0.52,ascending,1.0,0.15,20,30,<23>par,11,0.5,-2.04659425,0.1330918333333333,0.981085555555536,0.198666666666667,-0.5921044444444166,0.9810955555555368,0.1986522222222225,0.9810055555555374,0.0388620888888893,3.308888888888889e-05,,0.4123982431634426,0.4,44787
0.52,ascending,1.0,0.15,20,30,<23>par,11,0.6,-2.059250374999999,0.1600993055555555,0.973147777777765,0.1981122222222228,-0.5891155555555291,0.9733688888888749,0.1980100000000006,0.972917777777764,0.0382204407407407,4.3837037037037554e-05,,0.409733074458605,0.4,45656
0.52,ascending,1.0,0.15,20,30,<23>par,11,0.7,-2.0765392916666654,0.1875698809523809,0.962904444444436,0.1973000000000007,-0.5853455555555312,0.962761111111102,0.1971677777777785,0.9623277777777702,0.0372943796296295,6.54074074074076e-05,,0.4063046430940968,0.4,46481
0.52,ascending,1.0,0.15,20,30,<23>par,11,0.8,-2.0974725,0.2153035416666666,0.951121111111114,0.1966733333333343,-0.5809611111110902,0.9512955555555572,0.1963666666666679,0.9504477777777784,0.0364254222222221,8.28611111111112e-05,,0.4023804707945341,0.4,47114
0.52,ascending,1.0,0.15,20,30,<23>par,11,0.86,-2.109826791666666,0.2315198643410852,0.9421000000000052,0.1957166666666678,-0.5770488888888696,0.9422388888888948,0.1953477777777788,0.9409400000000048,0.0357408796296294,0.0001007888888888,,0.3991078343079727,0.4,48356
0.52,ascending,1.0,0.15,20,30,<23>par,11,0.87,-2.1141834583333328,0.2349321839080459,0.9410366666666744,0.1957811111111121,-0.5764688888888702,0.9412833333333402,0.1953366666666678,0.9399833333333408,0.0357978240740739,0.0001043111111111,,0.3986828290989087,0.4,48117
0.52,ascending,1.0,0.15,20,30,<23>par,11,0.88,-2.1158072916666657,0.2365654356060605,0.9424622222222264,0.1956744444444457,-0.5767755555555368,0.9423388888888928,0.1952933333333346,0.9412455555555588,0.0358540796296294,9.867037037037142e-05,,0.399062248075381,0.4,48726
0.52,ascending,1.0,0.15,20,30,<23>par,11,0.89,-2.1176510416666656,0.2391029026217228,0.939822222222228,0.1958700000000011,-0.5761166666666474,0.9395777777777816,0.1952966666666675,0.9383166666666712,0.0356173259259258,0.000109574074074,,0.3982792388278105,0.4,47923
0.52,ascending,1.0,0.15,20,30,<23>par,11,0.9,-2.1205208749999995,0.2426560185185185,0.9395477777777832,0.1957466666666677,-0.5756966666666475,0.9395577777777828,0.1953788888888899,0.9382400000000036,0.0358145925925925,0.0001087481481481,,0.3980482888110634,0.4,48524
0.52,ascending,1.0,0.15,20,30,<23>par,11,0.91,-2.121371166666666,0.2452356227106226,0.9369277777777824,0.1955155555555565,-0.5749944444444254,0.9364111111111152,0.1950477777777786,0.9352755555555607,0.0353038518518517,0.0001201722222222,,0.3971865158629213,0.4,48530
0.52,ascending,1.0,0.15,20,30,<23>par,11,0.92,-2.1248282916666663,0.2470015398550724,0.935847777777785,0.1952588888888895,-0.5741633333333149,0.9362622222222295,0.1947022222222229,0.9345600000000068,0.035378548148148,0.0001128314814814,,0.3968182961700641,0.4,48966
0.52,ascending,1.0,0.15,20,30,<23>par,11,0.93,-2.128456749999999,0.2505984767025089,0.9337977777777832,0.1952144444444455,-0.5735255555555382,0.9337544444444488,0.1945822222222232,0.9324911111111168,0.035150935185185,0.0001204537037037,,0.3961639730051308,0.4,48897
0.52,ascending,1.0,0.15,20,30,<23>par,11,0.9351,-2.128180708333333,0.2518253840943927,0.9326233333333394,0.1952333333333342,-0.5732744444444269,0.933265555555561,0.1945988888888899,0.9311411111111192,0.0350353055555554,0.0001217462962962,,0.395771601478251,0.4,48446
0.52,ascending,1.0,0.15,20,30,<23>par,11,0.94,-2.131134291666666,0.253869414893617,0.932035555555561,0.1951422222222238,-0.5726166666666487,0.9321744444444492,0.1946055555555572,0.930668888888894,0.0350984240740738,0.0001178222222222,,0.3955052685341371,0.4,49253
0.52,ascending,1.0,0.15,20,30,<23>par,11,0.95,-2.1338657916666657,0.2559206140350877,0.9312233333333392,0.1952677777777792,-0.57263888888887,0.9313866666666706,0.1948200000000014,0.929885555555562,0.0350189851851851,0.0001232537037037,,0.3953533101272365,0.4,48655
0.52,ascending,1.0,0.15,20,30,<23>par,11,0.96,-2.1358034583333323,0.2598407118055555,0.928850000000007,0.1950055555555565,-0.5711988888888695,0.9287822222222274,0.1945644444444453,0.9270522222222284,0.0350112333333332,0.0001330166666666,,0.3942501493042726,0.4,48993
0.52,ascending,1.0,0.15,20,30,<23>par,11,0.97,-2.1381389166666667,0.2619595360824742,0.9295866666666732,0.195241111111112,-0.5715211111110912,0.9297200000000077,0.1945844444444456,0.9282744444444522,0.035135385185185,0.0001328407407407,,0.3946068048741499,0.4,49295
0.52,ascending,1.0,0.15,20,30,<23>par,11,0.98,-2.139553291666666,0.2648232142857142,0.9265488888888972,0.1950233333333347,-0.5708866666666483,0.9268488888888964,0.1946433333333347,0.9249577777777872,0.0348247814814812,0.000131374074074,,0.3936442363466072,0.4,48800
0.52,ascending,1.0,0.15,20,30,<23>par,11,0.99,-2.143604999999999,0.2676210437710437,0.9232733333333458,0.1946377777777786,-0.5692555555555369,0.9230433333333432,0.1940233333333344,0.9210811111111225,0.0343867907407405,0.0001359777777777,,0.3923919117019765,0.4,49024
0.52,ascending,1.0,0.15,20,30,<23>par,11,1.0,-2.1477129583333334,0.2702046666666666,0.9246477777777858,0.1943844444444451,-0.5698999999999819,0.9245366666666746,0.1937988888888896,0.9226977777777876,0.0343674907407404,0.0001342203703703,,0.3928837296723168,0.4,49038
0.52,ascending,1.0,0.15,20,30,<23>par,11,1.01,-2.149580541666666,0.2735861386138614,0.9202944444444564,0.1947211111111116,-0.5689266666666484,0.9207111111111224,0.1939566666666669,0.9177400000000152,0.0339093925925924,0.0001490388888888,,0.3915993229826794,0.4,49111
0.52,ascending,1.0,0.15,20,30,<23>par,11,1.02,-2.152057291666666,0.2758683006535947,0.91995111111112,0.1944577777777788,-0.5685799999999809,0.9207133333333434,0.1937522222222228,0.9182000000000122,0.0340318925925924,0.0001525185185185,,0.3914775228202796,0.4,49664
0.52,ascending,1.0,0.15,20,30,<23>par,11,1.1,-2.174560625,0.2989225757575757,0.9053311111111264,0.1935000000000009,-0.5621033333333098,0.9054966666666816,0.1925788888888892,0.9024288888889056,0.0331533388888887,0.0001763185185185,,0.3861543847819953,0.4,50379
0.52,ascending,1.0,0.15,20,30,<23>par,11,1.2,-2.2057225,0.3280380555555555,0.8870477777777889,0.1920200000000006,-0.5550699999999761,0.8870355555555679,0.1907811111111118,0.8825800000000075,0.0313421999999998,0.0002101777777777,,0.3794539392409546,0.4,51301
0.52,ascending,1.0,0.15,20,30,<3>par,12,0.05,-2.00667525,0.0138316666666666,0.9998299999999962,0.3333166666666812,-0.3333166666666812,0.9998299999999962,0.3333166666666812,0.9998299999999962,2.907407407407403e-07,0.4443825092592455,,2.7734061485647453e-07,0.3333333333333332,40524
0.52,ascending,1.0,0.15,20,30,<3>par,12,0.1,-2.0077995416666656,0.0284816666666666,0.9991955555555422,0.3332311111111258,-0.3332311111111258,0.9991955555555422,0.3332311111111258,0.9991955555555422,1.3407407407407355e-06,0.444143546296289,,1.3541408666249846e-06,0.3333333333333333,40922
0.52,ascending,1.0,0.15,20,30,<3>par,12,0.2,-2.0118383333333325,0.0564087499999999,0.9966844444444148,0.3329077777777927,-0.3329077777777927,0.996678888888859,0.3329077777777927,0.996677777777748,5.3388888888888825e-06,0.4432013611111187,,5.840877608715249e-06,0.3333333333333332,41792
0.52,ascending,1.0,0.15,20,30,<3>par,12,0.3,-2.0180796249999986,0.0825325,0.9928833333333048,0.332550000000015,-0.3325433333333483,0.9928344444444166,0.3325333333333484,0.9928488888888608,1.203888888888941e-05,0.4418000018518582,,1.224840327299085e-05,0.3333333333333332,42782
0.52,ascending,1.0,0.15,20,30,<3>par,12,0.4,-2.028452,0.1108187499999999,0.9877377777777556,0.3318377777777931,-0.3318433333333487,0.9876888888888664,0.3318222222222376,0.987686666666644,2.104444444444532e-05,0.4398546240740757,,2.128328460882435e-05,0.3333333333333332,44171
0.52,ascending,1.0,0.15,20,30,<3>par,12,0.5,-2.0425189583333325,0.1389493333333333,0.9801677777777608,0.3310188888889047,-0.331013333333349,0.9802466666666496,0.3310011111111268,0.9799844444444272,3.1537037037037865e-05,0.4370214111111098,,3.420706413909959e-05,0.3333333333333332,44244
0.52,ascending,1.0,0.15,20,30,<3>par,12,0.6,-2.055776791666666,0.1676908333333333,0.9697433333333246,0.3302222222222386,-0.3302088888889052,0.9699466666666564,0.330126666666683,0.969435555555546,5.182962962963019e-05,0.4332593574074075,,5.210143330003706e-05,0.3333333333333332,45542
0.52,ascending,1.0,0.15,20,30,<3>par,12,0.7,-2.074722916666666,0.1954360714285714,0.9592366666666596,0.32895333333335,-0.3289877777777942,0.959558888888882,0.3288055555555722,0.9586422222222164,6.749444444444459e-05,0.4292414537037039,,6.71554301898771e-05,0.3333333333333332,46754
0.52,ascending,1.0,0.15,20,30,<3>par,12,0.8,-2.094881833333332,0.2234678124999999,0.9467811111111148,0.3276433333333503,-0.327522222222239,0.9465544444444478,0.3271733333333503,0.945313333333337,8.91611111111111e-05,0.4242920537037037,,9.592513127707676e-05,0.3333333333333332,46987
0.52,ascending,1.0,0.15,20,30,<3>par,12,0.86,-2.1109002083333333,0.2411875968992248,0.9382755555555596,0.3263200000000171,-0.3260955555555725,0.9382722222222242,0.3257877777777949,0.9371655555555598,0.0001093981481481,0.4210994944444455,,0.0001096439270859,0.3333333333333332,47428
0.52,ascending,1.0,0.15,20,30,<3>par,12,0.87,-2.1137043333333327,0.2439363984674329,0.9352322222222268,0.3260422222222394,-0.3257255555555723,0.9353466666666714,0.3255866666666839,0.9340622222222266,0.0001065148148148,0.4199357037037036,,0.0001167139002309,0.3333333333333332,48184
0.52,ascending,1.0,0.15,20,30,<3>par,12,0.88,-2.1137398333333324,0.2472592803030302,0.9362711111111166,0.3259288888889064,-0.3258633333333506,0.9360588888888928,0.3254511111111287,0.9349133333333378,0.0001103314814814,0.4201915129629633,,0.0001167851772372,0.3333333333333332,47892
0.52,ascending,1.0,0.15,20,30,<3>par,12,0.89,-2.1179167916666666,0.2509239700374531,0.9333722222222262,0.3259155555555727,-0.3254811111111284,0.932997777777782,0.3253366666666841,0.931338888888895,0.0001301074074074,0.4189889296296307,,0.0001168157036787,0.3333333333333332,47933
0.52,ascending,1.0,0.15,20,30,<3>par,12,0.9,-2.1207635833333334,0.2529349999999999,0.9319644444444511,0.325586666666684,-0.3253544444444616,0.9321166666666753,0.3249688888889061,0.9303688888888968,0.0001243759259259,0.4186016499999995,,0.000126485913856,0.3333333333333332,48404
0.52,ascending,1.0,0.15,20,30,<3>par,12,0.91,-2.1227059166666664,0.2556091575091574,0.9314366666666698,0.3256500000000173,-0.3253422222222396,0.9309411111111172,0.3251588888889063,0.929372222222226,0.0001264055555555,0.4182678277777785,,0.0001259859116593,0.3333333333333332,48487
0.52,ascending,1.0,0.15,20,30,<3>par,12,0.92,-2.125812,0.2588422101449275,0.9284077777777846,0.3252522222222393,-0.3248744444444617,0.9285433333333408,0.3248377777777949,0.926585555555564,0.0001360685185185,0.4172018518518526,,0.0001295346546462,0.3333333333333332,48565
0.52,ascending,1.0,0.15,20,30,<3>par,12,0.93,-2.1271172083333325,0.260426523297491,0.9266466666666752,0.3251655555555728,-0.3247144444444616,0.926294444444455,0.3244577777777954,0.9248888888888996,0.0001303425925925,0.4164804129629638,,0.000138036077283,0.3333333333333332,48529
0.52,ascending,1.0,0.15,20,30,<3>par,12,0.9351,-2.1288320833333327,0.2625540049192599,0.925010000000008,0.3248344444444617,-0.3247188888889064,0.9251233333333432,0.3243888888889059,0.9230666666666782,0.0001331166666666,0.4158664444444444,,0.000129179757192,0.3333333333333332,48750
0.52,ascending,1.0,0.15,20,30,<3>par,12,0.94,-2.1314098749999992,0.263807890070922,0.9265333333333388,0.324905555555573,-0.3245377777777952,0.9261833333333396,0.3243955555555729,0.9241522222222296,0.0001261796296296,0.4162676018518522,,0.0001331635851997,0.3333333333333332,48775
0.52,ascending,1.0,0.15,20,30,<3>par,12,0.95,-2.131793916666666,0.26687,0.9223255555555644,0.3247088888889062,-0.3245288888889061,0.9223300000000104,0.324184444444462,0.9198533333333428,0.0001401203703703,0.4147466574074075,,0.0001366867827512,0.3333333333333332,48765
0.52,ascending,1.0,0.15,20,30,<3>par,12,0.96,-2.134632833333333,0.2698092013888889,0.9221888888888976,0.3242666666666841,-0.324117777777795,0.9224844444444537,0.3236411111111286,0.9202022222222316,0.0001377555555555,0.4147744407407406,,0.0001414715074484,0.3333333333333332,49018
0.52,ascending,1.0,0.15,20,30,<3>par,12,0.97,-2.1377608333333327,0.2722737972508591,0.9221811111111234,0.3248122222222399,-0.3244111111111287,0.9223700000000106,0.3241833333333507,0.9204855555555674,0.0001453611111111,0.414958044444444,,0.0001420566420328,0.3333333333333332,49025
0.52,ascending,1.0,0.15,20,30,<3>par,12,0.98,-2.140225875,0.2752275510204082,0.9207200000000124,0.3244400000000174,-0.3241622222222394,0.920167777777789,0.3237866666666841,0.9184233333333452,0.0001462018518518,0.4141493666666669,,0.0001497584976372,0.3333333333333332,49119
0.52,ascending,1.0,0.15,20,30,<3>par,12,0.99,-2.1434300833333326,0.2786116161616161,0.917607777777791,0.3241200000000174,-0.3237111111111284,0.9177144444444566,0.3232388888889062,0.9150911111111252,0.0001522722222222,0.4128724185185195,,0.0001558528586521,0.3333333333333332,49351
0.52,ascending,1.0,0.15,20,30,<3>par,12,1.0,-2.14730825,0.28253875,0.9171888888889022,0.3238611111111282,-0.3234900000000171,0.9164677777777908,0.3231977777777946,0.9144822222222384,0.0001647351851851,0.4125363500000013,,0.0001575208486304,0.3333333333333332,49820
0.52,ascending,1.0,0.15,20,30,<3>par,12,1.01,-2.148843083333333,0.2845353960396039,0.9151133333333464,0.3236166666666837,-0.3231377777777952,0.9154555555555698,0.322862222222239,0.9128833333333491,0.0001547999999999,0.4118919944444456,,0.0001673597852823,0.3333333333333332,49541
0.52,ascending,1.0,0.15,20,30,<3>par,12,1.02,-2.151873375,0.2878112745098038,0.9111266666666828,0.323398888888906,-0.3229433333333499,0.910671111111124,0.3224155555555718,0.9083377777777948,0.0001745111111111,0.4102789574074074,,0.0001621933092426,0.3333333333333332,49722
0.52,ascending,1.0,0.15,20,30,<3>par,12,1.1,-2.1762337083333327,0.3108704545454545,0.8969711111111252,0.3214022222222381,-0.3208555555555711,0.8966033333333483,0.3201888888889043,0.893712222222236,0.0002027759259259,0.4046241555555558,,0.0001979394587243,0.3333333333333332,50466
0.52,ascending,1.0,0.15,20,30,<3>par,12,1.2,-2.2094716249999995,0.3399811111111111,0.8764233333333358,0.3190522222222358,-0.3180733333333451,0.8769044444444486,0.3174200000000113,0.8713377777777779,0.0002332629629629,0.3961279277777781,,0.0002423956072424,0.3333333333333332,51547
0.52,ascending,1.0,0.15,20,30,<3>par,13,0.05,-2.006642625,0.0139783333333333,0.9997699999999972,0.3332911111111257,-0.3332911111111257,0.9997699999999972,0.3332911111111257,0.9997699999999972,3.833333333333322e-07,0.4443540870370224,,3.833333333333382e-07,0.3333333333333332,40532
0.52,ascending,1.0,0.15,20,30,<3>par,13,0.1,-2.0079666666666665,0.0274749999999999,0.999174444444432,0.3332555555555702,-0.3332555555555702,0.999174444444432,0.3332555555555702,0.999174444444432,1.401851851851845e-06,0.4441447166666608,,1.376633270391192e-06,0.3333333333333333,40789
0.52,ascending,1.0,0.15,20,30,<3>par,13,0.2,-2.012074416666666,0.0555904166666666,0.9967488888888612,0.3329444444444593,-0.3329344444444593,0.996745555555528,0.3329322222222371,0.996745555555528,5.249999999999984e-06,0.443231400000008,,5.633254495421273e-06,0.3333333333333332,41770
0.52,ascending,1.0,0.15,20,30,<3>par,13,0.3,-2.019211083333333,0.0830841666666666,0.9927233333333062,0.3325622222222373,-0.3325422222222374,0.9928155555555284,0.3325511111111262,0.9927377777777509,1.1922222222222656e-05,0.4417782185185231,,1.2800643563254702e-05,0.3333333333333332,42848
0.52,ascending,1.0,0.15,20,30,<3>par,13,0.4,-2.0286412916666663,0.1110583333333333,0.9869599999999747,0.3317122222222376,-0.331696666666682,0.9869488888888636,0.3316844444444599,0.986967777777753,2.1814814814815756e-05,0.4395675537037066,,2.127132928527332e-05,0.3333333333333332,43572
0.52,ascending,1.0,0.15,20,30,<3>par,13,0.5,-2.0423556666666656,0.1394833333333333,0.9787966666666488,0.3311733333333491,-0.3311411111111269,0.9789688888888712,0.3311600000000158,0.978769999999982,3.712222222222296e-05,0.4366454703703699,,3.611180915002316e-05,0.3333333333333332,44748
0.52,ascending,1.0,0.15,20,30,<3>par,13,0.6,-2.055995,0.1668622222222222,0.9689233333333236,0.3301177777777939,-0.3299688888889051,0.969268888888879,0.3299922222222384,0.9684244444444354,5.58888888888892e-05,0.4328852259259256,,5.541570200061568e-05,0.3333333333333332,45702
0.52,ascending,1.0,0.15,20,30,<3>par,13,0.7,-2.074640458333333,0.1955925,0.9594177777777734,0.3286611111111275,-0.3286611111111276,0.959377777777774,0.3285333333333499,0.9587222222222188,6.837037037037063e-05,0.429178592592593,,6.829700144401841e-05,0.3333333333333332,46593
0.52,ascending,1.0,0.15,20,30,<3>par,13,0.8,-2.094796333333332,0.2245048958333333,0.9457877777777818,0.3271166666666839,-0.3270022222222393,0.9457644444444484,0.3267722222222393,0.9445800000000056,9.589629629629658e-05,0.4238988092592597,,0.0001030319098574,0.3333333333333332,46951
0.52,ascending,1.0,0.15,20,30,<3>par,13,0.86,-2.1100045416666657,0.2415749031007751,0.9363088888888934,0.3264044444444613,-0.3260922222222391,0.9361388888888948,0.3258588888889058,0.9344555555555616,0.0001079203703703,0.4201983500000009,,0.0001134805619855,0.3333333333333332,48199
0.52,ascending,1.0,0.15,20,30,<3>par,13,0.87,-2.110822999999999,0.2439269157088122,0.9367244444444492,0.3258144444444617,-0.3256577777777949,0.9363611111111172,0.3255244444444616,0.93515555555556,0.00011505,0.420247029629629,,0.0001212745109164,0.3333333333333332,48100
0.52,ascending,1.0,0.15,20,30,<3>par,13,0.88,-2.1145686666666657,0.2480414772727272,0.9328644444444508,0.3260588888889063,-0.3258600000000174,0.932795555555563,0.3256500000000172,0.9313400000000064,0.0001352777777777,0.4190600648148141,,0.0001227373129697,0.3333333333333332,48066
0.52,ascending,1.0,0.15,20,30,<3>par,13,0.89,-2.118003333333333,0.2499345505617977,0.9330722222222316,0.3262455555555727,-0.3259588888889064,0.9331533333333388,0.3256222222222396,0.9313455555555624,0.000126637037037,0.4191158814814829,,0.0001220387396795,0.3333333333333332,48372
0.52,ascending,1.0,0.15,20,30,<3>par,13,0.9,-2.120251749999999,0.2519209259259259,0.9332988888888976,0.3258533333333504,-0.3255222222222396,0.933685555555562,0.3253511111111283,0.9319511111111176,0.0001148388888888,0.4192117388888901,,0.0001228701844573,0.3333333333333332,48425
0.52,ascending,1.0,0.15,20,30,<3>par,13,0.91,-2.122346458333333,0.2555322344322344,0.931177777777784,0.3256722222222393,-0.3254566666666839,0.9315122222222266,0.3250677777777951,0.9289688888888948,0.0001166722222222,0.4181364370370371,,0.0001263263781455,0.3333333333333332,48649
0.52,ascending,1.0,0.15,20,30,<3>par,13,0.92,-2.1227667916666664,0.2577675724637681,0.928960000000009,0.3253044444444619,-0.3249388888889063,0.9290311111111192,0.3246733333333503,0.9271755555555632,0.0001376148148148,0.4173823740740744,,0.0001218003941895,0.3333333333333332,48456
0.52,ascending,1.0,0.15,20,30,<3>par,13,0.93,-2.126401583333333,0.2621648745519713,0.9255344444444537,0.3251233333333503,-0.3246733333333502,0.9255933333333426,0.324348888888906,0.923642222222232,0.0001290962962962,0.4161884833333325,,0.0001324478341541,0.3333333333333332,48742
0.52,ascending,1.0,0.15,20,30,<3>par,13,0.9351,-2.127366083333332,0.2630225822550172,0.925236666666675,0.3254455555555731,-0.3247788888889066,0.9245477777777868,0.3245711111111283,0.9229077777777902,0.0001369129629629,0.4158240629629628,,0.0001457195573084,0.3333333333333332,48984
0.52,ascending,1.0,0.15,20,30,<3>par,13,0.94,-2.129478291666666,0.264242109929078,0.9246700000000104,0.3249544444444618,-0.3245266666666838,0.9247411111111224,0.3242066666666837,0.923046666666676,0.000134287037037,0.415834437037037,,0.0001297487500957,0.3333333333333332,48350
0.52,ascending,1.0,0.15,20,30,<3>par,13,0.95,-2.1329267916666663,0.266618947368421,0.9242066666666772,0.3245577777777952,-0.3244644444444617,0.9240822222222338,0.3239088888889064,0.9220900000000132,0.0001403629629629,0.4154495222222223,,0.0001383772573834,0.3333333333333332,48871
0.52,ascending,1.0,0.15,20,30,<3>par,13,0.96,-2.1357193333333333,0.2704863715277777,0.9222133333333418,0.3247133333333507,-0.3241633333333507,0.9224177777777864,0.3238500000000173,0.920701111111122,0.0001352925925925,0.4149028574074072,,0.0001398553721598,0.3333333333333332,48873
0.52,ascending,1.0,0.15,20,30,<3>par,13,0.97,-2.1389678333333326,0.2730777491408935,0.9213888888889008,0.3243666666666837,-0.3239555555555725,0.9218200000000112,0.3236766666666837,0.919097777777792,0.0001514296296296,0.4143509018518519,,0.0001423977495651,0.3333333333333332,48796
0.52,ascending,1.0,0.15,20,30,<3>par,13,0.98,-2.140869583333333,0.2764267006802721,0.9178988888888996,0.3241000000000171,-0.323658888888906,0.9186422222222348,0.3231788888889056,0.9153388888889028,0.0001521222222222,0.4130730259259266,,0.0001490696041567,0.3333333333333332,49145
0.52,ascending,1.0,0.15,20,30,<3>par,13,0.99,-2.1440872916666662,0.2791913299663299,0.916282222222236,0.3239466666666842,-0.3238155555555727,0.9166700000000132,0.3233877777777951,0.914010000000014,0.0001543574074074,0.4125511277777778,,0.0001568525296014,0.3333333333333332,49100
0.52,ascending,1.0,0.15,20,30,<3>par,13,1.0,-2.146487333333333,0.2811776666666666,0.9163177777777924,0.3238688888889063,-0.3236255555555725,0.9162766666666812,0.3230244444444613,0.913944444444459,0.0001569759259259,0.4124555518518512,,0.0001562876000842,0.3333333333333332,49205
0.52,ascending,1.0,0.15,20,30,<3>par,13,1.01,-2.147321041666666,0.2846468646864686,0.9133211111111268,0.3235288888889059,-0.323181111111128,0.913433333333348,0.3227222222222387,0.9103911111111268,0.0001533962962962,0.4111371481481486,,0.0001547645273798,0.3333333333333332,49814
0.52,ascending,1.0,0.15,20,30,<3>par,13,1.02,-2.153432333333333,0.2871035947712418,0.9128388888889044,0.3234388888889063,-0.3230044444444616,0.9125311111111276,0.3225622222222392,0.9100500000000163,0.0001859259259259,0.4108881870370369,,0.0001634069042665,0.3333333333333332,49285
0.52,ascending,1.0,0.15,20,30,<3>par,13,1.1,-2.1754909583333326,0.3108824242424242,0.8962700000000147,0.3214866666666837,-0.3207900000000165,0.8962977777777931,0.3202655555555708,0.8922555555555662,0.0002044592592592,0.404226816666667,,0.0002107257315464,0.3333333333333332,50282
0.52,ascending,1.0,0.15,20,30,<3>par,13,1.2,-2.208804875,0.3407654861111111,0.8764322222222196,0.3192788888889022,-0.3184222222222352,0.8771999999999972,0.3172777777777884,0.8708866666666574,0.0002340074074074,0.3960130314814816,,0.0002464312136947,0.3333333333333332,51883
0.52,ascending,1.0,0.15,20,30,<3>par,14,0.05,-2.0087717083333327,0.0141016666666666,0.9998288888888864,0.3333033333333479,-0.3333033333333479,0.9998288888888864,0.3333033333333479,0.9998288888888864,2.7037037037037e-07,0.4443776999999865,,2.7037037037037e-07,0.3333333333333333,40549
0.52,ascending,1.0,0.15,20,30,<3>par,14,0.1,-2.0077857083333326,0.0279299999999999,0.9992155555555412,0.3332422222222369,-0.3332422222222369,0.9992155555555412,0.3332422222222369,0.9992166666666522,1.2444444444444392e-06,0.4441540129629589,,1.2958591333750144e-06,0.3333333333333332,41089
0.52,ascending,1.0,0.15,20,30,<3>par,14,0.2,-2.010683458333333,0.0567512499999999,0.9961199999999708,0.3329888888889037,-0.332992222222237,0.9961733333333036,0.3329888888889037,0.9961166666666372,6.092592592592667e-06,0.4430392462963052,,6.730877337182877e-06,0.3333333333333332,41813
0.52,ascending,1.0,0.15,20,30,<3>par,14,0.3,-2.018683875,0.0828825,0.9923299999999718,0.3324511111111262,-0.3324800000000151,0.9923311111110832,0.3324744444444595,0.9923144444444169,1.2800000000000564e-05,0.44160712222223,,1.2755713231379827e-05,0.3333333333333332,43052
0.52,ascending,1.0,0.15,20,30,<3>par,14,0.4,-2.0288732916666663,0.1114777083333333,0.9862233333333116,0.3318111111111267,-0.3318155555555711,0.986256666666644,0.3318188888889045,0.9861777777777544,2.237222222222308e-05,0.4393463981481501,,2.416787275852084e-05,0.3333333333333332,43388
0.52,ascending,1.0,0.15,20,30,<3>par,14,0.5,-2.0415182916666663,0.1391163333333333,0.9787844444444274,0.3311244444444602,-0.3310933333333491,0.978781111111095,0.3310555555555715,0.9786577777777622,3.455740740740823e-05,0.4366104648148138,,3.554418356845372e-05,0.3333333333333332,44393
0.52,ascending,1.0,0.15,20,30,<3>par,14,0.6,-2.057232166666666,0.1676644444444444,0.9690866666666558,0.3299344444444606,-0.3298911111111272,0.969231111111099,0.3298366666666829,0.9687566666666552,5.473703703703734e-05,0.4328875314814813,,5.3659099386692055e-05,0.3333333333333332,45230
0.52,ascending,1.0,0.15,20,30,<3>par,14,0.7,-2.076661999999999,0.1951966666666666,0.9592633333333304,0.328754444444461,-0.3287100000000166,0.9588977777777756,0.3285944444444612,0.9585044444444416,6.906666666666707e-05,0.4291150333333322,,7.215116667289789e-05,0.3333333333333332,46218
0.52,ascending,1.0,0.15,20,30,<3>par,14,0.8,-2.09608475,0.2240426041666666,0.9474633333333377,0.3275255555555724,-0.3273588888889059,0.9473266666666718,0.327258888888906,0.9462866666666714,8.630000000000008e-05,0.4245734907407405,,9.70078831502034e-05,0.3333333333333332,47234
0.52,ascending,1.0,0.15,20,30,<3>par,14,0.86,-2.1110837499999997,0.2414249031007752,0.9381288888888945,0.3265688888889058,-0.3264933333333503,0.93817444444445,0.3260577777777949,0.9368955555555616,0.0001095981481481,0.4211325277777781,,0.0001111907119849,0.3333333333333332,47625
0.52,ascending,1.0,0.15,20,30,<3>par,14,0.87,-2.1109075416666663,0.2443450191570881,0.9354711111111144,0.326066666666684,-0.3258055555555729,0.9354644444444492,0.3256177777777952,0.9340911111111164,0.0001235037037037,0.419894357407408,,0.0001237432043642,0.3333333333333332,47786
0.52,ascending,1.0,0.15,20,30,<3>par,14,0.88,-2.1145140833333333,0.2473822916666666,0.9342477777777825,0.3263066666666842,-0.3259944444444619,0.9340633333333388,0.325925555555573,0.9325166666666732,0.0001208537037037,0.4195742555555564,,0.0001164368528022,0.3333333333333332,48003
0.52,ascending,1.0,0.15,20,30,<3>par,14,0.89,-2.115303166666666,0.2512135767790262,0.933977777777782,0.3255233333333507,-0.3252022222222396,0.9340922222222278,0.3249988888889061,0.9325166666666712,0.0001152388888888,0.4192532166666665,,0.0001180354000519,0.3333333333333332,48376
0.52,ascending,1.0,0.15,20,30,<3>par,14,0.9,-2.119626,0.2524527777777777,0.9325988888888948,0.3253677777777952,-0.3251077777777951,0.9327722222222286,0.3249288888889065,0.93140222222223,0.0001270907407407,0.418823196296296,,0.0001156783863155,0.3333333333333332,48192
0.52,ascending,1.0,0.15,20,30,<3>par,14,0.91,-2.1219857083333324,0.2554626373626373,0.9291800000000072,0.3253788888889062,-0.3253666666666841,0.9287577777777848,0.3250544444444618,0.9272211111111188,0.0001181851851851,0.417467431481483,,0.0001360109615812,0.3333333333333332,48685
0.52,ascending,1.0,0.15,20,30,<3>par,14,0.92,-2.125237458333333,0.2585501811594202,0.9285588888888974,0.3253266666666844,-0.3250566666666845,0.9288311111111172,0.3247811111111289,0.9266755555555634,0.0001305851851851,0.4172220129629618,,0.000130611349501,0.3333333333333332,48931
0.52,ascending,1.0,0.15,20,30,<3>par,14,0.93,-2.1276993333333327,0.2605685483870967,0.9290700000000086,0.3251677777777949,-0.3248211111111281,0.9290766666666748,0.3247144444444614,0.9269944444444512,0.0001318425925925,0.4172960796296286,,0.0001345035563705,0.3333333333333332,48359
0.52,ascending,1.0,0.15,20,30,<3>par,14,0.9351,-2.128330125,0.2629754393469504,0.9251044444444548,0.3248166666666842,-0.3245222222222395,0.9246922222222288,0.3241444444444618,0.922633333333345,0.0001371351851851,0.4156849333333328,,0.0001443970342727,0.3333333333333332,48792
0.52,ascending,1.0,0.15,20,30,<3>par,14,0.94,-2.1318747083333323,0.2649244680851064,0.9236166666666752,0.3249077777777949,-0.3246144444444614,0.9241500000000082,0.3243600000000172,0.9212155555555656,0.0001250314814814,0.4153137407407413,,0.0001390254082469,0.3333333333333332,48387
0.52,ascending,1.0,0.15,20,30,<3>par,14,0.95,-2.1319107499999994,0.2668766666666666,0.924840000000008,0.3247044444444618,-0.3244777777777949,0.924726666666677,0.3241888888889061,0.9227688888888992,0.0001406592592592,0.415737938888889,,0.0001349684555763,0.3333333333333332,48783
0.52,ascending,1.0,0.15,20,30,<3>par,14,0.96,-2.1341475,0.2699877604166666,0.9226655555555668,0.3244611111111289,-0.3242277777777952,0.922956666666678,0.3238188888889066,0.9205577777777894,0.0001318685185185,0.4149042666666669,,0.0001367184489861,0.3333333333333332,49142
0.52,ascending,1.0,0.15,20,30,<3>par,14,0.97,-2.139583249999999,0.2729736254295532,0.9205855555555676,0.3245322222222396,-0.324141111111128,0.9209966666666798,0.3238155555555727,0.9183533333333476,0.0001467055555555,0.4141493333333337,,0.0001369050877606,0.3333333333333332,49040
0.52,ascending,1.0,0.15,20,30,<3>par,14,0.98,-2.139913916666666,0.2764664115646258,0.9182944444444582,0.323891111111129,-0.323663333333351,0.9189722222222348,0.3231355555555728,0.9159655555555708,0.0001504537037037,0.4130063611111113,,0.0001510194722008,0.3333333333333332,49118
0.52,ascending,1.0,0.15,20,30,<3>par,14,0.99,-2.143876958333333,0.2800624579124579,0.9165322222222348,0.3238811111111286,-0.323510000000017,0.9168811111111224,0.3231166666666835,0.9139055555555684,0.0001446537037037,0.4125048259259259,,0.0001477875513597,0.3333333333333332,48896
0.52,ascending,1.0,0.15,20,30,<3>par,14,1.0,-2.1453253333333326,0.2811300833333333,0.9137833333333486,0.3239200000000176,-0.3235477777777955,0.913978888888905,0.32314222222224,0.9113133333333516,0.000160024074074,0.4115362018518531,,0.000171978116332,0.3333333333333332,49735
0.52,ascending,1.0,0.15,20,30,<3>par,14,1.01,-2.1491463749999986,0.2840410891089109,0.9144800000000148,0.3235933333333502,-0.3232777777777944,0.9146977777777922,0.3227444444444611,0.9124522222222358,0.0001520703703703,0.4117487518518514,,0.0001617449937925,0.3333333333333332,49441
0.52,ascending,1.0,0.15,20,30,<3>par,14,1.02,-2.151300791666666,0.2877552287581699,0.9104855555555716,0.3230322222222392,-0.3224222222222389,0.910600000000016,0.3219488888889057,0.9076488888889072,0.0001651777777777,0.4100538259259263,,0.0001773679118569,0.3333333333333332,49434
0.52,ascending,1.0,0.15,20,30,<3>par,14,1.1,-2.1755312916666663,0.3114153787878788,0.899001111111129,0.3219844444444607,-0.3214611111111269,0.8996444444444625,0.3207566666666814,0.8956955555555737,0.0001943888888888,0.4055289796296298,,0.0001986431295993,0.3333333333333332,50320
0.52,ascending,1.0,0.15,20,30,<3>par,14,1.2,-2.2098531249999995,0.3407579861111111,0.8779344444444459,0.3193477777777923,-0.3182222222222347,0.8785688888888905,0.3178211111111234,0.8730677777777753,0.0002416074074074,0.396816142592594,,0.0002362893025286,0.3333333333333332,51218
0.52,ascending,1.0,0.15,20,30,<3>par,15,0.05,-2.005602333333333,0.0143916666666666,0.9997655555555516,0.333294444444459,-0.333294444444459,0.9997655555555516,0.333294444444459,0.9997655555555516,3.944444444444433e-07,0.4443537277777641,,3.91885248127317e-07,0.3333333333333332,41054
0.52,ascending,1.0,0.15,20,30,<3>par,15,0.1,-2.0083360416666665,0.0277699999999999,0.9991444444444338,0.3332477777777924,-0.3332477777777924,0.9991444444444338,0.3332477777777924,0.9991444444444338,1.5222222222222156e-06,0.4441322944444342,,1.36262900020832e-06,0.3333333333333332,40930
0.52,ascending,1.0,0.15,20,30,<3>par,15,0.2,-2.012398291666666,0.0556008333333333,0.9964188888888628,0.3329777777777926,-0.3329700000000148,0.9964255555555293,0.3329700000000148,0.9964166666666404,5.720370370370376e-06,0.4431355537037093,,6.037513618914422e-06,0.3333333333333332,41680
0.52,ascending,1.0,0.15,20,30,<3>par,15,0.3,-2.018904125,0.0827266666666666,0.9925422222221916,0.332507777777793,-0.3325100000000152,0.9925155555555252,0.3325033333333486,0.9925133333333028,1.1892592592593035e-05,0.4416869555555638,,1.2641296160530177e-05,0.3333333333333332,42519
0.52,ascending,1.0,0.15,20,30,<3>par,15,0.4,-2.028861374999999,0.1108897916666666,0.9869866666666424,0.3319411111111264,-0.3319433333333487,0.9869466666666424,0.3319311111111265,0.9868666666666424,2.19555555555565e-05,0.4396215629629646,,2.1748172510402853e-05,0.3333333333333332,43190
0.52,ascending,1.0,0.15,20,30,<3>par,15,0.5,-2.0413565,0.1397653333333333,0.9788888888888688,0.3308900000000158,-0.3308522222222381,0.9788755555555356,0.3308611111111269,0.9787344444444246,3.7092592592593184e-05,0.4365464185185166,,3.682477922179633e-05,0.3333333333333332,44637
0.52,ascending,1.0,0.15,20,30,<3>par,15,0.6,-2.0568702083333323,0.1670583333333333,0.9707811111110988,0.3299766666666828,-0.3299277777777939,0.9708044444444334,0.3298800000000161,0.970524444444434,4.6811111111111634e-05,0.4335263037037029,,5.1242663482613375e-05,0.3333333333333332,45103
0.52,ascending,1.0,0.15,20,30,<3>par,15,0.7,-2.0738194999999995,0.1959323809523809,0.960781111111109,0.3290988888889053,-0.3290011111111278,0.9611777777777748,0.3289800000000166,0.9603244444444432,7.260370370370396e-05,0.4298062388888891,,6.578501245265956e-05,0.3333333333333332,46471
0.52,ascending,1.0,0.15,20,30,<3>par,15,0.8,-2.0967708333333324,0.2242871874999999,0.9461911111111106,0.3275711111111278,-0.3275277777777948,0.946091111111111,0.3272911111111279,0.9450866666666664,0.0001018259259259,0.4242260222222224,,9.528109931279833e-05,0.3333333333333332,47223
0.52,ascending,1.0,0.15,20,30,<3>par,15,0.86,-2.1097121249999997,0.2404464147286821,0.9379711111111156,0.3263900000000173,-0.3261722222222395,0.9380144444444498,0.3259666666666839,0.9367300000000044,0.0001168129629629,0.4209453833333345,,0.000117384772903,0.3333333333333332,47994
0.52,ascending,1.0,0.15,20,30,<3>par,15,0.87,-2.1124348333333325,0.2451895593869731,0.9351366666666748,0.3260644444444617,-0.3259433333333506,0.9346622222222304,0.3256366666666841,0.93350111111112,0.0001152592592592,0.4197591129629635,,0.0001143979798091,0.3333333333333332,47653
0.52,ascending,1.0,0.15,20,30,<3>par,15,0.88,-2.1157939999999997,0.2463928977272727,0.9359300000000044,0.3262422222222395,-0.3260911111111284,0.9363311111111154,0.3258922222222397,0.93455666666667,0.0001204555555555,0.4202460870370379,,0.0001179353225717,0.3333333333333332,48217
0.52,ascending,1.0,0.15,20,30,<3>par,15,0.89,-2.118094708333333,0.2511937265917602,0.9315066666666704,0.3258688888889065,-0.3254733333333506,0.9307800000000046,0.3253233333333508,0.9296211111111168,0.000113574074074,0.4184302240740745,,0.0001232097806907,0.3333333333333332,48338
0.52,ascending,1.0,0.15,20,30,<3>par,15,0.9,-2.1201067916666654,0.2531825925925925,0.9306500000000084,0.3253355555555727,-0.3249833333333505,0.931692222222231,0.3248988888889061,0.929457777777786,0.000131924074074,0.4181647092592591,,0.0001267650770484,0.3333333333333332,48485
0.52,ascending,1.0,0.15,20,30,<3>par,15,0.91,-2.1235135,0.2548895604395604,0.928603333333342,0.3254900000000171,-0.3254311111111283,0.9284555555555633,0.3249866666666837,0.926922222222229,0.0001276703703703,0.4173595722222228,,0.0001271906082662,0.3333333333333332,48164
0.52,ascending,1.0,0.15,20,30,<3>par,15,0.92,-2.122886999999999,0.2585721014492753,0.9282722222222296,0.3250811111111287,-0.3248177777777954,0.9281800000000056,0.3244533333333511,0.9262488888888962,0.0001324629629629,0.4170344870370379,,0.0001384696747262,0.3333333333333332,48231
0.52,ascending,1.0,0.15,20,30,<3>par,15,0.93,-2.1266059166666658,0.26071729390681,0.9291733333333412,0.3251300000000175,-0.3249588888889065,0.929595555555565,0.3246344444444621,0.9276300000000112,0.0001220111111111,0.4175660944444451,,0.0001288697609935,0.3333333333333332,48732
0.52,ascending,1.0,0.15,20,30,<3>par,15,0.9351,-2.128953166666666,0.2631199871671478,0.926852222222233,0.3250933333333505,-0.3249255555555729,0.9265822222222332,0.3245255555555731,0.9248888888889004,0.0001313407407407,0.4165467870370382,,0.0001272561942067,0.3333333333333332,48823
0.52,ascending,1.0,0.15,20,30,<3>par,15,0.94,-2.1296934166666657,0.2635531028368794,0.9261200000000092,0.3252877777777953,-0.3249122222222398,0.9264911111111191,0.3244188888889065,0.924471111111122,0.0001398259259259,0.4163886277777782,,0.0001334172043144,0.3333333333333332,48479
0.52,ascending,1.0,0.15,20,30,<3>par,15,0.95,-2.13218325,0.2677616666666667,0.9260300000000096,0.3248833333333503,-0.3245811111111281,0.9267533333333424,0.3240922222222397,0.9244611111111204,0.0001302148148148,0.4163509203703704,,0.000141204206524,0.3333333333333332,48721
0.52,ascending,1.0,0.15,20,30,<3>par,15,0.96,-2.1356055833333327,0.2705153645833333,0.9189333333333468,0.3243488888889064,-0.323956666666684,0.9193488888888998,0.3235611111111284,0.9163122222222329,0.0001504555555555,0.4132798851851842,,0.0001485816533749,0.3333333333333332,49299
0.52,ascending,1.0,0.15,20,30,<3>par,15,0.97,-2.1375457916666663,0.2730598797250859,0.919785555555568,0.3244766666666838,-0.3240766666666837,0.9191522222222366,0.3237000000000168,0.9176944444444574,0.0001569796296296,0.4138422222222221,,0.0001490560291016,0.3333333333333332,48735
0.52,ascending,1.0,0.15,20,30,<3>par,15,0.98,-2.1396057916666664,0.2759720238095238,0.9189633333333452,0.3241922222222401,-0.3236500000000176,0.9190366666666784,0.3231955555555734,0.9165377777777908,0.0001480759259259,0.4133695351851846,,0.0001476149149791,0.3333333333333332,49121
0.52,ascending,1.0,0.15,20,30,<3>par,15,0.99,-2.1427257499999994,0.2791374579124578,0.915711111111125,0.3233744444444613,-0.3228766666666836,0.9152155555555692,0.3225388888889058,0.9128288888889028,0.0001669407407407,0.4118440629629623,,0.0001628976353812,0.3333333333333332,49239
0.52,ascending,1.0,0.15,20,30,<3>par,15,1.0,-2.1482692916666664,0.2823220833333333,0.9159444444444595,0.3238900000000173,-0.3233555555555731,0.9162866666666812,0.3232000000000175,0.9131388888889048,0.0001531148148148,0.412110477777778,,0.000160338690955,0.3333333333333332,49158
0.52,ascending,1.0,0.15,20,30,<3>par,15,1.01,-2.149440375,0.284228300330033,0.913274444444458,0.323708888888906,-0.3234933333333502,0.9140844444444568,0.3227877777777942,0.9105233333333492,0.0001654259259259,0.4112792388888893,,0.0001655276578427,0.3333333333333332,48803
0.52,ascending,1.0,0.15,20,30,<3>par,15,1.02,-2.151051375,0.2880708333333333,0.9122222222222393,0.3235655555555731,-0.323197777777795,0.9123344444444624,0.3227366666666836,0.9095533333333484,0.0001671277777777,0.4108940074074086,,0.0001662374713622,0.3333333333333332,49259
0.52,ascending,1.0,0.15,20,30,<3>par,15,1.1,-2.176246083333333,0.3116222727272727,0.8959088888889072,0.3214444444444611,-0.3209755555555713,0.8961766666666844,0.3202300000000154,0.891876666666684,0.0002008092592592,0.404142892592593,,0.0002029608370546,0.3333333333333332,50687
0.52,ascending,1.0,0.15,20,30,<3>par,15,1.2,-2.2069711666666656,0.3399347916666666,0.8792822222222245,0.3187100000000135,-0.3179222222222332,0.8784788888888891,0.3174077777777894,0.8735622222222196,0.0002570055555555,0.3968770148148154,,0.0002568641932946,0.3333333333333332,51191
0.52,ascending,1.0,0.15,20,30,<3>par,16,0.05,-2.0059427916666666,0.013725,0.9998933333333304,0.3333177777777923,-0.3333177777777923,0.9998933333333304,0.3333177777777923,0.9998933333333304,1.7777777777777798e-07,0.4444038814814676,,1.7777777777777588e-07,0.3333333333333332,40572
0.52,ascending,1.0,0.15,20,30,<3>par,16,0.1,-2.00777925,0.0281608333333333,0.9990444444444244,0.3332611111111258,-0.3332611111111258,0.9990444444444244,0.3332611111111258,0.9990444444444244,1.5407407407407332e-06,0.4441035018518464,,1.5481875671041596e-06,0.3333333333333332,40766
0.52,ascending,1.0,0.15,20,30,<3>par,16,0.2,-2.011546749999999,0.0545304166666666,0.9965822222221936,0.3329488888889038,-0.3329488888889038,0.996586666666638,0.3329488888889038,0.9965822222221936,5.925925925926e-06,0.4431835685185262,,5.619535463483836e-06,0.3333333333333332,41585
0.52,ascending,1.0,0.15,20,30,<3>par,16,0.3,-2.0194840833333325,0.0829852777777777,0.9924644444444144,0.3323888888889041,-0.3324022222222374,0.9925622222221924,0.3323833333333486,0.992467777777748,1.262222222222273e-05,0.441629135185192,,1.1689155516027852e-05,0.3333333333333332,42969
0.52,ascending,1.0,0.15,20,30,<3>par,16,0.4,-2.0269305416666663,0.1106039583333333,0.9870288888888644,0.3318244444444598,-0.3318288888889043,0.9870811111110868,0.3318000000000154,0.9870011111110868,2.092777777777877e-05,0.4396365425925947,,2.1685489034537197e-05,0.3333333333333332,43446
0.52,ascending,1.0,0.15,20,30,<3>par,16,0.5,-2.0412464583333327,0.1393938333333333,0.9783555555555395,0.3311522222222379,-0.3311088888889046,0.9781988888888732,0.3310611111111268,0.978018888888873,3.748333333333413e-05,0.4364183962962943,,3.792504229453022e-05,0.3333333333333332,44489
0.52,ascending,1.0,0.15,20,30,<3>par,16,0.6,-2.0569078749999994,0.1675293055555555,0.9699999999999904,0.3300500000000159,-0.3300355555555715,0.9699333333333237,0.3299733333333492,0.9695777777777675,5.13222222222227e-05,0.4332070388888887,,5.325841860122464e-05,0.3333333333333332,45009
0.52,ascending,1.0,0.15,20,30,<3>par,16,0.7,-2.074786333333333,0.1946984523809523,0.9590988888888868,0.3287833333333501,-0.3285933333333501,0.9590966666666628,0.3285000000000169,0.9585255555555524,6.995740740740783e-05,0.4290792425925919,,7.283326160423117e-05,0.3333333333333332,46735
0.52,ascending,1.0,0.15,20,30,<3>par,16,0.8,-2.0955187916666658,0.2241049999999999,0.947342222222223,0.3275900000000167,-0.3273777777777944,0.9474233333333332,0.3272033333333501,0.946378888888889,9.753888888888916e-05,0.4245956648148146,,9.319530287450436e-05,0.3333333333333332,47696
0.52,ascending,1.0,0.15,20,30,<3>par,16,0.86,-2.109356416666666,0.240684496124031,0.9381444444444492,0.326038888888906,-0.3258833333333504,0.9385688888888926,0.3254700000000173,0.9370777777777812,0.0001138148148148,0.4209829388888889,,0.0001106225561849,0.3333333333333332,47934
0.52,ascending,1.0,0.15,20,30,<3>par,16,0.87,-2.1134421666666663,0.244487356321839,0.9356466666666736,0.3261877777777947,-0.3258922222222393,0.935292222222229,0.3254966666666838,0.934163333333342,0.0001259018518518,0.42002177962963,,0.000120843910351,0.3333333333333332,48129
0.52,ascending,1.0,0.15,20,30,<3>par,16,0.88,-2.1136619999999997,0.2481588068181817,0.9337777777777848,0.3260733333333505,-0.3259022222222394,0.9340100000000068,0.3256766666666839,0.9319555555555628,0.0001143203703703,0.4192971444444456,,0.0001150556897082,0.3333333333333332,47909
0.52,ascending,1.0,0.15,20,30,<3>par,16,0.89,-2.116743291666667,0.2493066479400749,0.9358177777777844,0.3259200000000173,-0.3255622222222398,0.9358888888888942,0.3253600000000175,0.9343700000000076,0.0001237629629629,0.4199682166666668,,0.0001234266989278,0.3333333333333332,48131
0.52,ascending,1.0,0.15,20,30,<3>par,16,0.9,-2.119933333333333,0.2526014814814815,0.9310366666666724,0.3254577777777954,-0.3251188888889065,0.93074333333334,0.3249022222222399,0.9291722222222296,0.0001463648148148,0.418141512962963,,0.0001263747137624,0.3333333333333332,47938
0.52,ascending,1.0,0.15,20,30,<3>par,16,0.91,-2.122775874999999,0.2549382783882783,0.9310344444444514,0.3260433333333508,-0.3258922222222398,0.9305944444444508,0.3256188888889064,0.9295722222222296,0.0001149018518518,0.4183954333333335,,0.0001295156954103,0.3333333333333332,48333
0.52,ascending,1.0,0.15,20,30,<3>par,16,0.92,-2.124373458333333,0.2583637681159419,0.9300811111111188,0.3250911111111285,-0.3247211111111285,0.929826666666676,0.3245244444444616,0.9279566666666754,0.0001382999999999,0.4175155777777789,,0.0001321259171389,0.3333333333333332,48684
0.52,ascending,1.0,0.15,20,30,<3>par,16,0.93,-2.1283501249999994,0.2599720430107526,0.9279088888888968,0.3251933333333505,-0.325008888888906,0.9278844444444524,0.3246344444444615,0.9262211111111188,0.0001247481481481,0.4169582481481491,,0.0001318824524172,0.3333333333333332,48698
0.52,ascending,1.0,0.15,20,30,<3>par,16,0.9351,-2.127717291666666,0.2636578084340355,0.9255288888888948,0.3250466666666839,-0.3247266666666839,0.9259655555555628,0.3242611111111287,0.9235244444444516,0.0001410759259259,0.4160963500000005,,0.0001320533308405,0.3333333333333332,48562
0.52,ascending,1.0,0.15,20,30,<3>par,16,0.94,-2.13189825,0.2643812943262411,0.9239511111111216,0.3247522222222396,-0.3245977777777953,0.9234844444444544,0.3240777777777954,0.921787777777788,0.0001284888888888,0.4154198222222228,,0.0001408823147102,0.3333333333333332,48116
0.52,ascending,1.0,0.15,20,30,<3>par,16,0.95,-2.1324532916666668,0.2678501754385964,0.9232833333333418,0.3247722222222395,-0.3243766666666839,0.9233666666666775,0.3238122222222395,0.9210611111111222,0.0001439222222222,0.4150912000000005,,0.0001423799884732,0.3333333333333332,48917
0.52,ascending,1.0,0.15,20,30,<3>par,16,0.96,-2.135551541666666,0.2706862847222222,0.9211744444444542,0.3243300000000177,-0.3241822222222397,0.9214744444444531,0.3234600000000175,0.9190655555555668,0.0001476722222222,0.4143105814814818,,0.0001464616311849,0.3333333333333332,49311
0.52,ascending,1.0,0.15,20,30,<3>par,16,0.97,-2.138455833333333,0.2731370274914089,0.9205311111111236,0.3246300000000174,-0.3242677777777952,0.9201866666666788,0.3239500000000177,0.9180344444444576,0.0001416555555555,0.4141246611111107,,0.0001497710065043,0.3333333333333332,49353
0.52,ascending,1.0,0.15,20,30,<3>par,16,0.98,-2.1407847499999995,0.2756865646258503,0.9192833333333468,0.3242433333333511,-0.3238855555555731,0.9191022222222348,0.3235600000000176,0.9169411111111266,0.0001435814814814,0.4136368796296291,,0.0001481110043565,0.3333333333333332,49223
0.52,ascending,1.0,0.15,20,30,<3>par,16,0.99,-2.142686666666666,0.2792453703703703,0.9164100000000148,0.3240000000000175,-0.3236411111111285,0.916504444444458,0.3229966666666842,0.9135944444444593,0.0001570555555555,0.4123662425925933,,0.0001567064391869,0.3333333333333332,49175
0.52,ascending,1.0,0.15,20,30,<3>par,16,1.0,-2.146291208333333,0.2812501666666666,0.9173733333333468,0.3239533333333502,-0.3235300000000169,0.9171633333333478,0.32315333333335,0.9152688888889036,0.0001477277777777,0.412915311111112,,0.0001527244638701,0.3333333333333332,49323
0.52,ascending,1.0,0.15,20,30,<3>par,16,1.01,-2.150041208333333,0.2859967821782178,0.9120455555555704,0.3238955555555728,-0.3235933333333507,0.9118733333333487,0.3229566666666839,0.9092577777777968,0.0001669444444444,0.410834742592593,,0.0001744776583613,0.3333333333333332,49393
0.52,ascending,1.0,0.15,20,30,<3>par,16,1.02,-2.152009333333333,0.2890633986928104,0.9099222222222378,0.3233822222222397,-0.322747777777795,0.9095644444444618,0.3225233333333506,0.907071111111127,0.000175337037037,0.4099165981481479,,0.0001633322553224,0.3333333333333332,49497
0.52,ascending,1.0,0.15,20,30,<3>par,16,1.1,-2.176587,0.3110483333333333,0.8961144444444619,0.3219700000000159,-0.3212466666666819,0.8964322222222387,0.3208255555555708,0.8922266666666822,0.0001930092592592,0.4044175555555553,,0.000195759354191,0.3333333333333332,50580
0.52,ascending,1.0,0.15,20,30,<3>par,16,1.2,-2.209396583333333,0.3399756944444444,0.8781966666666681,0.319540000000015,-0.3184477777777915,0.8784422222222259,0.31780777777779,0.8724299999999975,0.0002519185185185,0.3967511388888886,,0.0002308289386995,0.3333333333333332,51254
0.52,ascending,1.0,0.15,20,30,<3>par,17,0.05,-2.0068576249999994,0.0137099999999999,0.9997188888888848,0.3333100000000146,-0.3333100000000146,0.9997188888888848,0.3333100000000146,0.9997188888888848,4.6481481481481323e-07,0.4443434351851737,,4.648148148148162e-07,0.3333333333333332,40699
0.52,ascending,1.0,0.15,20,30,<3>par,17,0.1,-2.0084498333333327,0.0278608333333333,0.999105555555544,0.3332411111111257,-0.3332411111111257,0.999105555555544,0.3332411111111257,0.999105555555544,1.4796296296296225e-06,0.4441171092592506,,1.463066163129647e-06,0.3333333333333333,40911
0.52,ascending,1.0,0.15,20,30,<3>par,17,0.2,-2.012526833333333,0.0567049999999999,0.9966222222221932,0.3329588888889037,-0.3329588888889037,0.9965933333333044,0.3329577777777926,0.9965977777777488,5.729629629629686e-06,0.443190292592599,,5.7283331975671e-06,0.3333333333333332,41858
0.52,ascending,1.0,0.15,20,30,<3>par,17,0.3,-2.019101541666666,0.0831152777777777,0.9920655555555264,0.3325311111111262,-0.3325266666666818,0.9920444444444146,0.3325233333333484,0.9920522222221922,1.3511111111111702e-05,0.4415394962963012,,1.2485791526226932e-05,0.3333333333333332,42275
0.52,ascending,1.0,0.15,20,30,<3>par,17,0.4,-2.0292705833333327,0.1111574999999999,0.986671111111088,0.3319033333333487,-0.3318833333333487,0.9866577777777542,0.3318844444444597,0.9866388888888654,2.245925925926021e-05,0.4395353944444464,,2.1302246041412203e-05,0.3333333333333332,43905
0.52,ascending,1.0,0.15,20,30,<3>par,17,0.5,-2.0408477083333323,0.1385953333333333,0.9791811111110938,0.3310155555555712,-0.3310077777777934,0.9790799999999836,0.3309655555555712,0.9789466666666496,3.706666666666743e-05,0.4366667462962957,,3.604174618340976e-05,0.3333333333333332,44517
0.52,ascending,1.0,0.15,20,30,<3>par,17,0.6,-2.055791124999999,0.1687059722222222,0.9684611111111028,0.3298900000000163,-0.3299144444444607,0.968004444444437,0.3297922222222385,0.9677744444444368,5.632592592592638e-05,0.4325906481481468,,5.408718185290271e-05,0.3333333333333332,45268
0.52,ascending,1.0,0.15,20,30,<3>par,17,0.7,-2.0743164166666666,0.1942227380952381,0.959267777777772,0.3289288888889052,-0.3288544444444607,0.9596833333333296,0.3287133333333496,0.9587766666666644,7.358703703703712e-05,0.4292426148148147,,7.388999669264318e-05,0.3333333333333332,46397
0.52,ascending,1.0,0.15,20,30,<3>par,17,0.8,-2.0951159583333325,0.2241022916666666,0.9456744444444456,0.3272488888889059,-0.3270788888889059,0.9455511111111125,0.3269544444444617,0.9443522222222236,9.534444444444438e-05,0.4238176166666668,,9.96188538389351e-05,0.3333333333333332,47220
0.52,ascending,1.0,0.15,20,30,<3>par,17,0.86,-2.110219583333333,0.2418093992248062,0.936742222222228,0.3261277777777951,-0.3259333333333507,0.936746666666672,0.3255922222222396,0.935116666666672,0.0001155703703703,0.4204008925925931,,0.0001056916312828,0.3333333333333332,48351
0.52,ascending,1.0,0.15,20,30,<3>par,17,0.87,-2.1112937916666654,0.2443401340996168,0.93494333333334,0.3262911111111284,-0.3261455555555728,0.935077777777782,0.3258900000000171,0.9330866666666712,0.0001110592592592,0.419768975925925,,0.0001183409055253,0.3333333333333332,48055
0.52,ascending,1.0,0.15,20,30,<3>par,17,0.88,-2.114382166666666,0.2477590909090908,0.9334322222222264,0.3262822222222394,-0.3261688888889063,0.9331388888888908,0.3257544444444617,0.9313944444444494,0.0001244092592592,0.4191673870370367,,0.0001220471516905,0.3333333333333332,48439
0.52,ascending,1.0,0.15,20,30,<3>par,17,0.89,-2.117971833333333,0.2500417602996254,0.9324044444444544,0.325687777777795,-0.3255088888889064,0.9320788888888948,0.3252922222222396,0.9306877777777864,0.0001116462962962,0.4187752907407397,,0.0001264912559024,0.3333333333333332,48538
0.52,ascending,1.0,0.15,20,30,<3>par,17,0.9,-2.119278833333333,0.2529818518518518,0.9303244444444498,0.3254966666666842,-0.3253355555555732,0.9303666666666738,0.325045555555573,0.9285100000000092,0.0001290666666666,0.4179399814814819,,0.0001165289483255,0.3333333333333332,48217
0.52,ascending,1.0,0.15,20,30,<3>par,17,0.91,-2.122881875,0.2568760989010988,0.9300366666666704,0.325508888888906,-0.3253166666666841,0.9298133333333404,0.3250911111111285,0.9280666666666724,0.0001336629629629,0.4178270629629635,,0.0001213516493264,0.3333333333333332,48575
0.52,ascending,1.0,0.15,20,30,<3>par,17,0.92,-2.1231984999999995,0.257976268115942,0.9301000000000088,0.3251088888889061,-0.324896666666684,0.9309044444444532,0.3246755555555726,0.9286311111111192,0.0001234555555555,0.4178618407407416,,0.0001285761120369,0.3333333333333332,48878
0.52,ascending,1.0,0.15,20,30,<3>par,17,0.93,-2.1268700833333334,0.2612054659498207,0.9269055555555636,0.3254088888889059,-0.3251711111111283,0.9270266666666748,0.3248566666666839,0.9250666666666748,0.0001329888888888,0.4166878777777785,,0.0001362826150051,0.3333333333333332,48648
0.52,ascending,1.0,0.15,20,30,<3>par,17,0.9351,-2.1286569166666665,0.2623538480732898,0.9260633333333425,0.3250355555555723,-0.3247833333333502,0.9261855555555644,0.3245266666666837,0.9240588888888998,0.0001452833333333,0.4162211759259261,,0.0001330961306725,0.3333333333333332,48588
0.52,ascending,1.0,0.15,20,30,<3>par,17,0.94,-2.130763833333333,0.2636486702127659,0.9258688888888956,0.3251055555555728,-0.3246744444444618,0.9259333333333406,0.3243755555555728,0.924400000000008,0.0001252222222222,0.4163368481481495,,0.0001352287845781,0.3333333333333332,48359
0.52,ascending,1.0,0.15,20,30,<3>par,17,0.95,-2.1343,0.2676099122807017,0.9243222222222324,0.3247688888889063,-0.3244788888889062,0.9239788888888992,0.3242466666666841,0.9221533333333444,0.0001314351851851,0.4155802129629633,,0.000135825878559,0.3333333333333332,48930
0.52,ascending,1.0,0.15,20,30,<3>par,17,0.96,-2.135718749999999,0.2697610243055555,0.9232766666666776,0.3247288888889064,-0.324443333333351,0.9234211111111224,0.3241455555555731,0.9209977777777912,0.0001447574074074,0.4152072277777787,,0.0001327825972331,0.3333333333333332,48804
0.52,ascending,1.0,0.15,20,30,<3>par,17,0.97,-2.138332958333333,0.2734987972508591,0.9219422222222312,0.3242722222222396,-0.3238588888889062,0.9217077777777865,0.3235011111111285,0.9194055555555648,0.0001499314814814,0.4143721462962957,,0.0001493245785726,0.3333333333333332,48754
0.52,ascending,1.0,0.15,20,30,<3>par,17,0.98,-2.1415504166666657,0.2766281462585033,0.9189033333333428,0.3243877777777952,-0.3240111111111284,0.919565555555566,0.3235644444444615,0.9164055555555664,0.0001539722222222,0.4134649444444448,,0.0001572805408571,0.3333333333333332,49248
0.52,ascending,1.0,0.15,20,30,<3>par,17,0.99,-2.143834541666666,0.278972643097643,0.9161688888889012,0.3239500000000175,-0.3234288888889064,0.9160044444444568,0.323134444444462,0.9135355555555706,0.0001507222222222,0.4123080259259251,,0.0001582960386542,0.3333333333333332,49174
0.52,ascending,1.0,0.15,20,30,<3>par,17,1.0,-2.1469182916666667,0.28172575,0.9163966666666808,0.3237055555555724,-0.3233855555555722,0.9164522222222362,0.3230188888889055,0.9142166666666812,0.0001509166666666,0.4124576481481475,,0.0001496839432287,0.3333333333333332,49219
0.52,ascending,1.0,0.15,20,30,<3>par,17,1.01,-2.149811333333333,0.2845181518151815,0.9122411111111248,0.3234555555555728,-0.3228944444444614,0.912434444444458,0.3226166666666835,0.9089488888889036,0.0001646129629629,0.4106072851851856,,0.000160800950967,0.3333333333333332,49698
0.52,ascending,1.0,0.15,20,30,<3>par,17,1.02,-2.1521949999999994,0.2880444444444444,0.9107255555555712,0.3233988888889063,-0.3230877777777949,0.911104444444461,0.3225766666666838,0.907998888888906,0.0001661629629629,0.4102948944444454,,0.0001685885124713,0.3333333333333332,49769
0.52,ascending,1.0,0.15,20,30,<3>par,17,1.1,-2.175957125,0.3120307575757576,0.8961422222222419,0.3212133333333494,-0.3207988888889044,0.8970988888889055,0.3201400000000147,0.8923544444444638,0.0001934833333333,0.4041062666666667,,0.0002012815320822,0.3333333333333332,50417
0.52,ascending,1.0,0.15,20,30,<3>par,17,1.2,-2.2107408333333325,0.3411612499999999,0.8767788888888886,0.3191822222222367,-0.3182611111111241,0.8769500000000003,0.3174833333333453,0.8710822222222159,0.0002443944444444,0.3963207314814821,,0.0002418900508478,0.3333333333333332,51492
0.52,ascending,1.0,0.15,20,30,<3>par,18,0.05,-2.0083337916666664,0.0136216666666666,0.999818888888884,0.3333000000000146,-0.3333000000000146,0.999818888888884,0.3333000000000146,0.999818888888884,3.018518518518513e-07,0.4443732648148034,,3.018518518518416e-07,0.3333333333333332,40568
0.52,ascending,1.0,0.15,20,30,<3>par,18,0.1,-2.0080980833333326,0.0271116666666666,0.99928222222221,0.3332466666666813,-0.3332466666666813,0.99928222222221,0.3332466666666813,0.99928222222221,1.2370370370370316e-06,0.4441775092592532,,1.1639404889722237e-06,0.3333333333333333,41098
0.52,ascending,1.0,0.15,20,30,<3>par,18,0.2,-2.0135607916666665,0.0557891666666666,0.996796666666638,0.3330033333333481,-0.3330000000000148,0.9967922222221932,0.3330033333333481,0.996794444444416,5.205555555555527e-06,0.4432700370370435,,5.303551779027794e-06,0.3333333333333332,41775
0.52,ascending,1.0,0.15,20,30,<3>par,18,0.3,-2.018475458333333,0.0837983333333333,0.992324444444414,0.3323855555555708,-0.3324000000000152,0.9922988888888584,0.332398888888904,0.9922966666666364,1.2335185185185738e-05,0.4415748981481547,,1.2334635516544125e-05,0.3333333333333332,42562
0.52,ascending,1.0,0.15,20,30,<3>par,18,0.4,-2.0295556249999995,0.1114299999999999,0.9868999999999774,0.3318388888889041,-0.3318444444444597,0.9870922222221994,0.3318366666666819,0.9868899999999772,2.1727777777778693e-05,0.4395907574074092,,2.194962661828952e-05,0.3333333333333332,43823
0.52,ascending,1.0,0.15,20,30,<3>par,18,0.5,-2.041149208333333,0.13948,0.9781377777777605,0.3310077777777936,-0.3309977777777936,0.9778933333333164,0.3309588888889048,0.9778344444444276,3.645925925925991e-05,0.4363029425925906,,3.701394624012052e-05,0.3333333333333332,44230
0.52,ascending,1.0,0.15,20,30,<3>par,18,0.6,-2.0562696666666653,0.1677806944444444,0.9696199999999884,0.3301055555555715,-0.3299977777777937,0.9699044444444336,0.3300088888889049,0.969306666666656,5.765555555555595e-05,0.4331527925925916,,5.064563276427335e-05,0.3333333333333332,45134
0.52,ascending,1.0,0.15,20,30,<3>par,18,0.7,-2.075069708333333,0.1955039285714285,0.9602999999999918,0.3289022222222388,-0.3288300000000165,0.959994444444437,0.3286211111111277,0.9596011111111036,6.718703703703726e-05,0.4294886240740732,,6.969526429462955e-05,0.3333333333333332,46522
0.52,ascending,1.0,0.15,20,30,<3>par,18,0.8,-2.0963829583333338,0.2244467708333332,0.9474355555555596,0.3274555555555727,-0.3274100000000172,0.9477044444444452,0.3271488888889061,0.9466177777777794,8.98037037037039e-05,0.4246815777777784,,9.362058743391888e-05,0.3333333333333332,47288
0.52,ascending,1.0,0.15,20,30,<3>par,18,0.86,-2.1111184999999995,0.2416061046511627,0.93587666666667,0.3262344444444616,-0.3260255555555727,0.9363166666666708,0.3257111111111285,0.93435444444445,0.0001193092592592,0.4201544370370372,,0.0001157870179073,0.3333333333333332,47999
0.52,ascending,1.0,0.15,20,30,<3>par,18,0.87,-2.1120695416666666,0.2441387931034482,0.9334377777777852,0.3258311111111284,-0.3257511111111285,0.93375333333334,0.3254111111111283,0.9315366666666732,0.0001117777777777,0.4190956203703694,,0.0001180016123022,0.3333333333333332,48249
0.52,ascending,1.0,0.15,20,30,<3>par,18,0.88,-2.115411083333333,0.248004356060606,0.9338811111111208,0.3258488888889061,-0.3256711111111285,0.93438333333334,0.3254833333333503,0.9322766666666752,0.0001206314814814,0.4193593648148142,,0.0001172865653672,0.3333333333333332,48056
0.52,ascending,1.0,0.15,20,30,<3>par,18,0.89,-2.1158651249999987,0.2503126404494382,0.9342422222222296,0.3257988888889064,-0.3255455555555731,0.934566666666674,0.3253222222222398,0.9326966666666734,0.0001126074074074,0.4194939055555571,,0.0001248286588919,0.3333333333333332,48005
0.52,ascending,1.0,0.15,20,30,<3>par,18,0.9,-2.1207898333333333,0.2529075,0.9326466666666704,0.325740000000017,-0.3254000000000173,0.933161111111116,0.3254433333333504,0.9311822222222292,0.0001219759259259,0.4189713277777776,,0.0001134927054188,0.3333333333333332,48027
0.52,ascending,1.0,0.15,20,30,<3>par,18,0.91,-2.1239530416666663,0.2559011904761904,0.931570000000006,0.3255000000000174,-0.3252544444444617,0.9315622222222304,0.3249311111111279,0.9294011111111176,0.0001245407407407,0.4182968981481491,,0.0001210649273205,0.3333333333333332,48565
0.52,ascending,1.0,0.15,20,30,<3>par,18,0.92,-2.1250036666666663,0.2592438405797101,0.9283911111111182,0.3253244444444618,-0.3249666666666839,0.9284655555555652,0.3247644444444618,0.9264888888888978,0.0001198277777777,0.4171659518518514,,0.0001266154060991,0.3333333333333332,48776
0.52,ascending,1.0,0.15,20,30,<3>par,18,0.93,-2.125989625,0.2616963261648745,0.924836666666676,0.325076666666684,-0.324784444444462,0.9253022222222322,0.3243933333333506,0.9224066666666764,0.0001346444444444,0.4155836611111104,,0.0001528392531631,0.3333333333333332,48836
0.52,ascending,1.0,0.15,20,30,<3>par,18,0.9351,-2.1271822083333327,0.2621717819841015,0.9273611111111202,0.3247022222222392,-0.3243144444444613,0.927354444444454,0.3240577777777948,0.9255255555555648,0.0001267018518518,0.4166865240740726,,0.0001264037510705,0.3333333333333332,48355
0.52,ascending,1.0,0.15,20,30,<3>par,18,0.94,-2.130702416666665,0.2650871453900709,0.9249533333333428,0.3247388888889062,-0.3242344444444613,0.9248744444444524,0.3240388888889062,0.923264444444454,0.0001294166666666,0.4158112129629636,,0.0001385709670853,0.3333333333333332,48515
0.52,ascending,1.0,0.15,20,30,<3>par,18,0.95,-2.1298038749999995,0.2674109649122806,0.9208122222222332,0.3246955555555729,-0.3242877777777951,0.9216300000000124,0.3240744444444617,0.918742222222236,0.0001515648148148,0.4143101537037036,,0.0001430599975562,0.3333333333333332,48704
0.52,ascending,1.0,0.15,20,30,<3>par,18,0.96,-2.1359122083333326,0.2709691840277777,0.9210711111111196,0.324388888888906,-0.3239788888889059,0.9210488888888984,0.3239122222222392,0.9182166666666772,0.0001576888888888,0.4140128370370382,,0.0001526127141078,0.3333333333333332,48733
0.52,ascending,1.0,0.15,20,30,<3>par,18,0.97,-2.137398166666667,0.2722125429553264,0.9198355555555654,0.3244200000000179,-0.3240866666666839,0.9198811111111226,0.3235433333333508,0.917383333333346,0.0001571462962962,0.4136927666666674,,0.0001461867017166,0.3333333333333332,48630
0.52,ascending,1.0,0.15,20,30,<3>par,18,0.98,-2.140953416666666,0.2754403911564625,0.9200511111111196,0.324458888888906,-0.3238711111111281,0.9200244444444552,0.3234877777777947,0.9176244444444572,0.0001419185185185,0.4138611092592594,,0.0001532466857718,0.3333333333333332,49305
0.52,ascending,1.0,0.15,20,30,<3>par,18,0.99,-2.1431812916666666,0.2789124579124579,0.9185222222222365,0.324168888888906,-0.3238277777777948,0.9185555555555708,0.3235433333333504,0.9162722222222386,0.0001574333333333,0.4133577000000004,,0.0001461259683807,0.3333333333333332,49143
0.52,ascending,1.0,0.15,20,30,<3>par,18,1.0,-2.146334374999999,0.2809888333333333,0.9134366666666812,0.3240711111111281,-0.323666666666684,0.9140188888889018,0.3232211111111279,0.9106188888889056,0.0001544055555555,0.4113539240740733,,0.0001598882581855,0.3333333333333332,49438
0.52,ascending,1.0,0.15,20,30,<3>par,18,1.01,-2.1486229999999997,0.2843403465346534,0.9143044444444616,0.3236088888889063,-0.3231977777777948,0.9147100000000132,0.3229488888889054,0.9112411111111248,0.0001631574074074,0.4115075722222211,,0.0001606407705336,0.3333333333333332,49761
0.52,ascending,1.0,0.15,20,30,<3>par,18,1.02,-2.151409958333332,0.2879638071895424,0.9137411111111252,0.3235833333333506,-0.3232155555555728,0.91374666666668,0.3226866666666836,0.911801111111126,0.0001534592592592,0.411600209259259,,0.0001516763422809,0.3333333333333332,49723
0.52,ascending,1.0,0.15,20,30,<3>par,18,1.1,-2.1773452916666662,0.3116022727272727,0.8971466666666824,0.3215955555555724,-0.3214233333333499,0.8971444444444623,0.320462222222238,0.8936200000000147,0.0001962074074074,0.4048069833333336,,0.0001992953450087,0.3333333333333332,50097
0.52,ascending,1.0,0.15,20,30,<3>par,18,1.2,-2.208388,0.3395674305555555,0.8766366666666664,0.318914444444459,-0.3180388888889008,0.8768644444444437,0.3168922222222334,0.8708844444444381,0.0002409962962962,0.396004601851853,,0.0002425544416801,0.3333333333333332,51446
0.52,ascending,1.0,0.15,20,30,<3>par,19,0.05,-2.0080224583333326,0.0135366666666666,0.9997933333333268,0.3333200000000146,-0.3333200000000146,0.9997933333333268,0.3333200000000146,0.9997933333333268,3.4444444444444365e-07,0.4443714555555442,,3.444444444444433e-07,0.3333333333333333,40691
0.52,ascending,1.0,0.15,20,30,<3>par,19,0.1,-2.0072101666666664,0.0281591666666666,0.9991833333333232,0.3332522222222369,-0.3332522222222369,0.9991833333333232,0.3332522222222369,0.9991855555555452,1.2574074074074011e-06,0.4441465870370273,,1.2745750182060273e-06,0.3333333333333332,41415
0.52,ascending,1.0,0.15,20,30,<3>par,19,0.2,-2.012020791666666,0.0550045833333333,0.9968399999999722,0.3329744444444593,-0.3329644444444593,0.9968322222221944,0.332971111111126,0.9968333333333056,4.975925925925899e-06,0.4432743240740787,,5.075789057951437e-06,0.3333333333333332,41902
0.52,ascending,1.0,0.15,20,30,<3>par,19,0.3,-2.0190359166666667,0.0843058333333333,0.9920044444444174,0.3324844444444595,-0.332478888888904,0.9920099999999727,0.3324822222222374,0.9919944444444172,1.383518518518584e-05,0.4415077555555604,,1.3477359225963078e-05,0.3333333333333332,42624
0.52,ascending,1.0,0.15,20,30,<3>par,19,0.4,-2.0295037083333325,0.1112012499999999,0.986607777777752,0.3318244444444598,-0.331825555555571,0.9867266666666406,0.3317977777777932,0.986602222222196,2.093333333333432e-05,0.4394828740740766,,2.260143905118531e-05,0.3333333333333332,43631
0.52,ascending,1.0,0.15,20,30,<3>par,19,0.5,-2.041456583333334,0.1386968333333333,0.9786744444444264,0.3310477777777937,-0.3310155555555715,0.9788788888888702,0.3310200000000159,0.9785366666666484,3.429444444444514e-05,0.4365672592592589,,3.662429553110889e-05,0.3333333333333332,44397
0.52,ascending,1.0,0.15,20,30,<3>par,19,0.6,-2.058477541666666,0.1674951388888889,0.9697022222222133,0.3301755555555715,-0.3301277777777938,0.969605555555546,0.3300866666666826,0.9692988888888798,5.14796296296301e-05,0.4331776166666655,,5.333083572148355e-05,0.3333333333333332,45341
0.52,ascending,1.0,0.15,20,30,<3>par,19,0.7,-2.074076,0.1963214285714285,0.9583066666666624,0.3285177777777943,-0.3284777777777944,0.9580422222222196,0.3283600000000164,0.9575822222222196,7.204444444444466e-05,0.4287266555555553,,7.628658262067125e-05,0.3333333333333332,46235
0.52,ascending,1.0,0.15,20,30,<3>par,19,0.8,-2.0962601666666667,0.2245428124999999,0.94687666666667,0.3274411111111283,-0.3273400000000173,0.946587777777782,0.326946666666684,0.9459644444444484,9.912777777777814e-05,0.4244179018518531,,9.648451234760928e-05,0.3333333333333332,47426
0.52,ascending,1.0,0.15,20,30,<3>par,19,0.86,-2.1102538749999997,0.241435465116279,0.9396977777777814,0.3265211111111283,-0.3263800000000172,0.9393566666666714,0.3260844444444616,0.9382977777777822,0.000114487037037,0.421563837037038,,0.0001097581998595,0.3333333333333332,48175
0.52,ascending,1.0,0.15,20,30,<3>par,19,0.87,-2.1135106249999995,0.2432643678160919,0.9362722222222258,0.3262444444444617,-0.3259944444444619,0.9362611111111137,0.3257622222222396,0.93463777777778,0.0001109685185185,0.4202261092592587,,0.0001207384363487,0.3333333333333332,48245
0.52,ascending,1.0,0.15,20,30,<3>par,19,0.88,-2.114527041666666,0.2479681818181817,0.9332677777777848,0.3261288888889061,-0.3257111111111285,0.9326155555555607,0.3254477777777952,0.9311100000000068,0.0001245592592592,0.4189739277777795,,0.0001210167383957,0.3333333333333332,48152
0.52,ascending,1.0,0.15,20,30,<3>par,19,0.89,-2.1169425,0.2491191947565543,0.9335444444444508,0.325653333333351,-0.3254833333333508,0.9329222222222284,0.3251622222222398,0.9318444444444514,0.000113437037037,0.4190908814814817,,0.0001233407908229,0.3333333333333332,47956
0.52,ascending,1.0,0.15,20,30,<3>par,19,0.9,-2.119778875,0.2529897222222222,0.9312511111111166,0.3258688888889064,-0.3256522222222396,0.931075555555564,0.3253266666666842,0.9294833333333408,0.0001243666666666,0.4183678851851856,,0.0001259109772789,0.3333333333333332,48312
0.52,ascending,1.0,0.15,20,30,<3>par,19,0.91,-2.1220664166666667,0.255503205128205,0.930730000000004,0.3255033333333506,-0.325188888888906,0.931440000000006,0.3249522222222396,0.9293322222222288,0.0001166703703703,0.4182168925925931,,0.0001311720995718,0.3333333333333332,48693
0.52,ascending,1.0,0.15,20,30,<3>par,19,0.92,-2.124601125,0.2597903985507246,0.9274466666666724,0.3251366666666843,-0.3248788888889062,0.9274622222222292,0.3246100000000174,0.9258155555555624,0.000122237037037,0.4169046148148158,,0.0001340217921681,0.3333333333333332,48733
0.52,ascending,1.0,0.15,20,30,<3>par,19,0.93,-2.126805666666666,0.2620310931899641,0.9259066666666748,0.3251422222222394,-0.3248255555555726,0.9261311111111216,0.3247066666666837,0.9237911111111212,0.0001337259259259,0.4161190685185194,,0.0001338243787625,0.3333333333333332,48446
0.52,ascending,1.0,0.15,20,30,<3>par,19,0.9351,-2.129182166666667,0.2638334580971732,0.9243122222222324,0.3249300000000173,-0.324536666666684,0.9241400000000132,0.3240588888889062,0.9224088888889018,0.0001410925925925,0.4154677481481483,,0.0001432342873361,0.3333333333333332,48243
0.52,ascending,1.0,0.15,20,30,<3>par,19,0.94,-2.130473208333333,0.2640939716312057,0.9253322222222304,0.3251022222222399,-0.3246522222222398,0.9253000000000096,0.3243777777777957,0.9232311111111212,0.0001398296296296,0.4159967518518528,,0.0001326042440667,0.3333333333333332,48554
0.52,ascending,1.0,0.15,20,30,<3>par,19,0.95,-2.1325615,0.2668211403508772,0.9229155555555644,0.3247066666666837,-0.3241944444444613,0.9228722222222304,0.3240166666666836,0.9205677777777864,0.0001477944444444,0.4149290888888892,,0.0001403065273304,0.3333333333333332,48849
0.52,ascending,1.0,0.15,20,30,<3>par,19,0.96,-2.136541416666666,0.2708280381944444,0.9209944444444556,0.3245177777777952,-0.3241088888889066,0.9210611111111234,0.3239911111111282,0.9188055555555684,0.0001536759259259,0.414280277777778,,0.0001406828873834,0.3333333333333332,49125
0.52,ascending,1.0,0.15,20,30,<3>par,19,0.97,-2.1400419166666658,0.2730566151202749,0.9218577777777875,0.3240877777777944,-0.3239822222222389,0.9217566666666772,0.3234877777777944,0.9196588888889016,0.000144224074074,0.4144804796296294,,0.0001530760386297,0.3333333333333332,48982
0.52,ascending,1.0,0.15,20,30,<3>par,19,0.98,-2.140659666666666,0.2760261054421769,0.9175822222222332,0.3236822222222392,-0.323356666666684,0.9173511111111228,0.3230444444444612,0.9150555555555684,0.0001600074074074,0.41274925,,0.0001571373370114,0.3333333333333332,49204
0.52,ascending,1.0,0.15,20,30,<3>par,19,0.99,-2.144113458333333,0.2795281986531986,0.915493333333346,0.3240288888889059,-0.3236255555555725,0.9149688888889016,0.3230233333333499,0.9128222222222362,0.0001773666666666,0.4120049148148151,,0.0001650871089642,0.3333333333333332,49303
0.52,ascending,1.0,0.15,20,30,<3>par,19,1.0,-2.1462977916666666,0.28219425,0.9159466666666792,0.3236877777777951,-0.3234900000000173,0.9157888888889022,0.3229877777777944,0.9135055555555692,0.0001537814814814,0.4121997055555549,,0.0001596571306356,0.3333333333333332,49174
0.52,ascending,1.0,0.15,20,30,<3>par,19,1.01,-2.1476927083333326,0.2843590759075907,0.915481111111124,0.3236455555555728,-0.3230700000000173,0.9155177777777916,0.322890000000017,0.9131377777777928,0.0001548666666666,0.4120808962962951,,0.0001523455473361,0.3333333333333332,49321
0.52,ascending,1.0,0.15,20,30,<3>par,19,1.02,-2.1534474166666664,0.2871815359477124,0.9130111111111237,0.3231344444444615,-0.3229911111111283,0.9128577777777912,0.3223422222222395,0.9103044444444603,0.0001626259259259,0.4110302129629635,,0.0001588672609868,0.3333333333333332,49602
0.52,ascending,1.0,0.15,20,30,<3>par,19,1.1,-2.175579541666666,0.3110514393939394,0.8960066666666873,0.3218011111111273,-0.3210900000000165,0.8958022222222389,0.3203177777777931,0.8918722222222382,0.000185837037037,0.4041676592592583,,0.0002148057213773,0.3333333333333332,50120
0.52,ascending,1.0,0.15,20,30,<3>par,19,1.2,-2.20732075,0.3394061805555555,0.8789911111111143,0.3191877777777918,-0.3184411111111245,0.8789700000000057,0.3179133333333458,0.8737477777777728,0.0002373055555555,0.3970486925925925,,0.0002368692729093,0.3333333333333332,51393
0.52,ascending,1.0,0.15,20,30,<3>par,20,0.05,-2.006688166666667,0.0141783333333333,0.9998055555555532,0.3333111111111257,-0.3333111111111257,0.9998055555555532,0.3333111111111257,0.9998055555555532,3.240740740740734e-07,0.444372546296282,,3.2407407407407856e-07,0.3333333333333333,40364
0.52,ascending,1.0,0.15,20,30,<3>par,20,0.1,-2.007685208333333,0.0281224999999999,0.9991611111111032,0.3332388888889036,-0.3332388888889036,0.9991611111111032,0.3332388888889036,0.9991622222222142,1.331481481481475e-06,0.444134714814804,,1.3450242264884433e-06,0.3333333333333333,40946
0.52,ascending,1.0,0.15,20,30,<3>par,20,0.2,-2.0122493333333327,0.0560049999999999,0.9969844444444188,0.3329855555555704,-0.332992222222237,0.9970022222221964,0.332982222222237,0.9969822222221963,4.848148148148122e-06,0.443327181481486,,5.002392214939792e-06,0.3333333333333332,41845
0.52,ascending,1.0,0.15,20,30,<3>par,20,0.3,-2.0199912083333325,0.0833347222222222,0.9929744444444144,0.3324522222222373,-0.3324411111111262,0.9929711111110806,0.3324411111111262,0.9929811111110806,1.1903703703704214e-05,0.4418190537037109,,1.1803609809090236e-05,0.3333333333333332,42755
0.52,ascending,1.0,0.15,20,30,<3>par,20,0.4,-2.0279867083333327,0.1109793749999999,0.9871099999999754,0.3319766666666822,-0.331965555555571,0.9870855555555308,0.3319566666666821,0.9870755555555304,2.334259259259345e-05,0.4397019259259292,,2.117583778246084e-05,0.3333333333333332,43704
0.52,ascending,1.0,0.15,20,30,<3>par,20,0.5,-2.041103833333333,0.1390559999999999,0.9788044444444266,0.3309777777777936,-0.3310066666666824,0.9787677777777596,0.3309811111111269,0.978603333333315,3.581666666666738e-05,0.4365750259259258,,3.734779693194902e-05,0.3333333333333332,44808
0.52,ascending,1.0,0.15,20,30,<3>par,20,0.6,-2.057241208333332,0.1673647222222222,0.968284444444433,0.3300344444444607,-0.3300222222222385,0.9680822222222129,0.3300000000000163,0.9677911111111012,5.829629629629667e-05,0.4326244833333326,,5.582831594412246e-05,0.3333333333333332,45333
0.52,ascending,1.0,0.15,20,30,<3>par,20,0.7,-2.075639458333333,0.1955916666666666,0.958695555555553,0.3288388888889055,-0.3286677777777944,0.9584311111111086,0.3287044444444609,0.9579466666666652,7.578888888888904e-05,0.4289188240740755,,7.530329226069868e-05,0.3333333333333332,46521
0.52,ascending,1.0,0.15,20,30,<3>par,20,0.8,-2.0965957083333326,0.2239488541666666,0.946378888888888,0.3268877777777947,-0.3267033333333504,0.9460166666666652,0.3265466666666837,0.9451322222222206,0.0001028944444444,0.4239994759259255,,9.659308610741388e-05,0.3333333333333332,47379
0.52,ascending,1.0,0.15,20,30,<3>par,20,0.86,-2.1087241666666667,0.2418856589147286,0.9365322222222274,0.3260700000000173,-0.3258511111111284,0.9366166666666702,0.325606666666684,0.9348677777777814,0.0001164277777777,0.4202834500000005,,0.0001143861799646,0.3333333333333332,47816
0.52,ascending,1.0,0.15,20,30,<3>par,20,0.87,-2.1119091249999995,0.2445620689655172,0.9362000000000033,0.3261233333333507,-0.3258644444444619,0.9360222222222282,0.3257433333333505,0.9348133333333396,0.0001141333333333,0.4202065611111121,,0.0001157479187432,0.3333333333333332,48157
0.52,ascending,1.0,0.15,20,30,<3>par,20,0.88,-2.1147165833333323,0.2469870265151514,0.9346433333333388,0.3260844444444619,-0.3258900000000175,0.9346666666666712,0.3257244444444618,0.9331211111111166,0.0001168111111111,0.419707490740741,,0.0001170081820874,0.3333333333333332,48254
0.52,ascending,1.0,0.15,20,30,<3>par,20,0.89,-2.117265291666666,0.2501611423220973,0.9334544444444498,0.3259255555555731,-0.3255766666666842,0.9335477777777856,0.3253422222222396,0.9321744444444512,0.0001238462962962,0.4192525333333331,,0.0001256228933816,0.3333333333333332,48147
0.52,ascending,1.0,0.15,20,30,<3>par,20,0.9,-2.118362666666667,0.2519575925925926,0.9314944444444524,0.3254911111111284,-0.3251722222222397,0.9318000000000072,0.3249688888889065,0.9300477777777874,0.000113437037037,0.4183782351851849,,0.0001270910412337,0.3333333333333332,48192
0.52,ascending,1.0,0.15,20,30,<3>par,20,0.91,-2.1230300416666665,0.2545854395604395,0.9312544444444516,0.3255722222222396,-0.3254677777777952,0.9312833333333402,0.3251622222222395,0.9296177777777844,0.0001210425925925,0.4183842203703695,,0.0001258676491047,0.3333333333333332,48662
0.52,ascending,1.0,0.15,20,30,<3>par,20,0.92,-2.124100875,0.258058152173913,0.9284655555555626,0.3249633333333507,-0.3245411111111282,0.9285355555555646,0.3242344444444616,0.9269388888888968,0.000122437037037,0.4172178407407408,,0.0001279003207822,0.3333333333333332,48079
0.52,ascending,1.0,0.15,20,30,<3>par,20,0.93,-2.12810975,0.2612362007168459,0.925975555555566,0.3249766666666844,-0.3245677777777955,0.9258566666666728,0.3244255555555733,0.9243688888888992,0.0001396314814814,0.4162794074074079,,0.0001304188869881,0.3333333333333332,48930
0.52,ascending,1.0,0.15,20,30,<3>par,20,0.9351,-2.131178625,0.2623310341139984,0.926255555555564,0.3249722222222397,-0.3246177777777953,0.9258888888888972,0.3242877777777955,0.9236333333333429,0.0001365333333333,0.4160747388888898,,0.0001381093287916,0.3333333333333332,48472
0.52,ascending,1.0,0.15,20,30,<3>par,20,0.94,-2.1307375416666656,0.2650594858156028,0.9246377777777858,0.3249000000000173,-0.3245955555555729,0.9248700000000102,0.3243033333333505,0.9224100000000094,0.0001254574074074,0.4157066425925922,,0.0001380677747909,0.3333333333333332,49174
0.52,ascending,1.0,0.15,20,30,<3>par,20,0.95,-2.133636583333333,0.2677924561403508,0.9216255555555712,0.3247111111111285,-0.3245333333333509,0.9217711111111256,0.3241300000000172,0.918711111111126,0.0001467148148148,0.4143643851851845,,0.0001533892668621,0.3333333333333332,48645
0.52,ascending,1.0,0.15,20,30,<3>par,20,0.96,-2.136585041666666,0.2701163194444444,0.9220811111111238,0.324207777777795,-0.3239533333333507,0.9219155555555676,0.3236555555555729,0.9202177777777888,0.0001459481481481,0.4146569277777784,,0.0001477330557224,0.3333333333333332,48822
0.52,ascending,1.0,0.15,20,30,<3>par,20,0.97,-2.137531833333333,0.2724689003436426,0.9205677777777892,0.3246244444444618,-0.3241888888889062,0.9204477777777886,0.3238555555555729,0.9182611111111236,0.0001425203703703,0.4140982185185187,,0.0001465591623288,0.3333333333333332,49076
0.52,ascending,1.0,0.15,20,30,<3>par,20,0.98,-2.140845125,0.2750932823129251,0.9186588888889003,0.3244744444444618,-0.3241622222222396,0.9179388888889026,0.3237322222222398,0.9159588888889044,0.0001637574074074,0.4132900944444451,,0.0001448524869486,0.3333333333333332,48828
0.52,ascending,1.0,0.15,20,30,<3>par,20,0.99,-2.14428125,0.2790041245791245,0.915734444444458,0.3236644444444617,-0.3232611111111283,0.9156644444444582,0.3229333333333504,0.9131944444444592,0.0001644851851851,0.4121207555555555,,0.0001568360545989,0.3333333333333332,48538
0.52,ascending,1.0,0.15,20,30,<3>par,20,1.0,-2.146875874999999,0.2816943333333333,0.9154177777777924,0.3236400000000173,-0.3234100000000174,0.9162522222222356,0.3229655555555728,0.9133811111111246,0.000156987037037,0.4121324833333334,,0.0001564982244688,0.3333333333333332,49093
0.52,ascending,1.0,0.15,20,30,<3>par,20,1.01,-2.150459041666666,0.2851671617161715,0.9122755555555696,0.3233600000000174,-0.323017777777795,0.912668888888902,0.322728888888906,0.9096822222222342,0.0001721481481481,0.4107878425925931,,0.0001679827540698,0.3333333333333332,49673
0.52,ascending,1.0,0.15,20,30,<3>par,20,1.02,-2.152475541666666,0.2882200163398692,0.9120944444444614,0.3235944444444618,-0.3231555555555732,0.9118666666666824,0.3228333333333507,0.909127777777797,0.0001446814814814,0.410713833333333,,0.0001645129289746,0.3333333333333332,49668
0.52,ascending,1.0,0.15,20,30,<3>par,20,1.1,-2.176524125,0.3106102272727272,0.8977322222222383,0.3212966666666836,-0.3205644444444603,0.8977800000000171,0.3200844444444597,0.8939033333333507,0.0001989555555555,0.404683051851852,,0.0001965250450098,0.3333333333333332,50426
0.52,ascending,1.0,0.15,20,30,<3>par,20,1.2,-2.209360291666667,0.3416588888888888,0.8754588888888899,0.3192977777777911,-0.3184088888889019,0.8760877777777775,0.3173322222222339,0.8695311111111031,0.0002579574074074,0.3956179574074073,,0.0002484550649541,0.3333333333333332,51204
0.52,ascending,1.0,0.15,20,30,<3>par,21,0.05,-2.007769375,0.0136399999999999,0.9997955555555516,0.3333188888889035,-0.3333188888889035,0.9997955555555516,0.3333188888889035,0.9997955555555516,3.4444444444444365e-07,0.4443718259259138,,3.3774438150231734e-07,0.3333333333333332,40968
0.52,ascending,1.0,0.15,20,30,<3>par,21,0.1,-2.0087836666666656,0.0276524999999999,0.999146666666653,0.3332711111111257,-0.3332700000000146,0.999146666666653,0.3332711111111257,0.999146666666653,1.4888888888888825e-06,0.4441407518518456,,1.437100818247688e-06,0.3333333333333332,41129
0.52,ascending,1.0,0.15,20,30,<3>par,21,0.2,-2.0122152916666662,0.0555220833333333,0.9962444444444166,0.3329511111111259,-0.3329488888889037,0.9962399999999724,0.3329511111111259,0.9962433333333056,6.440740740740876e-06,0.4430702462963025,,6.403594752388871e-06,0.3333333333333332,41821
0.52,ascending,1.0,0.15,20,30,<3>par,21,0.3,-2.018726416666666,0.0831291666666666,0.9926766666666376,0.3325022222222373,-0.332518888888904,0.9926877777777484,0.3325222222222374,0.9926777777777483,1.2909259259259776e-05,0.4417444351851926,,1.2591918915935186e-05,0.3333333333333332,42838
0.52,ascending,1.0,0.15,20,30,<3>par,21,0.4,-2.0290331249999998,0.11073,0.986507777777754,0.3319011111111266,-0.3318666666666822,0.9865677777777544,0.33188444444446,0.9864722222221995,2.135370370370463e-05,0.4394784333333348,,2.3036132597791834e-05,0.3333333333333332,43532
0.52,ascending,1.0,0.15,20,30,<3>par,21,0.5,-2.0419382916666664,0.1395139999999999,0.97970888888887,0.3310633333333492,-0.3310266666666825,0.9796777777777582,0.3310000000000158,0.9795211111110914,3.539259259259338e-05,0.4368894685185184,,3.4790707072933045e-05,0.3333333333333332,44506
0.52,ascending,1.0,0.15,20,30,<3>par,21,0.6,-2.0553054166666658,0.1673638888888889,0.969674444444435,0.3302500000000162,-0.330227777777794,0.9698144444444352,0.3301700000000162,0.9693377777777684,5.463148148148164e-05,0.4332150611111108,,5.2422516766020736e-05,0.3333333333333332,45474
0.52,ascending,1.0,0.15,20,30,<3>par,21,0.7,-2.074204208333333,0.1956014285714285,0.9593599999999964,0.3287166666666831,-0.328625555555572,0.9594866666666626,0.3284000000000165,0.9588077777777736,7.537777777777789e-05,0.4291666851851847,,6.75684290173914e-05,0.3333333333333332,46544
0.52,ascending,1.0,0.15,20,30,<3>par,21,0.8,-2.0970236249999994,0.2249062499999999,0.9447977777777798,0.3271888888889059,-0.3270066666666838,0.9449800000000008,0.3267022222222392,0.943808888888891,9.15888888888888e-05,0.4235843388888901,,0.0001038777689908,0.3333333333333332,47434
0.52,ascending,1.0,0.15,20,30,<3>par,21,0.86,-2.110308583333333,0.2401233527131782,0.937932222222227,0.326540000000017,-0.326300000000017,0.937905555555561,0.3261122222222395,0.9366622222222276,0.000123924074074,0.4210459722222219,,0.0001094647072211,0.3333333333333332,47914
0.52,ascending,1.0,0.15,20,30,<3>par,21,0.87,-2.11199525,0.2437324712643678,0.9357566666666728,0.3262477777777948,-0.3260533333333504,0.935214444444452,0.3258355555555728,0.9341966666666748,0.0001173129629629,0.4200247981481482,,0.0001143150716178,0.3333333333333332,48088
0.52,ascending,1.0,0.15,20,30,<3>par,21,0.88,-2.1145971666666656,0.2460247159090908,0.9342988888888948,0.3259644444444613,-0.3258411111111282,0.9346300000000032,0.3256011111111282,0.9333155555555604,0.000114424074074,0.4197100314814832,,0.0001068111566017,0.3333333333333332,47979
0.52,ascending,1.0,0.15,20,30,<3>par,21,0.89,-2.1182829583333325,0.2505269662921348,0.9341011111111176,0.3258466666666837,-0.3255122222222393,0.9345555555555628,0.3253700000000171,0.932780000000008,0.0001252925925925,0.4194879592592587,,0.0001154125271577,0.3333333333333332,47946
0.52,ascending,1.0,0.15,20,30,<3>par,21,0.9,-2.119144416666665,0.2529239814814815,0.9326833333333407,0.3255200000000174,-0.3251422222222396,0.9328955555555588,0.3249211111111285,0.9307044444444488,0.0001178925925925,0.418632646296297,,0.0001243973553755,0.3333333333333332,48529
0.52,ascending,1.0,0.15,20,30,<3>par,21,0.91,-2.123320375,0.2551313186813186,0.9316700000000078,0.3253300000000173,-0.3252077777777952,0.9317188888888966,0.3249044444444618,0.9303122222222292,0.0001043314814814,0.4185051851851852,,0.0001155278840137,0.3333333333333332,48539
0.52,ascending,1.0,0.15,20,30,<3>par,21,0.92,-2.1247931666666657,0.25903125,0.9278600000000076,0.3252911111111286,-0.325054444444462,0.928058888888894,0.3246511111111287,0.9262000000000076,0.0001390499999999,0.4170299388888905,,0.0001262270827746,0.3333333333333332,48568
0.52,ascending,1.0,0.15,20,30,<3>par,21,0.93,-2.1283829166666663,0.2629301075268817,0.9263055555555648,0.3251566666666841,-0.3249533333333507,0.9265522222222322,0.3245155555555729,0.9240588888888988,0.000122224074074,0.4163176925925927,,0.0001418418564923,0.3333333333333332,48604
0.52,ascending,1.0,0.15,20,30,<3>par,21,0.9351,-2.128820166666667,0.2635231526039995,0.9263800000000092,0.3251500000000174,-0.3250122222222395,0.9263511111111185,0.3246222222222395,0.9243511111111204,0.0001345777777777,0.4164830129629632,,0.000134729514088,0.3333333333333332,48398
0.52,ascending,1.0,0.15,20,30,<3>par,21,0.94,-2.1298388333333333,0.2644891843971631,0.924932222222232,0.3249644444444622,-0.3245311111111286,0.9249044444444527,0.3242366666666841,0.922542222222232,0.0001379037037037,0.4157618981481483,,0.0001375004004592,0.3333333333333332,48670
0.52,ascending,1.0,0.15,20,30,<3>par,21,0.95,-2.132136125,0.2668227192982456,0.9237455555555658,0.3248277777777947,-0.3246233333333505,0.9232400000000104,0.3243944444444618,0.9218377777777884,0.0001315444444444,0.4155083222222224,,0.0001360043163144,0.3333333333333332,48886
0.52,ascending,1.0,0.15,20,30,<3>par,21,0.96,-2.136165208333333,0.2703723958333333,0.9205233333333436,0.3248200000000174,-0.3241733333333507,0.9210588888888988,0.3239544444444618,0.9182222222222334,0.0001546685185185,0.4141090925925927,,0.0001453087870708,0.3333333333333332,48813
0.52,ascending,1.0,0.15,20,30,<3>par,21,0.97,-2.138787166666666,0.2734482817869415,0.9188877777777889,0.3243522222222396,-0.3239366666666841,0.9194277777777872,0.3235044444444618,0.9166677777777896,0.0001420944444444,0.4134969074074074,,0.0001517830672247,0.3333333333333332,48697
0.52,ascending,1.0,0.15,20,30,<3>par,21,0.98,-2.140269,0.2753741496598639,0.9203577777777884,0.3240444444444615,-0.323491111111128,0.9201077777777892,0.3230855555555726,0.9180422222222352,0.0001487462962962,0.4138000037037037,,0.0001457242380196,0.3333333333333332,48882
0.52,ascending,1.0,0.15,20,30,<3>par,21,0.99,-2.144141041666667,0.2785452861952862,0.9171455555555676,0.3240211111111281,-0.3235722222222392,0.9170544444444572,0.3232722222222392,0.9142233333333472,0.0001689092592592,0.4124797962962962,,0.0001657722073636,0.3333333333333332,49495
0.52,ascending,1.0,0.15,20,30,<3>par,21,1.0,-2.1473225416666657,0.2825079166666666,0.9171988888889014,0.3237666666666838,-0.3231855555555725,0.917828888888901,0.3229644444444614,0.9148644444444584,0.0001626407407407,0.4126455925925925,,0.0001551227926987,0.3333333333333332,49390
0.52,ascending,1.0,0.15,20,30,<3>par,21,1.01,-2.148730791666667,0.2845686468646864,0.91303444444446,0.3235266666666839,-0.322835555555573,0.9131888888889034,0.3224855555555725,0.9102733333333484,0.0001561407407407,0.4110413962962959,,0.0001620985743273,0.3333333333333332,49839
0.52,ascending,1.0,0.15,20,30,<3>par,21,1.02,-2.151515541666666,0.287892156862745,0.910221111111126,0.3236233333333506,-0.3230022222222394,0.9107377777777924,0.3226055555555723,0.9074866666666822,0.0001651074074074,0.410102564814814,,0.0001731135260101,0.3333333333333332,49731
0.52,ascending,1.0,0.15,20,30,<3>par,21,1.1,-2.1735704166666663,0.3104682575757576,0.8952144444444599,0.3214666666666828,-0.3206300000000159,0.8958544444444583,0.3202622222222375,0.8912622222222356,0.0001988166666666,0.4038131833333324,,0.0002051110869469,0.3333333333333332,50382
0.52,ascending,1.0,0.15,20,30,<3>par,21,1.2,-2.207976666666666,0.3392959027777777,0.8767388888889003,0.3189444444444593,-0.3181144444444578,0.8770866666666731,0.3171688888889005,0.8717033333333389,0.0002460962962962,0.3962831333333342,,0.0002430224151215,0.3333333333333332,51931
0.52,ascending,1.0,0.15,20,30,<3>par,22,0.05,-2.008069208333333,0.0138699999999999,0.999607777777768,0.3333100000000146,-0.3333100000000146,0.999607777777768,0.3333100000000146,0.999607777777768,6.462962962962937e-07,0.4443065759259178,,6.462962962963027e-07,0.3333333333333332,40499
0.52,ascending,1.0,0.15,20,30,<3>par,22,0.1,-2.0085574583333323,0.0274658333333333,0.999178888888879,0.3332100000000147,-0.3332122222222369,0.9991777777777678,0.3332122222222369,0.9991777777777678,1.3740740740740678e-06,0.4441314055555462,,1.3559289372662191e-06,0.3333333333333332,40948
0.52,ascending,1.0,0.15,20,30,<3>par,22,0.2,-2.010154916666666,0.0543341666666666,0.9971255555555274,0.332982222222237,-0.3329766666666814,0.997121111111083,0.332982222222237,0.997129999999972,4.505555555555531e-06,0.4433737777777792,,4.497559060550937e-06,0.3333333333333332,41749
0.52,ascending,1.0,0.15,20,30,<3>par,22,0.3,-2.018098708333333,0.0828202777777777,0.9924977777777472,0.3324688888889041,-0.3324711111111262,0.992476666666636,0.3324600000000152,0.9924688888888584,1.3087037037037635e-05,0.4416601314814892,,1.3279681908544008e-05,0.3333333333333332,42727
0.52,ascending,1.0,0.15,20,30,<3>par,22,0.4,-2.0288055416666664,0.1106289583333333,0.9865333333333092,0.3317833333333487,-0.3317888888889043,0.9866533333333094,0.3317844444444598,0.9865044444444206,2.3311111111112004e-05,0.4394479388888913,,2.1710576499171464e-05,0.3333333333333332,43858
0.52,ascending,1.0,0.15,20,30,<3>par,22,0.5,-2.0417337499999992,0.139876,0.979254444444428,0.3309588888889047,-0.3309200000000159,0.9790899999999836,0.3308977777777936,0.9790299999999836,3.556851851851918e-05,0.4366716388888865,,3.495960608197219e-05,0.3333333333333332,44476
0.52,ascending,1.0,0.15,20,30,<3>par,22,0.6,-2.056398791666666,0.1672261111111111,0.9693211111111032,0.3302044444444604,-0.3302255555555715,0.9694688888888808,0.330170000000016,0.9689777777777706,5.607777777777829e-05,0.4330960092592582,,5.356266622242121e-05,0.3333333333333332,45468
0.52,ascending,1.0,0.15,20,30,<3>par,22,0.7,-2.0746560833333327,0.1962470238095238,0.9579622222222204,0.3289288888889052,-0.328737777777794,0.958328888888887,0.3287100000000164,0.9572611111111112,7.322222222222262e-05,0.4287063444444436,,6.940392024867145e-05,0.3333333333333332,46792
0.52,ascending,1.0,0.15,20,30,<3>par,22,0.8,-2.0972075416666667,0.2242828124999999,0.9464322222222246,0.327298888888906,-0.3271966666666837,0.9463911111111142,0.326997777777795,0.9453711111111144,9.65925925925928e-05,0.424203737037037,,9.516964086039346e-05,0.3333333333333332,47474
0.52,ascending,1.0,0.15,20,30,<3>par,22,0.86,-2.1102720416666654,0.2416923449612402,0.9379677777777816,0.3263300000000172,-0.3260333333333504,0.9376777777777826,0.3257488888889063,0.936296666666674,0.0001116037037037,0.4207247481481484,,0.0001178786241869,0.3333333333333332,47990
0.52,ascending,1.0,0.15,20,30,<3>par,22,0.87,-2.111729833333332,0.2440779693486589,0.936433333333338,0.3263033333333505,-0.3259633333333507,0.9368911111111156,0.3258311111111285,0.9350655555555596,0.0001174777777777,0.4204213796296295,,0.0001135329985314,0.3333333333333332,47949
0.52,ascending,1.0,0.15,20,30,<3>par,22,0.88,-2.11379775,0.2467785984848484,0.934240000000006,0.3261333333333508,-0.3259733333333509,0.9344988888888934,0.3256355555555731,0.9327100000000068,0.0001197759259259,0.4196193333333332,,0.0001154960920927,0.3333333333333332,48109
0.52,ascending,1.0,0.15,20,30,<3>par,22,0.89,-2.117021916666666,0.2499467228464419,0.9336600000000048,0.3260077777777951,-0.3257700000000172,0.9334844444444516,0.3255588888889064,0.932098888888897,0.0001151444444444,0.419324462962962,,0.0001199924712999,0.3333333333333332,48146
0.52,ascending,1.0,0.15,20,30,<3>par,22,0.9,-2.1214737500000003,0.2529647222222222,0.9310855555555638,0.3255900000000176,-0.3253588888889063,0.930886666666674,0.3251411111111285,0.9292733333333424,0.0001214333333333,0.4182129814814834,,0.0001264799197799,0.3333333333333332,48512
0.52,ascending,1.0,0.15,20,30,<3>par,22,0.91,-2.121320166666666,0.256234249084249,0.9286088888888964,0.3255122222222396,-0.325087777777795,0.9287122222222288,0.3247666666666837,0.9269044444444507,0.0001371203703703,0.4173062462962961,,0.0001306510281267,0.3333333333333332,48204
0.52,ascending,1.0,0.15,20,30,<3>par,22,0.92,-2.1253371249999997,0.2589788949275362,0.9268444444444534,0.3250622222222397,-0.324526666666684,0.9268588888888968,0.3243422222222394,0.9250144444444512,0.0001314833333333,0.4165481314814828,,0.0001316415309961,0.3333333333333332,48724
0.52,ascending,1.0,0.15,20,30,<3>par,22,0.93,-2.1282694583333326,0.2619120071684587,0.926151111111118,0.3251200000000177,-0.3248044444444619,0.926174444444452,0.3243711111111285,0.9240744444444527,0.000133987037037,0.4163393611111112,,0.0001338109238404,0.3333333333333332,48537
0.52,ascending,1.0,0.15,20,30,<3>par,22,0.9351,-2.1281277916666657,0.2622905749830677,0.9251988888889012,0.3252788888889064,-0.3250400000000176,0.924826666666678,0.3246588888889062,0.92289777777779,0.0001431111111111,0.4159722037037042,,0.000138319204216,0.3333333333333332,48855
0.52,ascending,1.0,0.15,20,30,<3>par,22,0.94,-2.1315267083333325,0.26511054964539,0.923393333333343,0.3250133333333507,-0.3246711111111283,0.9238211111111196,0.3243122222222392,0.9213233333333426,0.0001391944444444,0.4153009240740734,,0.0001508514871346,0.3333333333333332,48622
0.52,ascending,1.0,0.15,20,30,<3>par,22,0.95,-2.132737666666667,0.2675310526315789,0.9241988888888972,0.3243677777777951,-0.3243044444444617,0.9237677777777888,0.3239922222222398,0.9216977777777878,0.0001456907407407,0.4153109740740741,,0.0001373058868029,0.3333333333333332,49093
0.52,ascending,1.0,0.15,20,30,<3>par,22,0.96,-2.136304541666666,0.2698769965277777,0.9249300000000112,0.3241533333333508,-0.3239166666666841,0.9251366666666754,0.3235766666666839,0.9230222222222312,0.0001330314814814,0.4156193777777771,,0.0001277001319559,0.3333333333333332,48747
0.52,ascending,1.0,0.15,20,30,<3>par,22,0.97,-2.137103208333333,0.2728827319587628,0.9204955555555656,0.3244888888889062,-0.3241011111111285,0.920806666666677,0.3236844444444616,0.9182722222222334,0.0001466333333333,0.4141501203703709,,0.0001425899151394,0.3333333333333332,48766
0.52,ascending,1.0,0.15,20,30,<3>par,22,0.98,-2.142228916666665,0.2757892857142857,0.91820777777779,0.3241677777777951,-0.3237333333333506,0.917991111111124,0.3234788888889062,0.9155800000000122,0.0001673444444444,0.41296402962963,,0.0001518300202647,0.3333333333333332,49246
0.52,ascending,1.0,0.15,20,30,<3>par,22,0.99,-2.142793708333332,0.2790638047138047,0.9153444444444586,0.3236244444444617,-0.323396666666684,0.9159444444444604,0.3228911111111281,0.9131544444444613,0.0001526407407407,0.4121117148148159,,0.0001581444525904,0.3333333333333332,49545
0.52,ascending,1.0,0.15,20,30,<3>par,22,1.0,-2.145456166666666,0.2823245,0.9157522222222384,0.3237411111111286,-0.3236100000000175,0.9155277777777922,0.3230300000000173,0.9130600000000156,0.000147524074074,0.4121288648148141,,0.0001582658853963,0.3333333333333332,49250
0.52,ascending,1.0,0.15,20,30,<3>par,22,1.01,-2.1493638333333327,0.2840801155115511,0.9141455555555698,0.3232577777777951,-0.3229288888889061,0.9140366666666814,0.3225888888889061,0.911576666666683,0.000164924074074,0.4114160425925922,,0.0001521357050609,0.3333333333333332,49045
0.52,ascending,1.0,0.15,20,30,<3>par,22,1.02,-2.152994,0.2891509803921568,0.910093333333348,0.3233000000000173,-0.3228211111111279,0.909908888888906,0.3223755555555726,0.9068877777777926,0.0001632111111111,0.4097710425925921,,0.0001721947802834,0.3333333333333332,49312
0.52,ascending,1.0,0.15,20,30,<3>par,22,1.1,-2.176112999999998,0.3117634090909091,0.8959588888889088,0.3212122222222382,-0.3206822222222386,0.8956588888889071,0.3198855555555712,0.892456666666681,0.0001914907407407,0.4040996629629627,,0.0001965813703334,0.3333333333333332,50470
0.52,ascending,1.0,0.15,20,30,<3>par,22,1.2,-2.207270333333333,0.3407053472222222,0.8740311111111123,0.3190488888889018,-0.3179966666666789,0.8753188888888912,0.3170011111111205,0.8687111111111083,0.0002394499999999,0.395235798148148,,0.0002532609164111,0.3333333333333332,51840
0.52,ascending,1.0,0.15,20,30,<3>par,23,0.05,-2.007233708333333,0.0138566666666666,0.9997988888888828,0.3332922222222368,-0.3332922222222368,0.9997988888888828,0.3332922222222368,0.9997988888888828,3.351851851851845e-07,0.4443640388888785,,3.3518518518517705e-07,0.3333333333333332,40868
0.52,ascending,1.0,0.15,20,30,<3>par,23,0.1,-2.007901791666666,0.0280224999999999,0.9990299999999882,0.3332144444444591,-0.333213333333348,0.9990299999999882,0.3332144444444591,0.9990299999999882,1.564814814814807e-06,0.4440831185185121,,1.667644192675905e-06,0.3333333333333333,40868
0.52,ascending,1.0,0.15,20,30,<3>par,23,0.2,-2.013237166666666,0.0561795833333333,0.9970777777777472,0.3329433333333482,-0.3329455555555704,0.9970766666666362,0.3329477777777926,0.9970799999999695,4.583333333333308e-06,0.4433451703703774,,5.010324928733788e-06,0.3333333333333332,42047
0.52,ascending,1.0,0.15,20,30,<3>par,23,0.3,-2.018435791666666,0.083315,0.9924866666666398,0.3324611111111262,-0.332440000000015,0.9925199999999732,0.3324522222222373,0.9924822222221954,1.2344444444445016e-05,0.4416575222222297,,1.2146660372453798e-05,0.3333333333333332,42658
0.52,ascending,1.0,0.15,20,30,<3>par,23,0.4,-2.0289839166666663,0.1112739583333333,0.9872788888888646,0.3319200000000153,-0.3319388888889041,0.9872611111110862,0.3319200000000152,0.9871799999999752,2.186851851851936e-05,0.4397178388888908,,2.172533328392381e-05,0.3333333333333332,43210
0.52,ascending,1.0,0.15,20,30,<3>par,23,0.5,-2.0414307916666665,0.1386235,0.978481111111094,0.3310988888889048,-0.3310877777777937,0.9782755555555382,0.3310566666666826,0.9780966666666492,3.870370370370432e-05,0.4364272777777781,,3.703438969725474e-05,0.3333333333333332,44698
0.52,ascending,1.0,0.15,20,30,<3>par,23,0.6,-2.0574698333333328,0.1682243055555555,0.970223333333324,0.3299944444444606,-0.3299955555555716,0.970113333333324,0.329928888888905,0.9698933333333236,5.328888888888948e-05,0.4332981611111107,,5.174695136184725e-05,0.3333333333333332,45164
0.52,ascending,1.0,0.15,20,30,<3>par,23,0.7,-2.0744075833333326,0.1965520238095237,0.9587444444444432,0.3286877777777942,-0.3285588888889054,0.9586422222222204,0.3285755555555719,0.958116666666665,6.990000000000017e-05,0.4289308333333322,,7.804773502698102e-05,0.3333333333333332,46454
0.52,ascending,1.0,0.15,20,30,<3>par,23,0.8,-2.096623416666666,0.2242388541666666,0.9471011111111136,0.3273033333333502,-0.3270088888889059,0.9470000000000012,0.3268877777777947,0.9458688888888904,9.23925925925929e-05,0.424351237037037,,9.076286990743073e-05,0.3333333333333332,47196
0.52,ascending,1.0,0.15,20,30,<3>par,23,0.86,-2.110073625,0.241629457364341,0.9362566666666712,0.3260055555555727,-0.3257244444444616,0.936265555555561,0.3255455555555727,0.935011111111118,0.0001208574074074,0.4201944425925931,,0.0001249818550612,0.3333333333333332,47838
0.52,ascending,1.0,0.15,20,30,<3>par,23,0.87,-2.113501666666666,0.2442569923371647,0.935538888888893,0.326357777777795,-0.326228888888906,0.9359122222222264,0.3257377777777951,0.9336711111111168,0.0001176129629629,0.4199086777777778,,0.0001188096397497,0.3333333333333332,47958
0.52,ascending,1.0,0.15,20,30,<3>par,23,0.88,-2.1160037083333325,0.2471663825757575,0.9353844444444496,0.3261855555555729,-0.3258966666666841,0.9354233333333404,0.3254777777777951,0.9338988888888948,0.0001199611111111,0.4198658851851861,,0.0001194252952226,0.3333333333333332,48142
0.52,ascending,1.0,0.15,20,30,<3>par,23,0.89,-2.1163029999999994,0.2498590823970037,0.9323111111111198,0.3257544444444619,-0.3256988888889065,0.9322044444444544,0.3253044444444621,0.930502222222231,0.0001208444444444,0.4187209851851844,,0.0001203931652658,0.3333333333333332,48353
0.52,ascending,1.0,0.15,20,30,<3>par,23,0.9,-2.120363625,0.252719074074074,0.9333744444444516,0.325646666666684,-0.3253977777777952,0.933087777777786,0.3251488888889063,0.9314722222222296,0.000121224074074,0.4189557685185187,,0.0001250726010345,0.3333333333333332,47998
0.52,ascending,1.0,0.15,20,30,<3>par,23,0.91,-2.122883416666666,0.2544676739926739,0.9327444444444506,0.3256066666666843,-0.3252744444444621,0.9324888888888953,0.3251277777777956,0.9310977777777832,0.0001124962962962,0.4188074018518519,,0.0001226561974406,0.3333333333333332,48642
0.52,ascending,1.0,0.15,20,30,<3>par,23,0.92,-2.125553499999999,0.2581922101449275,0.9288933333333436,0.3251644444444622,-0.3247511111111285,0.9293422222222324,0.3246588888889065,0.9272777777777884,0.000135937037037,0.4174028462962962,,0.0001262260627939,0.3333333333333332,48379
0.52,ascending,1.0,0.15,20,30,<3>par,23,0.93,-2.126658249999999,0.2622749103942652,0.9262077777777876,0.3252622222222394,-0.3250888888889059,0.9262388888889,0.3246888888889057,0.9241255555555686,0.0001287759259259,0.4164280592592594,,0.0001375983063425,0.3333333333333332,48350
0.52,ascending,1.0,0.15,20,30,<3>par,23,0.9351,-2.128055625,0.263648272911988,0.926378888888901,0.3249577777777951,-0.324656666666684,0.9263722222222336,0.3242155555555727,0.9244688888889006,0.0001269203703703,0.4163250796296304,,0.0001322199052907,0.3333333333333332,48943
0.52,ascending,1.0,0.15,20,30,<3>par,23,0.94,-2.131900041666666,0.2653600177304964,0.924041111111124,0.3247611111111283,-0.324577777777795,0.9244544444444563,0.3242755555555728,0.9221700000000124,0.000142287037037,0.4154799129629628,,0.0001372772924089,0.3333333333333332,48361
0.52,ascending,1.0,0.15,20,30,<3>par,23,0.95,-2.1329631249999994,0.2676190350877193,0.9222044444444552,0.3243577777777948,-0.3241111111111281,0.9222277777777914,0.3237222222222388,0.9200122222222358,0.0001311537037037,0.4145789740740736,,0.000146184524887,0.3333333333333332,48568
0.52,ascending,1.0,0.15,20,30,<3>par,23,0.96,-2.135437791666666,0.2710004340277778,0.9227088888889,0.3246055555555731,-0.3245522222222399,0.9227166666666772,0.3240255555555732,0.9204400000000116,0.0001358203703703,0.414936331481482,,0.0001493189558795,0.3333333333333332,49157
0.52,ascending,1.0,0.15,20,30,<3>par,23,0.97,-2.139231833333333,0.2720989690721649,0.9197433333333428,0.3243433333333509,-0.3239422222222397,0.9191233333333474,0.3234200000000176,0.9170388888889006,0.0001463944444444,0.4136460351851849,,0.0001529854572429,0.3333333333333332,48885
0.52,ascending,1.0,0.15,20,30,<3>par,23,0.98,-2.1416252083333323,0.2759349489795918,0.9185966666666768,0.3239244444444617,-0.3235933333333505,0.9179744444444548,0.3231644444444616,0.916313333333346,0.000145887037037,0.4131988611111107,,0.0001514111661053,0.3333333333333332,49248
0.52,ascending,1.0,0.15,20,30,<3>par,23,0.99,-2.1433034583333326,0.2785675084175084,0.9169944444444584,0.3241633333333507,-0.323635555555573,0.916754444444458,0.3232855555555726,0.9141266666666822,0.0001576351851851,0.4125813500000003,,0.0001574469732068,0.3333333333333332,49177
0.52,ascending,1.0,0.15,20,30,<3>par,23,1.0,-2.1470101666666657,0.2817105,0.9161577777777906,0.3239088888889062,-0.3234888888889059,0.9158022222222356,0.3231422222222396,0.9137255555555704,0.0001516555555555,0.4123852370370376,,0.0001527238624411,0.3333333333333332,49127
0.52,ascending,1.0,0.15,20,30,<3>par,23,1.01,-2.149229375,0.2853432343234323,0.9144866666666795,0.3236566666666834,-0.3230644444444613,0.9149755555555684,0.3226833333333502,0.911840000000017,0.0001763925925925,0.4116173018518518,,0.0001715021435579,0.3333333333333332,49430
0.52,ascending,1.0,0.15,20,30,<3>par,23,1.02,-2.151251916666666,0.2880187908496731,0.9118633333333512,0.3232744444444614,-0.3225655555555723,0.9112944444444626,0.3224433333333497,0.9089777777777964,0.0001624944444444,0.4104827148148145,,0.0001669359214834,0.3333333333333332,49349
0.52,ascending,1.0,0.15,20,30,<3>par,23,1.1,-2.1747992083333325,0.3109241666666666,0.8960300000000154,0.3219377777777941,-0.3210877777777938,0.8954766666666815,0.3205277777777927,0.8918700000000155,0.0001951203703703,0.4041449888888891,,0.0002053148007952,0.3333333333333332,50349
0.52,ascending,1.0,0.15,20,30,<3>par,23,1.2,-2.2089001666666657,0.3402568055555555,0.8797633333333376,0.3193055555555696,-0.318372222222236,0.879368888888893,0.3176366666666787,0.8741877777777772,0.0002288444444444,0.3973293037037038,,0.0002546439966939,0.3333333333333332,51169
0.52,ascending,1.0,0.15,20,30,<23>par,1000,0.05,-2.0122822916666663,0.0129966666666666,0.9998711111111092,0.1999911111111109,-0.5999388888888588,0.9998711111111092,0.1999911111111109,0.9998711111111092,0.0399953259259284,2.1481481481480387e-07,,0.4188390005389519,0.4,40911
0.52,ascending,1.0,0.15,20,30,<23>par,1000,0.1,-2.0117496666666663,0.0264024999999999,0.9992355555555474,0.1999611111111109,-0.5996488888888591,0.9992355555555474,0.1999611111111109,0.9992355555555474,0.0399733185185209,1.3111111111110702e-06,,0.4186154357929252,0.4,40863
0.52,ascending,1.0,0.15,20,30,<23>par,1000,0.2,-2.0172691666666664,0.0533808333333333,0.9964844444444172,0.1998144444444443,-0.5988466666666371,0.9964766666666396,0.1998133333333332,0.9964788888888618,0.0396903796296313,5.592592592592663e-06,,0.4177901676282989,0.4,41737
0.52,ascending,1.0,0.15,20,30,<23>par,1000,0.3,-2.0239265833333326,0.0793636111111111,0.9941533333333044,0.1995177777777779,-0.5975366666666374,0.9941422222221934,0.1995077777777778,0.9941433333333046,0.0396258962962975,9.651851851852e-06,,0.4168675094627731,0.4,43208
0.52,ascending,1.0,0.15,20,30,<23>par,1000,0.4,-2.0336975833333333,0.1063508333333333,0.9883988888888626,0.1990611111111113,-0.5955722222221931,0.9883599999999734,0.1990455555555558,0.9883833333333067,0.0390887111111116,2.021481481481496e-05,,0.4150202949237545,0.4,43515
0.52,ascending,1.0,0.15,20,30,<23>par,1000,0.5,-2.0448872916666665,0.1337923333333333,0.981491111111092,0.1984866666666672,-0.5925633333333047,0.9814611111110916,0.1984755555555561,0.981382222222203,0.038688001851852,3.151296296296322e-05,,0.412577476118829,0.4,44407
0.52,ascending,1.0,0.15,20,30,<23>par,1000,0.6,-2.060509791666666,0.1600438888888888,0.9721766666666533,0.1979277777777784,-0.58912666666664,0.9720777777777646,0.1978544444444451,0.9718866666666528,0.0379628407407407,4.798703703703724e-05,,0.4094962184694883,0.4,45350
0.52,ascending,1.0,0.15,20,30,<23>par,1000,0.7,-2.076590958333333,0.1872211904761904,0.9640099999999926,0.1972577777777787,-0.5852555555555315,0.9641199999999936,0.1971122222222231,0.9635288888888836,0.0375167814814814,6.25296296296298e-05,,0.4065270756090606,0.4,46745
0.52,ascending,1.0,0.15,20,30,<23>par,1000,0.8,-2.09860725,0.2157473958333333,0.951608888888889,0.1967455555555568,-0.580993333333312,0.9515122222222204,0.1964133333333343,0.9504655555555546,0.0364642462962961,8.883148148148195e-05,,0.4024260907793773,0.4,46989
0.52,ascending,1.0,0.15,20,30,<23>par,1000,0.86,-2.109779208333333,0.2315487403100775,0.9438455555555596,0.1959966666666676,-0.5772866666666474,0.9442522222222262,0.1956755555555566,0.9427388888888948,0.0361273203703702,0.0001017814814814,,0.3995835310405297,0.4,47925
0.52,ascending,1.0,0.15,20,30,<23>par,1000,0.87,-2.1135280833333323,0.2345079501915709,0.9409922222222245,0.1959533333333341,-0.5766044444444257,0.941220000000001,0.195690000000001,0.9398544444444472,0.0357531740740739,0.0001097018518518,,0.3987655864412357,0.4,47737
0.52,ascending,1.0,0.15,20,30,<23>par,1000,0.88,-2.11531225,0.2371410984848484,0.9403866666666756,0.196132222222223,-0.5765044444444257,0.9402166666666733,0.1956900000000003,0.939120000000007,0.0356371018518517,0.0001056203703703,,0.3985573389135695,0.4,48272
0.52,ascending,1.0,0.15,20,30,<23>par,1000,0.89,-2.1182178749999987,0.2392815543071161,0.9389488888888944,0.1957877777777791,-0.5762477777777586,0.938875555555559,0.1954088888888902,0.9374133333333392,0.0353499555555553,0.0001085962962962,,0.3981475987259949,0.4,48130
0.52,ascending,1.0,0.15,20,30,<23>par,1000,0.9,-2.121333041666667,0.2430624074074074,0.939142222222224,0.1955466666666675,-0.5751855555555361,0.9397700000000034,0.1951711111111118,0.9379133333333344,0.0357586129629628,0.0001165611111111,,0.3978515978016395,0.4,48423
0.52,ascending,1.0,0.15,20,30,<23>par,1000,0.91,-2.123209083333333,0.2456612637362637,0.9360844444444476,0.1955455555555568,-0.5744444444444256,0.9361988888888934,0.1950633333333344,0.9349111111111152,0.035455609259259,0.0001148055555555,,0.3969321072609143,0.4,48286
0.52,ascending,1.0,0.15,20,30,<23>par,1000,0.92,-2.123910416666666,0.2484739130434782,0.936908888888894,0.1954544444444457,-0.5744999999999822,0.9368022222222272,0.1949177777777789,0.9357288888888942,0.0355721555555554,0.0001064759259259,,0.3971575137878769,0.4,48927
0.52,ascending,1.0,0.15,20,30,<23>par,1000,0.93,-2.126546833333333,0.2506643369175627,0.9342277777777832,0.1950666666666681,-0.573165555555538,0.9340444444444496,0.1945988888888901,0.932681111111118,0.0353332925925925,0.0001250537037037,,0.3960908496811942,0.4,48217
0.52,ascending,1.0,0.15,20,30,<23>par,1000,0.9351,-2.1290420416666658,0.2515103553987095,0.93371333333334,0.1953366666666674,-0.5736077777777584,0.9335566666666736,0.1949055555555559,0.9321288888888964,0.0352146240740739,0.0001221166666666,,0.3961168456147076,0.4,48303
0.52,ascending,1.0,0.15,20,30,<23>par,1000,0.94,-2.1315700416666665,0.2535632978723404,0.9338322222222288,0.1951322222222233,-0.5732544444444255,0.9341722222222284,0.1946100000000008,0.9326600000000056,0.0353353944444443,0.0001154314814814,,0.3960611876926461,0.4,48575
0.52,ascending,1.0,0.15,20,30,<23>par,1000,0.95,-2.1334005,0.2564091228070175,0.9306922222222284,0.1950566666666676,-0.5721799999999818,0.9314022222222276,0.1945766666666681,0.9291366666666736,0.0350703074074072,0.0001256537037037,,0.3949992540663316,0.4,48455
0.52,ascending,1.0,0.15,20,30,<23>par,1000,0.96,-2.136661708333333,0.2591092881944444,0.9296500000000076,0.1948033333333338,-0.5715399999999825,0.9300988888888948,0.1944111111111118,0.9279066666666737,0.0350454018518516,0.0001243555555555,,0.3945814968036532,0.4,48976
0.52,ascending,1.0,0.15,20,30,<23>par,1000,0.97,-2.1387909166666668,0.2625286082474227,0.926292222222231,0.1948800000000009,-0.570549999999981,0.9269777777777858,0.1943077777777788,0.9246800000000104,0.0347730148148146,0.0001328018518518,,0.3935960284326734,0.4,49331
0.52,ascending,1.0,0.15,20,30,<23>par,1000,0.98,-2.140407416666667,0.2643502551020408,0.925181111111118,0.194843333333334,-0.5706666666666489,0.9249877777777856,0.1943111111111114,0.923384444444453,0.0344275166666665,0.0001378259259259,,0.3932888471897806,0.4,48985
0.52,ascending,1.0,0.15,20,30,<23>par,1000,0.99,-2.143043666666666,0.2677289562289562,0.9231722222222322,0.1947200000000009,-0.5693911111110933,0.9234577777777851,0.1942200000000006,0.9210933333333452,0.0343383814814813,0.0001433296296296,,0.3924246636102089,0.4,49293
0.52,ascending,1.0,0.15,20,30,<23>par,1000,1.0,-2.14720175,0.26995925,0.9244477777777864,0.1946622222222228,-0.5701411111110931,0.9251177777777873,0.1941188888888895,0.9221588888888982,0.0344210703703702,0.0001431796296296,,0.3929109678496964,0.4,49613
0.52,ascending,1.0,0.15,20,30,<23>par,1000,1.01,-2.148427583333333,0.2736213696369636,0.9210311111111238,0.1945044444444447,-0.5686344444444275,0.9208600000000126,0.1935711111111109,0.9190088888889032,0.0341849259259257,0.0001454555555555,,0.3916462836059405,0.4,49637
0.52,ascending,1.0,0.15,20,30,<23>par,1000,1.02,-2.151783375,0.2768819444444444,0.9199488888888986,0.1943822222222231,-0.5681733333333141,0.9200433333333432,0.1936077777777785,0.917974444444456,0.0340916351851851,0.0001481129629629,,0.3912158506351453,0.4,49244
0.52,ascending,1.0,0.15,20,30,<23>par,1000,1.1,-2.1734823749999994,0.2994404545454545,0.905138888888906,0.1933244444444454,-0.5624977777777561,0.905488888888906,0.192135555555556,0.9015611111111274,0.0326526925925923,0.0001811796296296,,0.3858793271966695,0.4,50501
0.52,ascending,1.0,0.15,20,30,<23>par,1000,1.2,-2.2062996249999998,0.3276525694444444,0.8879188888888995,0.1921633333333337,-0.5555877777777544,0.8884611111111193,0.1911066666666669,0.8835911111111172,0.0313717425925924,0.0002117018518518,,0.3797811727692442,0.4,51646
0.52,ascending,1.0,0.15,20,30,<23>par,1001,0.05,-2.0118357500000004,0.0130466666666666,0.9997533333333268,0.199982222222222,-0.5999455555555255,0.9997533333333268,0.199982222222222,0.9997533333333268,0.0399657444444469,4.1666666666664173e-07,,0.4188167050496441,0.4,40897
0.52,ascending,1.0,0.15,20,30,<23>par,1001,0.1,-2.013124791666666,0.0263966666666666,0.9992711111110956,0.1999511111111109,-0.5997211111110813,0.9992711111110956,0.1999511111111109,0.9992711111110956,0.039947429629632,1.1722222222222014e-06,,0.4186446497727084,0.4,41157
0.52,ascending,1.0,0.15,20,30,<23>par,1001,0.2,-2.017790041666665,0.0536099999999999,0.9972622222221944,0.1997733333333332,-0.5989133333333037,0.9972622222221944,0.1997733333333332,0.9972655555555278,0.0398012925925946,4.601851851851834e-06,,0.4179631223256196,0.4,42132
0.52,ascending,1.0,0.15,20,30,<23>par,1001,0.3,-2.0255836666666664,0.0805705555555555,0.993832222222195,0.19955,-0.5973811111110818,0.9938388888888616,0.1995277777777778,0.9938299999999728,0.0396330870370384,1.0805555555555651e-05,,0.4167580172473616,0.4,42597
0.52,ascending,1.0,0.15,20,30,<23>par,1001,0.4,-2.033660916666666,0.1060414583333333,0.9888155555555316,0.1991433333333336,-0.5959444444444161,0.9887766666666432,0.1991233333333336,0.9887799999999768,0.0390650833333341,1.9362962962963057e-05,,0.415230334341165,0.4,43836
0.52,ascending,1.0,0.15,20,30,<23>par,1001,0.5,-2.0438001249999997,0.1334218333333333,0.9812377777777594,0.1986655555555559,-0.5920566666666386,0.9813044444444254,0.1986244444444448,0.981156666666648,0.0389085555555558,3.030925925925944e-05,,0.4124013012950509,0.4,44997
0.52,ascending,1.0,0.15,20,30,<23>par,1001,0.6,-2.0593641666666658,0.1604705555555555,0.9731888888888756,0.1980766666666674,-0.5891533333333069,0.973265555555543,0.1979711111111118,0.9730144444444314,0.038200387037037,4.6281481481481495e-05,,0.4097447928547936,0.4,45494
0.52,ascending,1.0,0.15,20,30,<23>par,1001,0.7,-2.0781402083333327,0.1875983333333333,0.9627566666666616,0.1973311111111118,-0.5852033333333095,0.9628255555555494,0.1971366666666674,0.9623144444444394,0.0373736092592591,6.298888888888942e-05,,0.4061988114726828,0.4,46221
0.52,ascending,1.0,0.15,20,30,<23>par,1001,0.8,-2.096430249999999,0.2147937499999999,0.9514755555555564,0.1963133333333341,-0.5805022222222015,0.95145888888889,0.1958866666666673,0.9505977777777808,0.0365191388888887,8.416666666666704e-05,,0.4022160414310463,0.4,47335
0.52,ascending,1.0,0.15,20,30,<23>par,1001,0.86,-2.110217583333333,0.231601453488372,0.943458888888893,0.1960855555555567,-0.5776322222222028,0.9434611111111152,0.1957444444444458,0.9425311111111164,0.035964524074074,0.0001001074074074,,0.3996337898629284,0.4,47958
0.52,ascending,1.0,0.15,20,30,<23>par,1001,0.87,-2.113579333333333,0.2346018199233716,0.9408511111111164,0.1957422222222236,-0.576793333333314,0.9407022222222264,0.1953177777777788,0.939964444444449,0.0355878666666666,0.0001128962962962,,0.3987357836847916,0.4,48102
0.52,ascending,1.0,0.15,20,30,<23>par,1001,0.88,-2.114782541666666,0.2364351325757575,0.9420188888888928,0.195624444444445,-0.5768755555555365,0.9424422222222256,0.1952500000000008,0.940781111111116,0.0357774037037034,0.0001064111111111,,0.3989789070062299,0.4,48009
0.52,ascending,1.0,0.15,20,30,<23>par,1001,0.89,-2.1170443333333333,0.2392658239700374,0.939994444444449,0.1958566666666679,-0.5759211111110923,0.9404655555555608,0.1954744444444457,0.9387522222222264,0.0357991018518517,0.0001041796296296,,0.3982813301717056,0.4,48434
0.52,ascending,1.0,0.15,20,30,<23>par,1001,0.9,-2.1201590416666667,0.2434304629629629,0.9380511111111216,0.1953544444444457,-0.5748999999999818,0.937987777777787,0.1950233333333343,0.9366966666666768,0.0356002425925924,0.0001138944444444,,0.397483545653386,0.4,48105
0.52,ascending,1.0,0.15,20,30,<23>par,1001,0.91,-2.1230894583333324,0.2458401098901098,0.9377288888888936,0.1955511111111122,-0.5755244444444262,0.937835555555562,0.1951955555555568,0.9364355555555618,0.0353286592592591,0.0001206148148148,,0.3976712134668434,0.4,48431
0.52,ascending,1.0,0.15,20,30,<23>par,1001,0.92,-2.1261138749999997,0.2482009963768115,0.9348955555555618,0.1956266666666674,-0.5744044444444256,0.9350533333333402,0.1950655555555564,0.9333588888888952,0.0352436740740739,0.0001134388888888,,0.3966696240266614,0.4,48611
0.52,ascending,1.0,0.15,20,30,<23>par,1001,0.93,-2.127478625,0.2513741935483871,0.9335777777777836,0.1954977777777786,-0.5740166666666485,0.932492222222229,0.1951522222222228,0.9319366666666726,0.0349875611111109,0.0001200981481481,,0.3962408589338099,0.4,48693
0.52,ascending,1.0,0.15,20,30,<23>par,1001,0.9351,-2.1280799999999997,0.2528098599080312,0.9326855555555604,0.1952733333333342,-0.5732777777777589,0.933211111111115,0.1947144444444455,0.931436666666671,0.0351697444444442,0.0001256351851851,,0.3958589606650183,0.4,48887
0.52,ascending,1.0,0.15,20,30,<23>par,1001,0.94,-2.1300198333333324,0.2542642730496454,0.9332333333333412,0.1949966666666676,-0.5732266666666481,0.9332955555555614,0.1946044444444453,0.9314066666666752,0.0351112592592591,0.0001171759259259,,0.3958042638653537,0.4,48439
0.52,ascending,1.0,0.15,20,30,<23>par,1001,0.95,-2.133252125,0.2572690350877192,0.9304211111111188,0.1951933333333343,-0.572943333333316,0.9311533333333408,0.1948411111111123,0.9288500000000088,0.0347883777777776,0.0001207518518518,,0.3952391247328892,0.4,48693
0.52,ascending,1.0,0.15,20,30,<23>par,1001,0.96,-2.135683541666665,0.2587628472222222,0.9289066666666758,0.1949222222222232,-0.5714099999999811,0.9288288888888968,0.1944622222222227,0.9267688888888984,0.0347668962962961,0.0001372574074074,,0.3942446586287466,0.4,48828
0.52,ascending,1.0,0.15,20,30,<23>par,1001,0.97,-2.1385074583333337,0.261573883161512,0.929497777777786,0.1951866666666672,-0.5712666666666484,0.929268888888894,0.1945500000000003,0.9279222222222288,0.0351133740740738,0.0001238111111111,,0.3944691100867296,0.4,48847
0.52,ascending,1.0,0.15,20,30,<23>par,1001,0.98,-2.1407594166666666,0.2650424319727891,0.9277111111111208,0.1949644444444456,-0.5707533333333158,0.9275544444444536,0.1945066666666677,0.926108888888898,0.0349571240740738,0.0001349685185185,,0.3939025342975387,0.4,49312
0.52,ascending,1.0,0.15,20,30,<23>par,1001,0.99,-2.143731208333332,0.2679150673400672,0.9246822222222322,0.1946900000000009,-0.5698733333333155,0.9246977777777876,0.1939155555555564,0.922556666666678,0.0345400888888887,0.0001402203703703,,0.3928066042369653,0.4,49277
0.52,ascending,1.0,0.15,20,30,<23>par,1001,1.0,-2.145931333333333,0.2701548333333333,0.9238322222222326,0.1948777777777787,-0.5692211111110912,0.9241422222222332,0.1942711111111119,0.921652222222232,0.0346766814814812,0.000132387037037,,0.3924733410663368,0.4,48981
0.52,ascending,1.0,0.15,20,30,<23>par,1001,1.01,-2.149403208333333,0.2731391914191419,0.9217411111111196,0.1944377777777787,-0.5688299999999801,0.9215711111111202,0.1936511111111121,0.9193588888889004,0.0341027740740738,0.0001394629629629,,0.3918862515361457,0.4,49056
0.52,ascending,1.0,0.15,20,30,<23>par,1001,1.02,-2.1522352499999995,0.2770590686274509,0.919545555555566,0.1942755555555565,-0.5673499999999804,0.9200477777777888,0.1934900000000013,0.9175588888889008,0.0344001648148146,0.0001439944444444,,0.3909321009347596,0.4,49332
0.52,ascending,1.0,0.15,20,30,<23>par,1001,1.1,-2.1744645833333336,0.2992951515151515,0.9063455555555692,0.1932955555555564,-0.5623866666666472,0.9064733333333468,0.1923011111111116,0.90324555555557,0.0331077259259258,0.0001794351851851,,0.3862987963616638,0.4,50536
0.52,ascending,1.0,0.15,20,30,<23>par,1001,1.2,-2.206004624999999,0.32691,0.8858511111111258,0.1922566666666666,-0.5556622222221997,0.8861011111111274,0.1910088888888885,0.8810644444444551,0.0308271388888887,0.0002264388888888,,0.3792757318891642,0.4,51379
0.52,ascending,1.0,0.15,20,30,<23>par,1002,0.05,-2.011840375,0.0132716666666666,0.9997799999999964,0.199972222222222,-0.5999422222221922,0.9997799999999964,0.199972222222222,0.9997799999999964,0.039967955555558,3.796296296296217e-07,,0.418820006658713,0.4,40923
0.52,ascending,1.0,0.15,20,30,<23>par,1002,0.1,-2.0136981249999995,0.0264966666666666,0.9992677777777648,0.1999511111111109,-0.599728888888859,0.9992677777777648,0.1999511111111109,0.9992677777777648,0.0399436833333358,1.2351851851852529e-06,,0.4186464639245098,0.4,41266
0.52,ascending,1.0,0.15,20,30,<23>par,1002,0.2,-2.016709416666666,0.0532424999999999,0.9967588888888596,0.1997166666666666,-0.5988122222221928,0.9967555555555264,0.1997155555555555,0.996763333333304,0.0397220296296313,5.6259259259258745e-06,,0.4178203030869435,0.4,41430
0.52,ascending,1.0,0.15,20,30,<23>par,1002,0.3,-2.0242184583333325,0.0803780555555555,0.9931988888888584,0.1994200000000001,-0.5972377777777487,0.9932177777777472,0.1994322222222223,0.9932033333333028,0.0395310037037046,1.1166666666666647e-05,,0.4165662175662396,0.4,42409
0.52,ascending,1.0,0.15,20,30,<23>par,1002,0.4,-2.032445375,0.1073760416666666,0.9883022222221964,0.1991166666666668,-0.5955233333333052,0.9884522222221964,0.1991222222222224,0.988268888888863,0.0391148722222229,2.0011111111111436e-05,,0.4150059305268499,0.4,43928
0.52,ascending,1.0,0.15,20,30,<23>par,1002,0.5,-2.044927666666666,0.1332961666666666,0.9816088888888684,0.1986633333333337,-0.5924355555555275,0.9815677777777572,0.1986233333333338,0.9815688888888678,0.0388349611111113,3.2355555555555496e-05,,0.4125946576615755,0.4,44603
0.52,ascending,1.0,0.15,20,30,<23>par,1002,0.6,-2.0599814583333327,0.1608529166666666,0.9733877777777672,0.1980877777777785,-0.5894788888888621,0.9732999999999902,0.197982222222223,0.9730422222222124,0.038075948148148,4.5737037037037234e-05,,0.409876935197477,0.4,45254
0.52,ascending,1.0,0.15,20,30,<23>par,1002,0.7,-2.07604875,0.1879653571428571,0.962256666666661,0.1972788888888896,-0.5849299999999762,0.9623711111111044,0.1971022222222228,0.9619066666666602,0.037336711111111,6.42611111111115e-05,,0.4060688811631533,0.4,46588
0.52,ascending,1.0,0.15,20,30,<23>par,1002,0.8,-2.0980568333333327,0.2147891666666666,0.9512666666666668,0.1963444444444455,-0.580013333333313,0.9511599999999985,0.1961366666666676,0.9505966666666652,0.0367019814814813,8.84222222222223e-05,,0.4020891855724528,0.4,47342
0.52,ascending,1.0,0.15,20,30,<23>par,1002,0.86,-2.1124006250000003,0.2310576550387596,0.944634444444448,0.1961833333333345,-0.5776455555555368,0.9449166666666712,0.1959266666666676,0.9437811111111148,0.0361923018518516,9.797962962963024e-05,,0.3999092593476208,0.4,47672
0.52,ascending,1.0,0.15,20,30,<23>par,1002,0.87,-2.113787208333333,0.2349619731800766,0.941858888888891,0.1957777777777783,-0.5764533333333144,0.9418555555555584,0.1956255555555562,0.9406966666666692,0.0359718629629628,0.0001004185185185,,0.3988955643904341,0.4,47818
0.52,ascending,1.0,0.15,20,30,<23>par,1002,0.88,-2.1148141666666658,0.237584375,0.9404722222222248,0.1957333333333344,-0.5763422222222031,0.9400322222222266,0.1952722222222231,0.9392144444444503,0.0356348166666664,0.0001084777777777,,0.3984362219295427,0.4,48266
0.52,ascending,1.0,0.15,20,30,<23>par,1002,0.89,-2.116321166666667,0.2395493445692884,0.9376811111111172,0.1954188888888896,-0.5755833333333149,0.9375333333333402,0.1949422222222231,0.9365422222222294,0.0353503370370368,0.0001089833333333,,0.3976355468753091,0.4,48141
0.52,ascending,1.0,0.15,20,30,<23>par,1002,0.9,-2.1211689166666665,0.2424794444444444,0.9367855555555628,0.195771111111112,-0.5747844444444268,0.936785555555564,0.1953077777777788,0.9354766666666756,0.0354869240740739,0.0001216944444444,,0.397245516402645,0.4,48267
0.52,ascending,1.0,0.15,20,30,<23>par,1002,0.91,-2.1245254166666663,0.245493956043956,0.9360077777777828,0.195577777777779,-0.5744977777777598,0.9362044444444518,0.1950477777777789,0.934691111111118,0.0354379851851849,0.0001137703703703,,0.3969518969109357,0.4,48973
0.52,ascending,1.0,0.15,20,30,<23>par,1002,0.92,-2.126508208333332,0.2477564311594202,0.934323333333338,0.1952166666666674,-0.5740133333333146,0.9348255555555616,0.1946233333333339,0.9326255555555608,0.0350324425925924,0.0001178981481481,,0.3962364465935915,0.4,48637
0.52,ascending,1.0,0.15,20,30,<23>par,1002,0.93,-2.127309791666667,0.2505856630824373,0.9341488888888968,0.1952977777777786,-0.5735522222222041,0.933804444444451,0.1947922222222231,0.9322800000000074,0.0351427259259257,0.0001192574074074,,0.3961204224001485,0.4,48770
0.52,ascending,1.0,0.15,20,30,<23>par,1002,0.9351,-2.1287557083333333,0.2524785227961358,0.9329888888888946,0.1951533333333345,-0.5729022222222044,0.933067777777782,0.1945844444444455,0.9307677777777836,0.035103335185185,0.000131574074074,,0.3955463885528945,0.4,48532
0.52,ascending,1.0,0.15,20,30,<23>par,1002,0.94,-2.129986875,0.2538011524822695,0.9326311111111169,0.1953088888888898,-0.5733533333333153,0.9327944444444496,0.194856666666668,0.931162222222228,0.0350424870370369,0.0001245018518518,,0.3958675124820713,0.4,48594
0.52,ascending,1.0,0.15,20,30,<23>par,1002,0.95,-2.131765125,0.2559224561403508,0.9302144444444512,0.1952988888888901,-0.5726699999999811,0.9304222222222288,0.194842222222223,0.9285777777777854,0.034842222222222,0.0001240407407407,,0.3950335963547374,0.4,48861
0.52,ascending,1.0,0.15,20,30,<23>par,1002,0.96,-2.1358932083333326,0.2590923611111111,0.9303911111111204,0.1949933333333344,-0.5713099999999801,0.9300577777777886,0.1945711111111121,0.9288377777777878,0.0353368185185184,0.0001305425925925,,0.394628742884612,0.4,49136
0.52,ascending,1.0,0.15,20,30,<23>par,1002,0.97,-2.1374161666666667,0.2616681271477663,0.9283911111111206,0.1953511111111119,-0.5717677777777594,0.9278988888888968,0.1947111111111118,0.9263066666666768,0.034681772222222,0.0001320018518518,,0.3943351015377385,0.4,49343
0.52,ascending,1.0,0.15,20,30,<23>par,1002,0.98,-2.1399047083333333,0.2647952380952381,0.9273244444444514,0.1948211111111118,-0.5701755555555382,0.9279611111111192,0.1940944444444453,0.9253377777777884,0.0349596944444443,0.0001388703703703,,0.393549448156631,0.4,49192
0.52,ascending,1.0,0.15,20,30,<23>par,1002,0.99,-2.144921333333333,0.2687838383838383,0.9234100000000098,0.194702222222223,-0.5690377777777597,0.9227444444444552,0.1939788888888898,0.9214611111111218,0.0346223333333331,0.0001477537037037,,0.3923587774836248,0.4,49202
0.52,ascending,1.0,0.15,20,30,<23>par,1002,1.0,-2.1464357916666663,0.2706549166666667,0.9220422222222328,0.19473888888889,-0.5686922222222035,0.921203333333344,0.1938200000000007,0.9194422222222336,0.0342516388888887,0.0001407277777777,,0.3918930715750711,0.4,49127
0.52,ascending,1.0,0.15,20,30,<23>par,1002,1.01,-2.147958833333333,0.273278300330033,0.9206044444444564,0.1945500000000013,-0.5682733333333154,0.9206933333333444,0.1939733333333346,0.9182611111111244,0.0341776888888886,0.0001529,,0.391495038374428,0.4,49470
0.52,ascending,1.0,0.15,20,30,<23>par,1002,1.02,-2.151235166666666,0.2757319444444444,0.9185888888889022,0.1944044444444453,-0.5670088888888691,0.9190522222222332,0.1938355555555562,0.9165544444444556,0.0343614907407404,0.0001530685185185,,0.3907163466649729,0.4,49706
0.52,ascending,1.0,0.15,20,30,<23>par,1002,1.1,-2.174733958333333,0.298888106060606,0.9059044444444612,0.1935744444444447,-0.5616999999999794,0.9057344444444604,0.1926522222222222,0.9030555555555726,0.0333091166666665,0.000186787037037,,0.3860281108007966,0.4,50028
0.52,ascending,1.0,0.15,20,30,<23>par,1002,1.2,-2.206121458333333,0.3267400694444444,0.8901577777777904,0.1921100000000006,-0.5559177777777544,0.8904855555555674,0.1909588888888891,0.8867455555555666,0.031874161111111,0.0002157759259259,,0.3806577161292677,0.4,51450
0.52,ascending,1.0,0.15,20,30,<23>par,1003,0.05,-2.0118282499999998,0.0129133333333333,0.9998044444444388,0.1999777777777776,-0.5999133333333033,0.9998044444444388,0.1999777777777776,0.9998044444444388,0.0399869925925951,3.25925925925919e-07,,0.4188158602745949,0.4,40394
0.52,ascending,1.0,0.15,20,30,<23>par,1003,0.1,-2.012507208333333,0.0263466666666666,0.999123333333322,0.1999544444444443,-0.5996733333333034,0.9991277777777664,0.1999544444444443,0.999123333333322,0.0399386722222247,1.4370370370370191e-06,,0.4186002538876585,0.4,40882
0.52,ascending,1.0,0.15,20,30,<23>par,1003,0.2,-2.0171345,0.0534758333333333,0.9968066666666376,0.1998277777777776,-0.5989811111110817,0.996801111111082,0.1998255555555554,0.9968044444444152,0.0397047648148168,5.190740740740631e-06,,0.4179001938180877,0.4,41746
0.52,ascending,1.0,0.15,20,30,<23>par,1003,0.3,-2.024364416666666,0.0795166666666666,0.9928377777777514,0.1994522222222222,-0.5972699999999707,0.9928333333333068,0.1994544444444445,0.9928222222221958,0.0394475592592603,1.2418518518518865e-05,,0.4165074369110735,0.4,42844
0.52,ascending,1.0,0.15,20,30,<23>par,1003,0.4,-2.0334209999999997,0.1063045833333333,0.9877622222221976,0.1991222222222224,-0.5951199999999718,0.9877344444444196,0.199078888888889,0.987726666666642,0.0391716500000007,2.1525925925926296e-05,,0.414755009937557,0.4,43468
0.52,ascending,1.0,0.15,20,30,<23>par,1003,0.5,-2.045382833333333,0.1339306666666666,0.9800644444444262,0.1986266666666672,-0.5919099999999718,0.980015555555538,0.198575555555556,0.979853333333316,0.0386805444444445,3.305740740740767e-05,,0.4120726210524599,0.4,44617
0.52,ascending,1.0,0.15,20,30,<23>par,1003,0.6,-2.0587255833333327,0.1611725,0.9733844444444306,0.1979166666666673,-0.5892177777777511,0.9732988888888748,0.1978611111111118,0.9731144444444312,0.0381308351851852,4.667407407407423e-05,,0.4097840961728965,0.4,45627
0.52,ascending,1.0,0.15,20,30,<23>par,1003,0.7,-2.0769400416666666,0.1883415476190476,0.9634133333333256,0.1974377777777784,-0.5849355555555317,0.963371111111102,0.1972788888888895,0.962986666666658,0.0376196703703704,6.275925925925924e-05,,0.4063293287793585,0.4,46485
0.52,ascending,1.0,0.15,20,30,<23>par,1003,0.8,-2.0975730416666662,0.2155318749999999,0.95240888888889,0.1966177777777788,-0.5804555555555349,0.9527166666666664,0.1962955555555567,0.9517766666666656,0.03687445,8.580370370370382e-05,,0.4024577177285062,0.4,47459
0.52,ascending,1.0,0.15,20,30,<23>par,1003,0.86,-2.110689166666666,0.2308083333333333,0.9445666666666706,0.1960711111111122,-0.5773511111110919,0.9444655555555588,0.1957755555555566,0.9436077777777822,0.036230898148148,0.000101737037037,,0.3997206719016005,0.4,47861
0.52,ascending,1.0,0.15,20,30,<23>par,1003,0.87,-2.112854249999999,0.2340164750957854,0.9435888888888913,0.195777777777779,-0.5770511111110919,0.9436444444444498,0.1955688888888902,0.9427511111111148,0.0360974185185184,0.0001002851851851,,0.3994494440957253,0.4,47964
0.52,ascending,1.0,0.15,20,30,<23>par,1003,0.88,-2.115647375,0.2365681818181818,0.9420677777777812,0.1958555555555566,-0.5762199999999811,0.9421211111111136,0.1954288888888901,0.9410988888888936,0.0360632092592591,0.0001066,,0.3988464543526384,0.4,48127
0.52,ascending,1.0,0.15,20,30,<23>par,1003,0.89,-2.11740175,0.2400904494382022,0.9389288888888948,0.1956666666666675,-0.5754522222222032,0.9387377777777864,0.1952811111111118,0.9375000000000088,0.0356477370370367,0.0001118018518518,,0.3977888511336685,0.4,48408
0.52,ascending,1.0,0.15,20,30,<23>par,1003,0.9,-2.1190750416666657,0.2420326851851851,0.9383777777777796,0.1957522222222233,-0.5746688888888708,0.9389055555555584,0.1953455555555567,0.9373088888888924,0.0358945240740739,0.0001127685185185,,0.3975638792682801,0.4,48230
0.52,ascending,1.0,0.15,20,30,<23>par,1003,0.91,-2.122966041666666,0.2452807692307692,0.9373155555555588,0.1954988888888894,-0.5747822222222037,0.9369211111111148,0.1949788888888894,0.9357000000000026,0.0354802425925923,0.0001106148148148,,0.3972755855837044,0.4,48296
0.52,ascending,1.0,0.15,20,30,<23>par,1003,0.92,-2.124674541666666,0.2471836050724637,0.9357255555555613,0.1955566666666675,-0.574899999999982,0.935717777777782,0.1951477777777786,0.9344511111111148,0.0352225814814812,0.0001177555555555,,0.3970025020455255,0.4,48328
0.52,ascending,1.0,0.15,20,30,<23>par,1003,0.93,-2.1287867083333327,0.2515385304659498,0.9319577777777852,0.1953477777777791,-0.5729299999999821,0.9316655555555644,0.1948944444444457,0.929773333333342,0.0350095277777777,0.0001249351851851,,0.3953679012698226,0.4,48365
0.52,ascending,1.0,0.15,20,30,<23>par,1003,0.9351,-2.1280857499999994,0.2524904644779523,0.9334922222222284,0.1954377777777788,-0.5735066666666486,0.933287777777783,0.1949711111111121,0.9316655555555636,0.0351325907407406,0.0001215018518518,,0.3960565574515307,0.4,48467
0.52,ascending,1.0,0.15,20,30,<23>par,1003,0.94,-2.131428541666666,0.2543561170212766,0.9312922222222292,0.1952233333333341,-0.5730655555555373,0.9308066666666742,0.1947500000000007,0.9292388888888976,0.0348133296296294,0.0001190018518518,,0.3953009141069022,0.4,48448
0.52,ascending,1.0,0.15,20,30,<23>par,1003,0.95,-2.133769041666666,0.2574277192982456,0.9310411111111206,0.1950977777777789,-0.5721711111110928,0.931374444444453,0.1945577777777787,0.929227777777786,0.0350779796296294,0.0001204925925925,,0.3950627994194114,0.4,48999
0.52,ascending,1.0,0.15,20,30,<23>par,1003,0.96,-2.13531575,0.2604549479166666,0.9276455555555632,0.1949266666666681,-0.570955555555538,0.9279933333333444,0.1942733333333346,0.9260811111111203,0.0348806962962962,0.0001351055555555,,0.3939775421061977,0.4,49156
0.52,ascending,1.0,0.15,20,30,<23>par,1003,0.97,-2.138582041666666,0.2610713058419244,0.9282322222222308,0.1952222222222229,-0.5713544444444255,0.9282633333333424,0.194524444444445,0.926525555555566,0.034930283333333,0.0001336444444444,,0.3941924304799818,0.4,48880
0.52,ascending,1.0,0.15,20,30,<23>par,1003,0.98,-2.140804166666667,0.2648184523809523,0.9258800000000106,0.1945288888888902,-0.5708766666666483,0.9261900000000096,0.1937677777777786,0.9241944444444532,0.0344837574074072,0.0001335351851851,,0.3934424488138011,0.4,48672
0.52,ascending,1.0,0.15,20,30,<23>par,1003,0.99,-2.142184083333333,0.2668959595959595,0.9243200000000106,0.1949233333333343,-0.5704122222222037,0.9244300000000096,0.1943277777777788,0.9220633333333432,0.0343673870370369,0.0001456407407407,,0.3929420952846307,0.4,49402
0.52,ascending,1.0,0.15,20,30,<23>par,1003,1.0,-2.146122166666666,0.2703021666666667,0.9237433333333434,0.194653333333334,-0.5698366666666496,0.9233211111111196,0.1940988888888893,0.921712222222234,0.0343565537037035,0.0001338888888888,,0.3926159421480819,0.4,49296
0.52,ascending,1.0,0.15,20,30,<23>par,1003,1.01,-2.148678458333332,0.2716075907590759,0.922763333333342,0.1943588888888893,-0.5689422222222034,0.922741111111122,0.1938811111111113,0.9209588888889022,0.0344489092592591,0.0001471888888888,,0.3921331348408449,0.4,49421
0.52,ascending,1.0,0.15,20,30,<23>par,1003,1.02,-2.1516925833333334,0.2760233660130718,0.9192000000000108,0.1943733333333341,-0.5676277777777572,0.919056666666678,0.1937855555555564,0.9168422222222344,0.0341526499999998,0.0001505444444444,,0.3909487564927686,0.4,49478
0.52,ascending,1.0,0.15,20,30,<23>par,1003,1.1,-2.175232583333333,0.2989880303030303,0.9056500000000156,0.193306666666667,-0.5620977777777549,0.9060988888889052,0.1923466666666661,0.9025700000000138,0.0330080611111109,0.0001722055555555,,0.3861239605608809,0.4,50100
0.52,ascending,1.0,0.15,20,30,<23>par,1003,1.2,-2.20497425,0.3277249305555555,0.8859811111111217,0.1920422222222225,-0.5544999999999785,0.885393333333342,0.1905755555555559,0.881296666666671,0.0314890814814814,0.0002314611111111,,0.378981748407882,0.4,51448
0.52,ascending,1.0,0.15,20,30,<23>par,1004,0.05,-2.0126388749999995,0.0127899999999999,0.9997699999999956,0.1999855555555553,-0.5999066666666366,0.9997699999999956,0.1999855555555553,0.9997699999999956,0.0399859203703728,3.629629629629762e-07,,0.4188078187963953,0.4,40525
0.52,ascending,1.0,0.15,20,30,<23>par,1004,0.1,-2.0132133333333333,0.0268683333333333,0.9993322222222129,0.1999444444444442,-0.5997199999999702,0.9993322222222129,0.1999433333333332,0.9993322222222129,0.0399569240740765,1.2055555555555632e-06,,0.4186554491299841,0.4,40849
0.52,ascending,1.0,0.15,20,30,<23>par,1004,0.2,-2.0181395416666663,0.0531499999999999,0.9971588888888648,0.1998144444444443,-0.5989055555555262,0.9971522222221983,0.199811111111111,0.9971533333333092,0.039797550000002,4.825925925925981e-06,,0.4179432671143702,0.4,41680
0.52,ascending,1.0,0.15,20,30,<23>par,1004,0.3,-2.0235894166666664,0.0800544444444444,0.9936611111110832,0.1994877777777778,-0.597381111111082,0.9936333333333052,0.1994888888888889,0.993631111111083,0.0395803740740755,1.0431481481481616e-05,,0.416711811642364,0.4,42670
0.52,ascending,1.0,0.15,20,30,<23>par,1004,0.4,-2.0334462083333325,0.1063591666666666,0.9883988888888638,0.1990200000000003,-0.5951133333333052,0.9883555555555308,0.1990122222222225,0.9883522222221972,0.0392484629629636,1.934814814814857e-05,,0.4148682022551797,0.4,44012
0.52,ascending,1.0,0.15,20,30,<23>par,1004,0.5,-2.044134375,0.1334471666666666,0.9804166666666488,0.1984333333333336,-0.5918944444444173,0.9804033333333148,0.1984355555555559,0.9803322222222028,0.0387131092592594,3.28314814814816e-05,,0.4121445748610894,0.4,44631
0.52,ascending,1.0,0.15,20,30,<23>par,1004,0.6,-2.0602120833333326,0.1604988888888888,0.97358333333332,0.1982877777777783,-0.5892699999999733,0.9733677777777646,0.1982166666666672,0.9732666666666546,0.0383059092592593,4.434629629629638e-05,,0.409867763819071,0.4,45617
0.52,ascending,1.0,0.15,20,30,<23>par,1004,0.7,-2.076823208333333,0.1869738095238095,0.9639511111111052,0.197382222222223,-0.5853466666666428,0.9640422222222156,0.1972233333333343,0.9636822222222162,0.0375886999999998,6.10907407407409e-05,,0.4065514192052942,0.4,46319
0.52,ascending,1.0,0.15,20,30,<23>par,1004,0.8,-2.096183708333333,0.2153282291666666,0.9522922222222214,0.1967277777777787,-0.5812433333333115,0.9521522222222228,0.1964433333333344,0.9514488888888892,0.0365464574074073,8.393333333333413e-05,,0.4026912381222442,0.4,47306
0.52,ascending,1.0,0.15,20,30,<23>par,1004,0.86,-2.110538458333333,0.231291472868217,0.9423900000000032,0.1958466666666677,-0.5766355555555356,0.9429977777777808,0.1954622222222228,0.9413411111111166,0.0359779962962961,0.0001030518518518,,0.3990848877033583,0.4,48010
0.52,ascending,1.0,0.15,20,30,<23>par,1004,0.87,-2.1124227916666665,0.2341948275862068,0.943575555555556,0.1959733333333347,-0.5774877777777582,0.943605555555558,0.1955644444444458,0.9425155555555572,0.0359540499999998,0.0001044537037037,,0.399591825557494,0.4,48089
0.52,ascending,1.0,0.15,20,30,<23>par,1004,0.88,-2.117116374999999,0.2377994318181817,0.9405288888888932,0.1958466666666675,-0.57740888888887,0.94087555555556,0.1954977777777786,0.9390844444444496,0.0352737481481479,0.0001062407407407,,0.3988354793895716,0.4,48115
0.52,ascending,1.0,0.15,20,30,<23>par,1004,0.89,-2.1183412499999994,0.2401192883895131,0.9413844444444474,0.1957611111111118,-0.5759844444444251,0.9415133333333374,0.1953677777777787,0.9401911111111168,0.0360170370370369,0.0001036814814814,,0.3985708645852462,0.4,48592
0.52,ascending,1.0,0.15,20,30,<23>par,1004,0.9,-2.1207776666666662,0.2423206481481481,0.9385588888888952,0.1956922222222236,-0.5755188888888702,0.9383366666666711,0.1952322222222235,0.93721555555556,0.0355632611111109,0.000110674074074,,0.3978314109406736,0.4,48333
0.52,ascending,1.0,0.15,20,30,<23>par,1004,0.91,-2.1229206249999995,0.2452811355311354,0.938226666666674,0.1953600000000008,-0.575346666666648,0.9381677777777848,0.194973333333334,0.937085555555564,0.0355411722222221,0.00011455,,0.3976721412916102,0.4,48650
0.52,ascending,1.0,0.15,20,30,<23>par,1004,0.92,-2.12391975,0.2486005434782608,0.935046666666676,0.1955433333333339,-0.5739155555555372,0.9345766666666726,0.1950877777777783,0.9333300000000092,0.0354669499999998,0.0001233166666666,,0.3964324634366509,0.4,48151
0.52,ascending,1.0,0.15,20,30,<23>par,1004,0.93,-2.1276564583333326,0.2512587813620071,0.932354444444452,0.1951711111111119,-0.5734411111110925,0.9317966666666742,0.1945677777777787,0.9306622222222296,0.0349295870370369,0.0001221592592592,,0.3956857514526536,0.4,48631
0.52,ascending,1.0,0.15,20,30,<23>par,1004,0.9351,-2.129014208333333,0.252467650518661,0.9338444444444488,0.1951566666666676,-0.5736799999999812,0.9340711111111156,0.1947100000000008,0.9324666666666735,0.0351100666666665,0.0001154759259259,,0.3961692200881294,0.4,48296
0.52,ascending,1.0,0.15,20,30,<23>par,1004,0.94,-2.129914208333332,0.2542312056737588,0.9330566666666728,0.1953900000000009,-0.5724688888888708,0.9327133333333412,0.1947833333333341,0.9314722222222296,0.0354122074074073,0.0001226666666666,,0.3956444899137029,0.4,48718
0.52,ascending,1.0,0.15,20,30,<23>par,1004,0.95,-2.132167499999999,0.258093947368421,0.929477777777786,0.1948411111111117,-0.5726455555555374,0.9294377777777848,0.1943777777777787,0.927920000000009,0.0345593333333332,0.0001364611111111,,0.3948047624814552,0.4,48878
0.52,ascending,1.0,0.15,20,30,<23>par,1004,0.96,-2.135323875,0.2586022569444444,0.9290866666666736,0.1949755555555557,-0.5720044444444261,0.9292544444444516,0.1945122222222225,0.9276033333333406,0.0347569759259257,0.0001314277777777,,0.394660587522043,0.4,48620
0.52,ascending,1.0,0.15,20,30,<23>par,1004,0.97,-2.137248666666666,0.2628654639175258,0.9268588888888968,0.1947833333333342,-0.5714555555555373,0.9265477777777844,0.1941122222222227,0.9249788888888968,0.0343551055555553,0.0001334092592592,,0.3939090060745084,0.4,48869
0.52,ascending,1.0,0.15,20,30,<23>par,1004,0.98,-2.1399914999999994,0.26464481292517,0.9282744444444514,0.1948833333333342,-0.5706533333333139,0.9279288888888942,0.1941233333333341,0.9266311111111212,0.0350893962962961,0.0001320666666666,,0.3939202326351718,0.4,49071
0.52,ascending,1.0,0.15,20,30,<23>par,1004,0.99,-2.1420952916666662,0.2670537878787878,0.9258011111111188,0.1946688888888899,-0.5707766666666484,0.9256511111111204,0.1940755555555565,0.9241766666666758,0.0344720444444442,0.0001297759259259,,0.3934983292270031,0.4,49323
0.52,ascending,1.0,0.15,20,30,<23>par,1004,1.0,-2.1459862499999995,0.2710686666666667,0.9211266666666796,0.1945544444444455,-0.5692344444444261,0.9212344444444572,0.1939577777777787,0.918946666666678,0.033933109259259,0.0001480296296296,,0.3919507275020672,0.4,49379
0.52,ascending,1.0,0.15,20,30,<23>par,1004,1.01,-2.149077333333332,0.2739248349834983,0.9208233333333437,0.1946233333333343,-0.5682966666666485,0.9206522222222328,0.1939533333333342,0.9185277777777882,0.0343352648148145,0.000149487037037,,0.3915229338159708,0.4,49516
0.52,ascending,1.0,0.15,20,30,<23>par,1004,1.02,-2.151394583333333,0.2759218137254902,0.9206244444444552,0.1941766666666676,-0.5685188888888707,0.9204433333333424,0.1935633333333343,0.9183200000000118,0.0340936388888886,0.000147474074074,,0.3914117028740315,0.4,49439
0.52,ascending,1.0,0.15,20,30,<23>par,1004,1.1,-2.175791333333333,0.2996010606060606,0.9084200000000168,0.1935977777777788,-0.5631899999999793,0.9093133333333472,0.1926600000000007,0.9059644444444618,0.0332686518518517,0.0001743759259259,,0.38712007923949,0.4,50164
0.52,ascending,1.0,0.15,20,30,<23>par,1004,1.2,-2.204153208333333,0.3269215277777778,0.8878488888889006,0.1921833333333328,-0.5550355555555331,0.8883677777777933,0.1907699999999997,0.8837544444444524,0.0317203018518516,0.000228437037037,,0.3796737136671307,0.4,51230
0.52,ascending,1.0,0.15,20,30,<23>par,1005,0.05,-2.0135380833333327,0.0132183333333333,0.9998422222222204,0.1999811111111109,-0.5999233333333033,0.9998422222222204,0.1999811111111109,0.9998422222222204,0.0399918259259284,2.6851851851851905e-07,,0.4188269991059721,0.4,40459
0.52,ascending,1.0,0.15,20,30,<23>par,1005,0.1,-2.0131271666666657,0.0264099999999999,0.999208888888877,0.1999599999999998,-0.5996922222221924,0.999208888888877,0.1999577777777776,0.9992111111110994,0.0399493037037061,1.292592592592536e-06,,0.4186237734923339,0.4,41282
0.52,ascending,1.0,0.15,20,30,<23>par,1005,0.2,-2.0170497083333325,0.0528116666666666,0.9970744444444188,0.1997944444444443,-0.5987522222221928,0.9970799999999744,0.1997933333333333,0.9970722222221966,0.0398364074074092,4.875925925925944e-06,,0.4178755871795812,0.4,42020
0.52,ascending,1.0,0.15,20,30,<23>par,1005,0.3,-2.022821041666666,0.0795233333333333,0.9933044444444158,0.1995733333333333,-0.5974433333333042,0.99349888888886,0.1995811111111111,0.9933133333333048,0.0395335833333346,1.117407407407418e-05,,0.4166700630475032,0.4,42499
0.52,ascending,1.0,0.15,20,30,<23>par,1005,0.4,-2.033621333333333,0.1071089583333333,0.9874011111110856,0.1991011111111112,-0.5948788888888604,0.987532222222197,0.1990877777777779,0.9873677777777528,0.0391878055555563,2.053148148148146e-05,,0.4146090101865813,0.4,43609
0.52,ascending,1.0,0.15,20,30,<23>par,1005,0.5,-2.0444182916666667,0.1334751666666666,0.9817455555555372,0.1986355555555559,-0.592716666666639,0.98168888888887,0.1986266666666671,0.9816044444444252,0.0387148666666669,3.1125925925926045e-05,,0.4127134841715832,0.4,44455
0.52,ascending,1.0,0.15,20,30,<23>par,1005,0.6,-2.061795374999999,0.1603530555555555,0.973176666666653,0.197952222222223,-0.5891433333333064,0.973168888888876,0.1979033333333341,0.9729899999999878,0.0381918111111111,4.442592592592605e-05,,0.4097295750662278,0.4,45241
0.52,ascending,1.0,0.15,20,30,<23>par,1005,0.7,-2.0771649166666664,0.1867915476190476,0.9633944444444382,0.1973500000000008,-0.5845255555555322,0.9635011111111046,0.1972200000000008,0.9629911111111046,0.0377800092592592,6.207777777777813e-05,,0.406152469034154,0.4,46397
0.52,ascending,1.0,0.15,20,30,<23>par,1005,0.8,-2.0969305416666666,0.2147844791666666,0.9512466666666708,0.1965933333333343,-0.5805233333333122,0.9510288888888924,0.1963288888888898,0.9504166666666694,0.036598122222222,8.207962962962957e-05,,0.4022144399724526,0.4,47044
0.52,ascending,1.0,0.15,20,30,<23>par,1005,0.86,-2.110379791666666,0.2309679263565891,0.944854444444446,0.1961544444444455,-0.5785211111110906,0.9443411111111126,0.1959577777777788,0.9436188888888892,0.0358783425925925,0.0001008962962962,,0.4001519803721066,0.4,47778
0.52,ascending,1.0,0.15,20,30,<23>par,1005,0.87,-2.112500375,0.2352515325670498,0.9417244444444476,0.196037777777779,-0.5770011111110922,0.9425255555555574,0.1954144444444458,0.9410266666666708,0.0357866796296295,0.0001002166666666,,0.3991033930779422,0.4,48033
0.52,ascending,1.0,0.15,20,30,<23>par,1005,0.88,-2.1154449166666662,0.237194981060606,0.9403344444444474,0.1958622222222233,-0.5762288888888696,0.9399566666666692,0.1954622222222235,0.9388977777777812,0.0356939833333332,0.0001113351851851,,0.3983747476157203,0.4,48281
0.52,ascending,1.0,0.15,20,30,<23>par,1005,0.89,-2.119237,0.2401722846441947,0.9398311111111172,0.1955544444444455,-0.5757811111110928,0.9396222222222288,0.1951877777777786,0.938734444444452,0.0356649444444443,0.0001081814814814,,0.3982234951184455,0.4,48047
0.52,ascending,1.0,0.15,20,30,<23>par,1005,0.9,-2.1196393749999998,0.2423373148148148,0.9398022222222246,0.1957488888888899,-0.5756033333333153,0.9397311111111134,0.1953044444444453,0.9386155555555572,0.0358110666666664,0.0001061537037037,,0.3981312258911491,0.4,48165
0.52,ascending,1.0,0.15,20,30,<23>par,1005,0.91,-2.1229926249999997,0.2454213369963369,0.9382344444444484,0.1955666666666677,-0.5753699999999811,0.9378033333333368,0.1950233333333342,0.9367566666666692,0.0354098870370368,0.0001068351851851,,0.3976736384946461,0.4,48185
0.52,ascending,1.0,0.15,20,30,<23>par,1005,0.92,-2.12448225,0.2482914855072463,0.9355611111111176,0.195563333333334,-0.5750666666666482,0.9356166666666736,0.1950233333333343,0.9340833333333416,0.0350323388888888,0.0001188666666666,,0.3969832605060174,0.4,48288
0.52,ascending,1.0,0.15,20,30,<23>par,1005,0.93,-2.1285582083333323,0.2518500896057348,0.9334811111111162,0.1953355555555563,-0.5735611111110932,0.9338244444444512,0.194740000000001,0.931645555555564,0.0350884148148147,0.0001325833333333,,0.3959625597113639,0.4,48413
0.52,ascending,1.0,0.15,20,30,<23>par,1005,0.9351,-2.128027541666666,0.2527976508751292,0.9330255555555604,0.195243333333334,-0.5735811111110931,0.9330444444444496,0.1948000000000007,0.9317455555555592,0.035077011111111,0.0001141777777777,,0.3960189386707494,0.4,48370
0.52,ascending,1.0,0.15,20,30,<23>par,1005,0.94,-2.128418833333333,0.2524157801418439,0.93274444444445,0.1951122222222229,-0.57250777777776,0.9327677777777836,0.1944977777777781,0.9308900000000072,0.035300398148148,0.000123174074074,,0.395500577794329,0.4,48823
0.52,ascending,1.0,0.15,20,30,<23>par,1005,0.95,-2.134242208333333,0.256600701754386,0.9319488888888948,0.1952233333333342,-0.572933333333316,0.9327166666666712,0.1947455555555568,0.9305911111111154,0.035024683333333,0.0001350222222222,,0.3955638697906128,0.4,48609
0.52,ascending,1.0,0.15,20,30,<23>par,1005,0.96,-2.134484749999999,0.2599180555555555,0.9277911111111188,0.1950388888888897,-0.5703366666666476,0.9277433333333412,0.1945855555555564,0.925864444444454,0.0351531018518517,0.0001278259259259,,0.3937678682037603,0.4,48657
0.52,ascending,1.0,0.15,20,30,<23>par,1005,0.97,-2.139123333333333,0.2611155498281787,0.9278388888888958,0.1948588888888899,-0.5708022222222033,0.9283400000000074,0.1944611111111122,0.9260911111111187,0.0349056370370369,0.0001379888888888,,0.3939879546272827,0.4,48559
0.52,ascending,1.0,0.15,20,30,<23>par,1005,0.98,-2.140036708333333,0.2651347789115646,0.9274266666666752,0.19515888888889,-0.5712766666666481,0.9277600000000076,0.1944777777777786,0.925745555555562,0.0347101370370369,0.00012805,,0.3940754876664504,0.4,49343
0.52,ascending,1.0,0.15,20,30,<23>par,1005,0.99,-2.1425492916666657,0.2677914141414141,0.926006666666677,0.1947922222222231,-0.5702177777777604,0.9257544444444532,0.1942277777777787,0.9242322222222304,0.0347735314814813,0.0001340666666666,,0.3933232168950041,0.4,49289
0.52,ascending,1.0,0.15,20,30,<23>par,1005,1.0,-2.146144208333333,0.27055825,0.922176666666678,0.1946633333333345,-0.5688899999999804,0.9223644444444554,0.1940411111111125,0.92033777777779,0.0344216555555554,0.0001364703703703,,0.3921249372228228,0.4,49695
0.52,ascending,1.0,0.15,20,30,<23>par,1005,1.01,-2.1481824583333324,0.2724854785478547,0.9219555555555676,0.1944600000000007,-0.5692666666666479,0.9213911111111224,0.1939133333333338,0.9195588888889,0.0340726185185183,0.0001461203703703,,0.3920340665527516,0.4,49520
0.52,ascending,1.0,0.15,20,30,<23>par,1005,1.02,-2.152828999999999,0.2762283496732025,0.9201188888889013,0.1941377777777785,-0.5675599999999805,0.9196144444444576,0.1934088888888892,0.9177300000000134,0.0341721870370368,0.000148,,0.3910860968422033,0.4,49556
0.52,ascending,1.0,0.15,20,30,<23>par,1005,1.1,-2.173872708333333,0.298428106060606,0.9053422222222394,0.1933855555555558,-0.5624911111110911,0.906183333333346,0.1923933333333333,0.9025755555555716,0.0330036018518518,0.0001758814814814,,0.3861488943517411,0.4,50241
0.52,ascending,1.0,0.15,20,30,<23>par,1005,1.2,-2.206103999999999,0.3275468749999999,0.8863233333333487,0.1921655555555562,-0.5546866666666428,0.8863622222222334,0.1909522222222227,0.8812855555555661,0.0312655185185184,0.0002241888888888,,0.3790033466690367,0.4,51008
0.52,ascending,1.0,0.15,20,30,<23>par,1006,0.05,-2.011863166666666,0.0132083333333333,0.9997555555555524,0.1999911111111109,-0.59992999999997,0.9997555555555524,0.1999911111111109,0.9997555555555524,0.0399759629629655,4.074074074074092e-07,,0.4188132055155647,0.4,40784
0.52,ascending,1.0,0.15,20,30,<23>par,1006,0.1,-2.0122910000000003,0.0273124999999999,0.9990011111110968,0.1999099999999998,-0.5995744444444148,0.9990011111110968,0.1999099999999998,0.9990011111110968,0.0399360648148172,1.6462962962962846e-06,,0.418538592866611,0.4,40879
0.52,ascending,1.0,0.15,20,30,<23>par,1006,0.2,-2.018085125,0.0543679166666666,0.9971888888888644,0.1997688888888888,-0.5988955555555256,0.9971933333333088,0.1997688888888888,0.9971911111110864,0.0397917814814836,4.644444444444444e-06,,0.4179425388291806,0.4,41841
0.52,ascending,1.0,0.15,20,30,<23>par,1006,0.3,-2.0228857083333334,0.0798783333333333,0.9931088888888608,0.1995011111111111,-0.5972499999999711,0.9931311111110828,0.1995055555555556,0.9930877777777496,0.0395346370370383,1.168888888888905e-05,,0.4165608726354635,0.4,42863
0.52,ascending,1.0,0.15,20,30,<23>par,1006,0.4,-2.0334618749999995,0.1066027083333333,0.9884399999999742,0.1991511111111114,-0.5951566666666381,0.9884311111110854,0.1991544444444447,0.988457777777752,0.0393016037037044,1.872592592592614e-05,,0.4149187267000708,0.4,43551
0.52,ascending,1.0,0.15,20,30,<23>par,1006,0.5,-2.045163416666666,0.1330361666666666,0.9818722222222008,0.1985811111111115,-0.5926711111110833,0.981785555555534,0.1985633333333337,0.9818011111110908,0.0387451833333336,3.0225925925925863e-05,,0.412704811274892,0.4,44167
0.52,ascending,1.0,0.15,20,30,<23>par,1006,0.6,-2.0596315833333323,0.1610329166666666,0.9725133333333192,0.1980177777777787,-0.5890055555555294,0.9726544444444316,0.197952222222223,0.9723377777777638,0.0381206425925925,4.707962962963005e-05,,0.409570278831959,0.4,45211
0.52,ascending,1.0,0.15,20,30,<23>par,1006,0.7,-2.077624708333333,0.1878111904761904,0.9627966666666612,0.1971877777777787,-0.5845211111110875,0.962751111111106,0.1970455555555564,0.9624899999999964,0.0375979037037036,6.653148148148216e-05,,0.406021335851113,0.4,46449
0.52,ascending,1.0,0.15,20,30,<23>par,1006,0.8,-2.097199375,0.2155515624999999,0.9498788888888912,0.1965577777777786,-0.5803099999999793,0.9498522222222242,0.1963333333333342,0.9490677777777792,0.0363598388888887,9.340740740740747e-05,,0.4018758878619686,0.4,47366
0.52,ascending,1.0,0.15,20,30,<23>par,1006,0.86,-2.110952749999999,0.2327388565891472,0.942735555555557,0.1960900000000011,-0.577093333333314,0.9424944444444464,0.1957033333333342,0.9418211111111142,0.0359822166666665,9.824259259259388e-05,,0.399279017370389,0.4,48020
0.52,ascending,1.0,0.15,20,30,<23>par,1006,0.87,-2.1144443333333327,0.2346778735632183,0.9431644444444476,0.1958822222222231,-0.5769333333333142,0.9431144444444486,0.1955611111111121,0.9420900000000024,0.0360942203703701,9.763148148148206e-05,,0.3992768171542597,0.4,48046
0.52,ascending,1.0,0.15,20,30,<23>par,1006,0.88,-2.114040583333333,0.2358073863636363,0.941788888888893,0.1956700000000009,-0.5771022222222032,0.9419755555555606,0.1953055555555563,0.9405844444444512,0.0356478222222221,0.0001078277777777,,0.3989995126966077,0.4,48480
0.52,ascending,1.0,0.15,20,30,<23>par,1006,0.89,-2.117998125,0.2404920411985018,0.9393044444444484,0.1957522222222233,-0.5756899999999805,0.9393066666666696,0.19526888888889,0.9380977777777832,0.0357407703703702,0.0001072425925925,,0.3980705548811675,0.4,48247
0.52,ascending,1.0,0.15,20,30,<23>par,1006,0.9,-2.119654791666667,0.2431831481481481,0.9373188888888916,0.1958066666666677,-0.5749344444444254,0.93741333333334,0.1953722222222229,0.9359788888888944,0.0356106925925924,0.0001111851851851,,0.3973736542499809,0.4,48218
0.52,ascending,1.0,0.15,20,30,<23>par,1006,0.91,-2.1212295833333323,0.2448718864468864,0.9351400000000064,0.1955100000000009,-0.5747333333333138,0.9355911111111188,0.1949411111111123,0.9338666666666744,0.0352418962962961,0.0001154777777777,,0.3968181111208427,0.4,48335
0.52,ascending,1.0,0.15,20,30,<23>par,1006,0.92,-2.123982041666666,0.2477996376811593,0.936208888888897,0.195472222222223,-0.5745922222222033,0.9362277777777832,0.1948700000000008,0.9347377777777864,0.0353698759259257,0.000122724074074,,0.3969847743782744,0.4,48693
0.52,ascending,1.0,0.15,20,30,<23>par,1006,0.93,-2.1274523333333324,0.2512666666666666,0.934945555555557,0.1954944444444454,-0.5728788888888697,0.934971111111114,0.1948088888888894,0.933732222222226,0.0357281370370368,0.0001160296296296,,0.3962560556929213,0.4,48468
0.52,ascending,1.0,0.15,20,30,<23>par,1006,0.9351,-2.128895708333333,0.2527456065304957,0.9331933333333396,0.1955033333333345,-0.5735077777777593,0.933116666666674,0.1949844444444456,0.9314677777777844,0.0351208092592591,0.0001230944444444,,0.3959791975944433,0.4,48600
0.52,ascending,1.0,0.15,20,30,<23>par,1006,0.94,-2.130995374999999,0.2527690602836879,0.9330188888888948,0.1952966666666672,-0.5721422222222049,0.9328011111111174,0.1948211111111115,0.931406666666675,0.035522398148148,0.0001243629629629,,0.3955220753146128,0.4,48834
0.52,ascending,1.0,0.15,20,30,<23>par,1006,0.95,-2.1317229583333326,0.2564854385964912,0.9290666666666711,0.1949933333333344,-0.5720388888888717,0.9294833333333372,0.1945433333333343,0.9276655555555626,0.0348150759259257,0.0001309851851851,,0.3946885713462975,0.4,48802
0.52,ascending,1.0,0.15,20,30,<23>par,1006,0.96,-2.1334543333333325,0.2601817708333333,0.9285333333333392,0.1946944444444458,-0.5712166666666493,0.9286688888888952,0.1941100000000013,0.926697777777784,0.0349076074074071,0.0001230129629629,,0.3941448484143893,0.4,48818
0.52,ascending,1.0,0.15,20,30,<23>par,1006,0.97,-2.1381899583333333,0.2621262027491409,0.9292755555555644,0.1946477777777788,-0.5708122222222045,0.9296622222222292,0.1943255555555561,0.927974444444454,0.0352455962962961,0.0001295222222222,,0.3942686862004798,0.4,48724
0.52,ascending,1.0,0.15,20,30,<23>par,1006,0.98,-2.1406652916666657,0.2647497448979591,0.9257922222222336,0.1949555555555561,-0.5706044444444267,0.9254144444444564,0.1943966666666666,0.923888888888902,0.0345319574074071,0.0001339074074074,,0.3933430033327446,0.4,49453
0.52,ascending,1.0,0.15,20,30,<23>par,1006,0.99,-2.142551375,0.2681183501683501,0.9239322222222316,0.1945955555555563,-0.570532222222205,0.9236677777777864,0.1940888888888893,0.92206111111112,0.034098798148148,0.0001416759259259,,0.3929203830682328,0.4,49285
0.52,ascending,1.0,0.15,20,30,<23>par,1006,1.0,-2.1459397499999997,0.2699518333333333,0.9219177777777916,0.1947311111111121,-0.5688511111110919,0.9222722222222356,0.193904444444445,0.9198144444444578,0.0343838944444442,0.0001576518518518,,0.391950211503665,0.4,49112
0.52,ascending,1.0,0.15,20,30,<23>par,1006,1.01,-2.149205208333333,0.2730016501650165,0.9213211111111196,0.1944466666666681,-0.5682766666666484,0.9217444444444556,0.1938800000000007,0.9193877777777903,0.0344211074074072,0.0001425685185185,,0.391673673126493,0.4,49252
0.52,ascending,1.0,0.15,20,30,<23>par,1006,1.02,-2.151171375,0.2757036764705882,0.919805555555566,0.1943266666666677,-0.5686255555555356,0.9202188888888992,0.1935033333333343,0.9174855555555684,0.0337833537037036,0.0001452277777777,,0.3914132820401187,0.4,49491
0.52,ascending,1.0,0.15,20,30,<23>par,1006,1.1,-2.173846125,0.2983734848484848,0.9051333333333512,0.193413333333335,-0.5625999999999773,0.9049177777777956,0.1925622222222235,0.901905555555574,0.0327221740740739,0.0001708796296296,,0.386136288240502,0.4,50803
0.52,ascending,1.0,0.15,20,30,<23>par,1006,1.2,-2.204329624999999,0.32725875,0.8886033333333475,0.1922066666666664,-0.5559299999999762,0.8885344444444554,0.1907066666666656,0.8846388888888981,0.0315954722222221,0.0002197222222222,,0.3801242998383947,0.4,51496
0.52,ascending,1.0,0.15,20,30,<23>par,1007,0.05,-2.011567583333333,0.0131983333333333,0.9997977777777758,0.1999911111111109,-0.5999366666666366,0.9997977777777758,0.1999911111111109,0.9997977777777758,0.0399816666666691,3.407407407407364e-07,,0.41882373996465,0.4,40557
0.52,ascending,1.0,0.15,20,30,<23>par,1007,0.1,-2.0130020416666663,0.0261491666666666,0.9991277777777612,0.1999177777777776,-0.5996699999999702,0.9991277777777612,0.1999177777777776,0.9991277777777612,0.0399261944444467,1.418518518518516e-06,,0.418595542472498,0.4,41085
0.52,ascending,1.0,0.15,20,30,<23>par,1007,0.2,-2.018096333333333,0.0521858333333333,0.9971611111110884,0.1997577777777777,-0.5987288888888596,0.9971599999999774,0.1997522222222221,0.9971622222221994,0.0398461814814834,4.740740740740663e-06,,0.4178809307949937,0.4,42022
0.52,ascending,1.0,0.15,20,30,<23>par,1007,0.3,-2.026980541666666,0.0801091666666666,0.9932744444444148,0.1994900000000001,-0.5971344444444154,0.9932788888888592,0.199478888888889,0.9933177777777482,0.0396134870370384,1.0366666666666892e-05,,0.4165555824498691,0.4,42697
0.52,ascending,1.0,0.15,20,30,<23>par,1007,0.4,-2.034428,0.1070649999999999,0.9879622222221972,0.1990833333333335,-0.5951144444444162,0.9879377777777524,0.1990955555555559,0.987896666666641,0.0391893518518524,2.0588888888889e-05,,0.4147902617491519,0.4,43932
0.52,ascending,1.0,0.15,20,30,<23>par,1007,0.5,-2.046437333333333,0.1334556666666666,0.9812511111110914,0.1985888888888893,-0.5925422222221947,0.981097777777759,0.1985322222222226,0.9810955555555356,0.0386588925925929,3.325370370370364e-05,,0.4125404421403311,0.4,44496
0.52,ascending,1.0,0.15,20,30,<23>par,1007,0.6,-2.0597716249999998,0.1600088888888888,0.9736577777777644,0.1980600000000007,-0.589295555555529,0.9735122222222086,0.1979866666666673,0.9732322222222076,0.0382134388888889,4.566481481481501e-05,,0.4098536619965392,0.4,45558
0.52,ascending,1.0,0.15,20,30,<23>par,1007,0.7,-2.078940625,0.1888525,0.9633833333333276,0.1973666666666675,-0.5852422222221982,0.9631399999999934,0.1973177777777786,0.9628655555555488,0.037461148148148,6.36314814814818e-05,,0.406371258171664,0.4,46637
0.52,ascending,1.0,0.15,20,30,<23>par,1007,0.8,-2.0981473749999995,0.2148717708333332,0.9501844444444428,0.19631888888889,-0.5805788888888678,0.9503677777777776,0.196071111111112,0.9493422222222222,0.0362159166666666,8.967407407407505e-05,,0.4020025980207541,0.4,47503
0.52,ascending,1.0,0.15,20,30,<23>par,1007,0.86,-2.111147666666666,0.2306815891472868,0.9436444444444496,0.1962100000000007,-0.5771133333333139,0.9436122222222272,0.1959088888888896,0.9423600000000064,0.0361374166666666,0.0001030555555555,,0.3994407388089006,0.4,47926
0.52,ascending,1.0,0.15,20,30,<23>par,1007,0.87,-2.1145455416666663,0.2343324712643678,0.942984444444446,0.1958655555555569,-0.576776666666648,0.9428100000000011,0.1952266666666678,0.9419444444444454,0.0360377833333332,9.742407407407498e-05,,0.3992239573548065,0.4,48031
0.52,ascending,1.0,0.15,20,30,<23>par,1007,0.88,-2.1151421666666663,0.2376831439393939,0.9400111111111158,0.1954177777777789,-0.5758544444444256,0.9401511111111172,0.1950366666666678,0.9386111111111188,0.0355734074074071,0.0001022444444444,,0.3982033993659928,0.4,48061
0.52,ascending,1.0,0.15,20,30,<23>par,1007,0.89,-2.11837175,0.2394632958801498,0.9400100000000066,0.1955522222222228,-0.575668888888869,0.9406644444444486,0.1951777777777784,0.9388933333333394,0.035783759259259,0.0001061833333333,,0.3981663248838776,0.4,47866
0.52,ascending,1.0,0.15,20,30,<23>par,1007,0.9,-2.1205592083333324,0.242844537037037,0.9400877777777829,0.1957155555555563,-0.5758399999999811,0.9407033333333392,0.195212222222223,0.938930000000006,0.0357643462962961,0.0001064907407407,,0.3982870052993991,0.4,47809
0.52,ascending,1.0,0.15,20,30,<23>par,1007,0.91,-2.121963041666666,0.2446653846153846,0.9355255555555606,0.1951400000000014,-0.5747688888888708,0.9349277777777824,0.1948622222222236,0.9340900000000052,0.0350729833333332,0.0001112722222222,,0.3969125408446874,0.4,48208
0.52,ascending,1.0,0.15,20,30,<23>par,1007,0.92,-2.1252279999999995,0.2482533514492753,0.935550000000006,0.1952322222222228,-0.5734155555555385,0.93503333333334,0.1948288888888896,0.934117777777783,0.0356447333333332,0.0001167444444444,,0.3964353485031246,0.4,48237
0.52,ascending,1.0,0.15,20,30,<23>par,1007,0.93,-2.1279828749999994,0.2518060931899641,0.9335388888888948,0.1951633333333339,-0.5738477777777597,0.9337033333333412,0.1948044444444445,0.9320766666666742,0.035049198148148,0.0001183129629629,,0.3961715859793059,0.4,48379
0.52,ascending,1.0,0.15,20,30,<23>par,1007,0.9351,-2.1283518333333338,0.2523681959148753,0.932194444444454,0.1951633333333345,-0.57268888888887,0.9327888888888964,0.1946566666666672,0.931060000000007,0.0352217074074072,0.0001198092592592,,0.3955946120677506,0.4,48714
0.52,ascending,1.0,0.15,20,30,<23>par,1007,0.94,-2.129637624999998,0.2533992907801418,0.9324800000000076,0.1951433333333348,-0.5730055555555374,0.9330000000000068,0.1947066666666678,0.931405555555562,0.035145448148148,0.0001185722222222,,0.3957255057998909,0.4,48718
0.52,ascending,1.0,0.15,20,30,<23>par,1007,0.95,-2.1342366249999998,0.2579169298245614,0.92936222222223,0.1951677777777785,-0.5713333333333164,0.9294588888888984,0.1946255555555564,0.927328888888898,0.0349978759259258,0.0001333629629629,,0.3943782659442115,0.4,48923
0.52,ascending,1.0,0.15,20,30,<23>par,1007,0.96,-2.134532958333333,0.2591335069444444,0.9290800000000076,0.1950277777777788,-0.5725244444444266,0.9292700000000093,0.1944144444444452,0.9273655555555642,0.0345010796296295,0.0001264092592592,,0.3947223478558628,0.4,48812
0.52,ascending,1.0,0.15,20,30,<23>par,1007,0.97,-2.137299833333333,0.2618787800687285,0.92543000000001,0.1950055555555565,-0.5705311111110928,0.925324444444452,0.1945400000000009,0.923197777777788,0.0345228851851849,0.0001296907407407,,0.3932875062257063,0.4,49228
0.52,ascending,1.0,0.15,20,30,<23>par,1007,0.98,-2.14042525,0.2642971088435374,0.9274622222222296,0.1951577777777788,-0.5700044444444266,0.9266411111111184,0.1944555555555565,0.925330000000008,0.0351131574074073,0.0001300759259259,,0.3935591939754136,0.4,49547
0.52,ascending,1.0,0.15,20,30,<23>par,1007,0.99,-2.143035166666666,0.2674581649831649,0.924072222222232,0.194616666666668,-0.570395555555537,0.9246455555555642,0.1939744444444452,0.9220088888888994,0.0340693388888887,0.000142224074074,,0.3929345863593346,0.4,49323
0.52,ascending,1.0,0.15,20,30,<23>par,1007,1.0,-2.145803583333333,0.2701174166666666,0.9219844444444544,0.1943488888888898,-0.569129999999981,0.9218577777777892,0.1937677777777789,0.9199755555555664,0.0341561185185184,0.000151774074074,,0.3920246060719951,0.4,49685
0.52,ascending,1.0,0.15,20,30,<23>par,1007,1.01,-2.1485565416666668,0.2732013201320132,0.9224455555555668,0.1942911111111121,-0.5691299999999825,0.9218177777777884,0.193627777777779,0.920387777777787,0.0342063555555554,0.0001442759259259,,0.3921110257305512,0.4,49052
0.52,ascending,1.0,0.15,20,30,<23>par,1007,1.02,-2.151794124999999,0.2763289215686274,0.9201144444444588,0.194312222222223,-0.5679955555555358,0.9203077777777884,0.1937822222222224,0.9181144444444568,0.0342422055555554,0.0001493333333333,,0.3913225780467719,0.4,49586
0.52,ascending,1.0,0.15,20,30,<23>par,1007,1.1,-2.1746403333333326,0.2985047727272727,0.904926666666686,0.1937277777777779,-0.562683333333315,0.9053311111111294,0.1928599999999999,0.9018866666666864,0.0328992037037036,0.0001776888888888,,0.3860956902510222,0.4,50103
0.52,ascending,1.0,0.15,20,30,<23>par,1007,1.2,-2.20583125,0.3272379861111111,0.8872711111111248,0.1921533333333335,-0.5553744444444211,0.8879100000000137,0.1905933333333328,0.8832511111111202,0.0313203092592591,0.0002094203703703,,0.3797719825601728,0.4,51663
0.52,ascending,1.0,0.15,20,30,<23>par,1008,0.05,-2.011993958333333,0.0126449999999999,0.9998766666666614,0.199992222222222,-0.599951111111081,0.9998766666666614,0.199992222222222,0.9998766666666614,0.0399919833333358,2.0555555555554675e-07,,0.4188441949258849,0.4,40723
0.52,ascending,1.0,0.15,20,30,<23>par,1008,0.1,-2.0133323333333326,0.0269583333333333,0.9993033333333218,0.1999511111111109,-0.5997355555555257,0.9993033333333218,0.1999511111111109,0.9993033333333218,0.0399480722222246,1.1574074074074514e-06,,0.4186556526176627,0.4,41246
0.52,ascending,1.0,0.15,20,30,<23>par,1008,0.2,-2.017983041666666,0.0538062499999999,0.9968766666666397,0.1997588888888888,-0.5987788888888596,0.9968766666666397,0.199761111111111,0.9968733333333064,0.0397812203703723,5.201851851851813e-06,,0.4178336735627116,0.4,41558
0.52,ascending,1.0,0.15,20,30,<23>par,1008,0.3,-2.023297416666666,0.0805886111111111,0.9937522222221928,0.1994344444444445,-0.5973588888888597,0.9937133333333036,0.1994311111111112,0.993707777777748,0.0395880666666679,1.0431481481481543e-05,,0.4167074229274883,0.4,43001
0.52,ascending,1.0,0.15,20,30,<23>par,1008,0.4,-2.033412125,0.1070097916666666,0.98808444444442,0.1990344444444447,-0.5951866666666377,0.988078888888864,0.1990400000000003,0.9880655555555306,0.0391829425925932,1.9214814814815025e-05,,0.4148360175332727,0.4,43978
0.52,ascending,1.0,0.15,20,30,<23>par,1008,0.5,-2.0443638333333327,0.1331708333333333,0.9808788888888677,0.1984822222222227,-0.5920266666666386,0.980838888888868,0.1984677777777783,0.980775555555535,0.0387674055555557,3.2322222222222394e-05,,0.4122925002144925,0.4,44853
0.52,ascending,1.0,0.15,20,30,<23>par,1008,0.6,-2.058185958333333,0.1590751388888888,0.9739833333333204,0.1980722222222228,-0.5893033333333069,0.9739955555555422,0.1980411111111117,0.973821111111098,0.0383272851851852,4.346296296296298e-05,,0.4099694433569275,0.4,45674
0.52,ascending,1.0,0.15,20,30,<23>par,1008,0.7,-2.0756030416666658,0.1870045238095238,0.9629655555555496,0.1973855555555564,-0.5851166666666427,0.9627811111111062,0.1973188888888897,0.9624211111111056,0.0374538240740739,6.928148148148191e-05,,0.4062495533267335,0.4,46578
0.52,ascending,1.0,0.15,20,30,<23>par,1008,0.8,-2.0982233749999994,0.2144701041666666,0.9524200000000012,0.1965922222222234,-0.5804155555555344,0.9524288888888888,0.1964111111111122,0.9517233333333346,0.0368865925925925,8.488703703703757e-05,,0.4024515154950054,0.4,47209
0.52,ascending,1.0,0.15,20,30,<23>par,1008,0.86,-2.1107758749999994,0.2311743217054263,0.9428388888888892,0.1959655555555566,-0.5780544444444246,0.9426266666666694,0.1955800000000012,0.9417622222222268,0.0355517148148146,0.0001032388888888,,0.3995728927138594,0.4,47896
0.52,ascending,1.0,0.15,20,30,<23>par,1008,0.87,-2.112288125,0.2339554597701149,0.9441377777777789,0.1960433333333345,-0.5769244444444248,0.9437933333333348,0.195722222222223,0.9432555555555564,0.0363721481481478,9.83351851851862e-05,,0.399482014687873,0.4,47986
0.52,ascending,1.0,0.15,20,30,<23>par,1008,0.88,-2.1147382083333333,0.237415909090909,0.9400366666666712,0.1955933333333343,-0.5762144444444262,0.9398011111111158,0.1952066666666678,0.9385266666666724,0.0354969685185184,0.0001122462962962,,0.3983354458213806,0.4,47898
0.52,ascending,1.0,0.15,20,30,<23>par,1008,0.89,-2.1197272916666656,0.2397382958801497,0.9411300000000028,0.1957755555555567,-0.5753799999999817,0.940681111111114,0.1954022222222234,0.9396622222222256,0.0361487425925924,0.0001017703703703,,0.3982792357797265,0.4,47830
0.52,ascending,1.0,0.15,20,30,<23>par,1008,0.9,-2.120815625,0.2422696296296296,0.9362455555555612,0.1955888888888894,-0.5740011111110923,0.9359300000000078,0.1950355555555562,0.9346222222222296,0.0355760611111109,0.0001204333333333,,0.3967641709689339,0.4,48405
0.52,ascending,1.0,0.15,20,30,<23>par,1008,0.91,-2.121346375,0.2440021978021977,0.936874444444454,0.1957488888888902,-0.5743933333333151,0.9369555555555632,0.1952811111111123,0.935573333333342,0.0357064703703701,0.0001146037037037,,0.3970916129816789,0.4,48446
0.52,ascending,1.0,0.15,20,30,<23>par,1008,0.92,-2.1252188333333333,0.2468749999999999,0.9378422222222262,0.1951777777777787,-0.5745488888888707,0.9375544444444468,0.1947422222222233,0.9366044444444478,0.0355881314814813,0.0001108907407407,,0.3973179528663566,0.4,48706
0.52,ascending,1.0,0.15,20,30,<23>par,1008,0.93,-2.1279835833333323,0.2515909498207885,0.932304444444452,0.1951833333333343,-0.5726755555555383,0.9325855555555634,0.1947911111111121,0.9310500000000071,0.035257609259259,0.0001242666666666,,0.395542905385185,0.4,48481
0.52,ascending,1.0,0.15,20,30,<23>par,1008,0.9351,-2.1285425,0.2517497237372116,0.93241444444445,0.1954488888888897,-0.5731744444444263,0.9321911111111174,0.1949455555555567,0.9302166666666744,0.0350157333333331,0.0001240481481481,,0.3956284742707804,0.4,49204
0.52,ascending,1.0,0.15,20,30,<23>par,1008,0.94,-2.129141625,0.2527867021276596,0.9312277777777852,0.1952511111111123,-0.5724744444444263,0.9313033333333413,0.1947155555555566,0.9300400000000092,0.035170061111111,0.0001268962962962,,0.3952743016063677,0.4,48503
0.52,ascending,1.0,0.15,20,30,<23>par,1008,0.95,-2.1322427499999987,0.256814298245614,0.9308488888888936,0.1953566666666673,-0.573638888888871,0.9310688888888928,0.1948266666666674,0.9291611111111184,0.0346940407407405,0.0001226962962962,,0.3954863846270582,0.4,48843
0.52,ascending,1.0,0.15,20,30,<23>par,1008,0.96,-2.1353689166666663,0.2592439236111111,0.9323700000000076,0.1950466666666672,-0.5720088888888709,0.9320600000000048,0.1945500000000006,0.9308777777777838,0.0354360777777776,0.000126337037037,,0.3953094378001714,0.4,49026
0.52,ascending,1.0,0.15,20,30,<23>par,1008,0.97,-2.137245791666666,0.2627426116838487,0.9284133333333394,0.1950222222222234,-0.5706677777777596,0.9280622222222285,0.1943788888888893,0.9262611111111192,0.0350023148148147,0.0001383222222222,,0.3938931356117887,0.4,49368
0.52,ascending,1.0,0.15,20,30,<23>par,1008,0.98,-2.1399096666666657,0.2648026360544217,0.9255533333333414,0.1949855555555562,-0.5708122222222035,0.9251466666666764,0.1943655555555561,0.9237233333333444,0.0345336333333332,0.0001375777777777,,0.3934009113578728,0.4,49409
0.52,ascending,1.0,0.15,20,30,<23>par,1008,0.99,-2.1437070416666666,0.2669989898989899,0.9263766666666764,0.1948511111111119,-0.5700066666666483,0.9264700000000105,0.1941511111111122,0.9247344444444549,0.0349502537037036,0.0001299092592592,,0.3933370017213936,0.4,49231
0.52,ascending,1.0,0.15,20,30,<23>par,1008,1.0,-2.1467348333333325,0.2710845833333333,0.9231388888888986,0.1944111111111121,-0.5699799999999828,0.923146666666675,0.1937944444444453,0.9211411111111216,0.0341114148148147,0.0001367222222222,,0.3925258174413523,0.4,49678
0.52,ascending,1.0,0.15,20,30,<23>par,1008,1.01,-2.148147458333333,0.2728139438943894,0.9214755555555688,0.1944200000000003,-0.5677433333333152,0.921364444444457,0.1937288888888896,0.9196155555555684,0.0345820666666666,0.0001395333333333,,0.3915320273888416,0.4,49810
0.52,ascending,1.0,0.15,20,30,<23>par,1008,1.02,-2.1526984166666656,0.2762433006535947,0.919521111111122,0.1943700000000009,-0.5671744444444259,0.9195111111111228,0.1935788888888895,0.9170466666666806,0.0342788111111111,0.0001483944444444,,0.3909157276474158,0.4,49305
0.52,ascending,1.0,0.15,20,30,<23>par,1008,1.1,-2.1723744166666665,0.2981388636363636,0.9058766666666828,0.1935544444444449,-0.5636455555555336,0.9073555555555698,0.1925944444444447,0.9029522222222374,0.0326407185185184,0.0001821703703703,,0.3866780784735805,0.4,50518
0.52,ascending,1.0,0.15,20,30,<23>par,1008,1.2,-2.204890958333333,0.3276271527777777,0.8860688888889005,0.1917822222222222,-0.555044444444421,0.8854900000000099,0.1905999999999997,0.8820966666666746,0.0310532685185184,0.0002149925925925,,0.3792852207548391,0.4,51506
0.52,ascending,1.0,0.15,20,30,<23>par,1009,0.05,-2.013405541666666,0.0126033333333333,0.999866666666663,0.1999955555555553,-0.5999677777777477,0.999866666666663,0.1999955555555553,0.999866666666663,0.0399846666666691,2.222222222222357e-07,,0.418848017061839,0.4,40770
0.52,ascending,1.0,0.15,20,30,<23>par,1009,0.1,-2.0138260416666665,0.0264058333333333,0.9990922222222076,0.1999655555555554,-0.5996933333333035,0.9990922222222076,0.1999655555555554,0.9990955555555407,0.0399287500000023,1.5814814814814811e-06,,0.4186019240469121,0.4,40653
0.52,ascending,1.0,0.15,20,30,<23>par,1009,0.2,-2.0170043333333325,0.0526091666666666,0.9969455555555286,0.1997788888888888,-0.598745555555526,0.9969699999999728,0.1997788888888888,0.9969488888888618,0.0398099129629649,4.974074074074104e-06,,0.4178454352119871,0.4,42087
0.52,ascending,1.0,0.15,20,30,<23>par,1009,0.3,-2.0231539583333333,0.0800505555555555,0.9937233333333026,0.1994655555555556,-0.5975299999999704,0.993808888888858,0.1994677777777778,0.993718888888858,0.0395330074074087,1.0744444444444535e-05,,0.4167728550288416,0.4,43121
0.52,ascending,1.0,0.15,20,30,<23>par,1009,0.4,-2.0324282083333327,0.1061410416666666,0.9873733333333096,0.1992200000000002,-0.5951722222221936,0.9873466666666428,0.1991888888888891,0.9873377777777536,0.0391203666666672,2.007222222222254e-05,,0.4147053603817839,0.4,43349
0.52,ascending,1.0,0.15,20,30,<23>par,1009,0.5,-2.04523675,0.133274,0.9818333333333116,0.1986133333333337,-0.5925766666666383,0.9818977777777556,0.1985611111111115,0.9817466666666448,0.0387995666666668,2.977592592592591e-05,,0.4126788137419956,0.4,44231
0.52,ascending,1.0,0.15,20,30,<23>par,1009,0.6,-2.060326624999999,0.1600772222222222,0.9721922222222116,0.1980866666666674,-0.5888055555555294,0.9722377777777664,0.1979488888888897,0.972062222222211,0.0381296185185184,4.733333333333371e-05,,0.4094385554989443,0.4,45356
0.52,ascending,1.0,0.15,20,30,<23>par,1009,0.7,-2.077163041666666,0.1879973809523809,0.9629033333333276,0.1972222222222231,-0.5856377777777535,0.962433333333327,0.1971488888888897,0.9624666666666593,0.0371835111111109,6.583518518518572e-05,,0.4063759027164255,0.4,46390
0.52,ascending,1.0,0.15,20,30,<23>par,1009,0.8,-2.0977062083333324,0.2151664583333332,0.9517311111111126,0.1963766666666677,-0.5810211111110899,0.951756666666668,0.1961133333333345,0.950992222222224,0.0364594129629627,8.782222222222231e-05,,0.4024189989928322,0.4,47159
0.52,ascending,1.0,0.15,20,30,<23>par,1009,0.86,-2.11268775,0.2312236434108527,0.94525555555556,0.1961611111111122,-0.5778988888888693,0.9453244444444484,0.1957722222222229,0.9444666666666708,0.0362462148148146,9.441666666666688e-05,,0.4001162405595165,0.4,47674
0.52,ascending,1.0,0.15,20,30,<23>par,1009,0.87,-2.113249583333333,0.2340906130268199,0.9426744444444456,0.195807777777779,-0.5759088888888706,0.942124444444446,0.1954877777777793,0.941481111111114,0.0363233629629627,0.0001059796296296,,0.3987922557557187,0.4,47608
0.52,ascending,1.0,0.15,20,30,<23>par,1009,0.88,-2.115217083333333,0.2368941287878787,0.9403322222222252,0.1956977777777787,-0.5763688888888702,0.9409311111111144,0.1953111111111118,0.939363333333337,0.0356653259259258,0.0001035462962962,,0.398515159634901,0.4,48235
0.52,ascending,1.0,0.15,20,30,<23>par,1009,0.89,-2.1177520833333325,0.2405608614232209,0.938127777777782,0.1956911111111118,-0.5752555555555371,0.938730000000004,0.195392222222223,0.937156666666672,0.0357339277777777,0.0001050296296296,,0.3977239705037532,0.4,48358
0.52,ascending,1.0,0.15,20,30,<23>par,1009,0.9,-2.119129083333333,0.2422457407407407,0.9364577777777836,0.1958455555555567,-0.5747033333333151,0.936716666666672,0.195351111111112,0.935376666666674,0.0355415944444443,0.0001133833333333,,0.3972088675751437,0.4,48058
0.52,ascending,1.0,0.15,20,30,<23>par,1009,0.91,-2.1231301666666664,0.2455148351648351,0.936707777777782,0.1956933333333342,-0.5746799999999812,0.9366811111111156,0.1951177777777786,0.9354777777777824,0.0355089499999999,0.0001096351851851,,0.397155517637142,0.4,47938
0.52,ascending,1.0,0.15,20,30,<23>par,1009,0.92,-2.125872708333333,0.2483121376811593,0.9357455555555604,0.1954533333333349,-0.5744422222222041,0.9353177777777834,0.1948100000000013,0.934420000000005,0.0352896666666665,0.0001171222222222,,0.3968088460845884,0.4,48577
0.52,ascending,1.0,0.15,20,30,<23>par,1009,0.93,-2.126935833333333,0.252014605734767,0.9347744444444488,0.1955244444444453,-0.573832222222204,0.9344088888888956,0.1951455555555565,0.9333911111111168,0.0354338777777776,0.0001137629629629,,0.3964783941435273,0.4,48431
0.52,ascending,1.0,0.15,20,30,<23>par,1009,0.9351,-2.130072791666666,0.2527002459629985,0.9329700000000072,0.1954377777777787,-0.573125555555538,0.932876666666674,0.1948777777777786,0.9312766666666732,0.0352088462962961,0.0001174759259259,,0.3958161694852387,0.4,49013
0.52,ascending,1.0,0.15,20,30,<23>par,1009,0.94,-2.129882541666667,0.2527070921985815,0.9334611111111168,0.1950911111111118,-0.5730744444444266,0.9340688888888938,0.1947266666666674,0.9317644444444498,0.0352701074074072,0.0001185388888888,,0.3959017703776263,0.4,48759
0.52,ascending,1.0,0.15,20,30,<23>par,1009,0.95,-2.132680041666666,0.2572675438596491,0.931237777777782,0.1951400000000008,-0.5722988888888708,0.9310900000000044,0.1945566666666676,0.9299244444444524,0.0350963870370368,0.00012475,,0.395179412786539,0.4,48899
0.52,ascending,1.0,0.15,20,30,<23>par,1009,0.96,-2.1370662083333323,0.2592325520833333,0.9303188888888946,0.1949355555555563,-0.5719033333333151,0.9310077777777818,0.1945033333333339,0.9289322222222284,0.0350835388888887,0.0001272129629629,,0.394900804810596,0.4,48637
0.52,ascending,1.0,0.15,20,30,<23>par,1009,0.97,-2.1376816666666656,0.2612994845360825,0.9287255555555608,0.1948155555555563,-0.5701011111110934,0.9290233333333374,0.1942122222222228,0.9272911111111172,0.0354213314814813,0.0001288777777777,,0.3939386924562133,0.4,48968
0.52,ascending,1.0,0.15,20,30,<23>par,1009,0.98,-2.140208416666666,0.264228656462585,0.9277600000000068,0.1948711111111119,-0.5708466666666482,0.9280400000000066,0.1942355555555562,0.9260933333333418,0.0349437074074072,0.0001281611111111,,0.3939060745467634,0.4,49092
0.52,ascending,1.0,0.15,20,30,<23>par,1009,0.99,-2.143403583333332,0.2676160774410774,0.9247000000000096,0.1948100000000014,-0.5699255555555365,0.9244800000000092,0.1941600000000011,0.9230177777777888,0.0345548333333332,0.0001371925925925,,0.3930170826175407,0.4,49166
0.52,ascending,1.0,0.15,20,30,<23>par,1009,1.0,-2.14616925,0.2706179999999999,0.922233333333344,0.1944755555555569,-0.5688088888888696,0.9222800000000104,0.1939433333333347,0.920437777777788,0.0344354518518518,0.0001357,,0.392127466773737,0.4,49483
0.52,ascending,1.0,0.15,20,30,<23>par,1009,1.01,-2.1497799583333337,0.2728949669966997,0.9211511111111242,0.1946055555555565,-0.5689122222222044,0.9214055555555668,0.1940888888888896,0.9191922222222356,0.034049635185185,0.0001374833333333,,0.391826990928129,0.4,49229
0.52,ascending,1.0,0.15,20,30,<23>par,1009,1.02,-2.152059083333333,0.2765511437908496,0.9184022222222362,0.1945088888888899,-0.5681566666666479,0.9177266666666808,0.1939433333333344,0.9157833333333468,0.0336985333333331,0.0001448222222222,,0.3909434778985822,0.4,49885
0.52,ascending,1.0,0.15,20,30,<23>par,1009,1.1,-2.174865166666666,0.2995882575757576,0.9040577777777936,0.1935511111111113,-0.5618077777777571,0.9047333333333508,0.1922599999999998,0.9008955555555744,0.0327528814814813,0.0001806611111111,,0.3856739675082428,0.4,50688
0.52,ascending,1.0,0.15,20,30,<23>par,1009,1.2,-2.204880791666666,0.3271247916666666,0.8874633333333474,0.1923711111111111,-0.5550699999999775,0.8870066666666806,0.1910444444444445,0.8828955555555628,0.0314223555555554,0.0002246351851851,,0.3795444674902329,0.4,51227
0.52,ascending,1.0,0.15,20,30,<23>par,1010,0.05,-2.012209333333333,0.0130299999999999,0.9998122222222188,0.1999911111111109,-0.5999399999999699,0.9998122222222188,0.1999911111111109,0.9998122222222188,0.039983205555558,3.111111111111008e-07,,0.4188276816169385,0.4,40558
0.52,ascending,1.0,0.15,20,30,<23>par,1010,0.1,-2.013630625,0.0268649999999999,0.9992911111110974,0.1999533333333331,-0.5997599999999701,0.9993155555555416,0.1999533333333331,0.9992911111110974,0.039936766666669,1.2111111111110662e-06,,0.4186614050618359,0.4,41074
0.52,ascending,1.0,0.15,20,30,<23>par,1010,0.2,-2.018064541666666,0.0534558333333333,0.9970233333333096,0.1997633333333332,-0.5987711111110816,0.9970222222221984,0.1997666666666665,0.9970266666666427,0.0398029222222239,4.970370370370393e-06,,0.417871891468817,0.4,41968
0.52,ascending,1.0,0.15,20,30,<23>par,1010,0.3,-2.024141208333333,0.0795574999999999,0.9931955555555244,0.1994711111111111,-0.5972888888888594,0.9932411111110794,0.1994577777777778,0.9931899999999684,0.0395229611111124,1.1292592592592746e-05,,0.4165872773698101,0.4,42336
0.52,ascending,1.0,0.15,20,30,<23>par,1010,0.4,-2.0343196666666663,0.1065122916666666,0.9876177777777554,0.1991833333333335,-0.5952466666666384,0.9876211111110884,0.1991644444444447,0.9876411111110884,0.0391188870370376,2.100925925925945e-05,,0.4147804195894796,0.4,43680
0.52,ascending,1.0,0.15,20,30,<23>par,1010,0.5,-2.045033125,0.1330658333333333,0.9816288888888686,0.1985611111111117,-0.5927766666666384,0.9815733333333132,0.1985077777777782,0.9815044444444248,0.0386461370370371,3.109259259259285e-05,,0.4126832621110348,0.4,44094
0.52,ascending,1.0,0.15,20,30,<23>par,1010,0.6,-2.0602506666666667,0.1601074999999999,0.9722644444444308,0.1980955555555563,-0.5891233333333064,0.97225222222221,0.1981077777777784,0.9719155555555444,0.0380246203703703,4.7107407407407806e-05,,0.4095328547643062,0.4,45592
0.52,ascending,1.0,0.15,20,30,<23>par,1010,0.7,-2.0769210833333327,0.1869070238095238,0.9630499999999927,0.1970933333333343,-0.5851322222221982,0.9628611111111044,0.1970500000000011,0.962562222222216,0.0373684870370369,6.242777777777788e-05,,0.4062718843210168,0.4,46369
0.52,ascending,1.0,0.15,20,30,<23>par,1010,0.8,-2.0968086249999995,0.2148526041666666,0.9510533333333318,0.19666888888889,-0.5806011111110898,0.9506211111111078,0.1964444444444454,0.9501266666666628,0.0365469388888886,9.143333333333404e-05,,0.4021843466493889,0.4,47188
0.52,ascending,1.0,0.15,20,30,<23>par,1010,0.86,-2.110019458333333,0.2309437015503876,0.9449655555555576,0.1959811111111122,-0.5772122222222033,0.9449488888888904,0.1956055555555566,0.9440388888888916,0.0363409777777777,0.0001004981481481,,0.3997671312283644,0.4,48080
0.52,ascending,1.0,0.15,20,30,<23>par,1010,0.87,-2.113091625,0.2346917624521072,0.9421188888888942,0.1959544444444452,-0.5767455555555364,0.9427888888888936,0.1956344444444456,0.9414655555555624,0.0360818592592591,0.0001000185185185,,0.3991152819448346,0.4,48018
0.52,ascending,1.0,0.15,20,30,<23>par,1010,0.88,-2.116653416666665,0.2362295454545454,0.9412844444444493,0.1958933333333347,-0.5766288888888693,0.940990000000004,0.1955255555555568,0.940195555555559,0.0358774055555554,0.0001045296296296,,0.3987582463062878,0.4,48105
0.52,ascending,1.0,0.15,20,30,<23>par,1010,0.89,-2.1171176249999992,0.2396106741573033,0.9381822222222274,0.1958177777777789,-0.5752999999999815,0.9385522222222272,0.1954011111111121,0.936795555555562,0.0355898944444442,0.0001080481481481,,0.3977050888574405,0.4,47639
0.52,ascending,1.0,0.15,20,30,<23>par,1010,0.9,-2.1213389166666663,0.2425200925925925,0.9384900000000028,0.1955200000000011,-0.5746066666666482,0.9383288888888928,0.1950933333333342,0.9371388888888932,0.0358294222222221,0.0001174925925925,,0.3974990426988111,0.4,48172
0.52,ascending,1.0,0.15,20,30,<23>par,1010,0.91,-2.123311624999999,0.2456136446886446,0.9361533333333398,0.1952755555555564,-0.574213333333316,0.936152222222228,0.1948511111111116,0.9348900000000088,0.0354771981481479,0.000112924074074,,0.3968632490911404,0.4,48375
0.52,ascending,1.0,0.15,20,30,<23>par,1010,0.92,-2.125431833333333,0.2488473731884057,0.9363033333333388,0.1954611111111122,-0.5741499999999811,0.9361233333333367,0.1951366666666679,0.9350444444444488,0.0354940351851849,0.0001127629629629,,0.3969435132341821,0.4,48885
0.52,ascending,1.0,0.15,20,30,<23>par,1010,0.93,-2.1263665,0.2504564516129032,0.9354055555555608,0.195397777777779,-0.5735177777777603,0.935313333333338,0.1950000000000011,0.9339544444444504,0.0356597555555553,0.0001123777777777,,0.3964833848743863,0.4,48303
0.52,ascending,1.0,0.15,20,30,<23>par,1010,0.9351,-2.128862375,0.2524200620254517,0.9336277777777848,0.1951266666666674,-0.5732877777777604,0.9333366666666753,0.1946811111111116,0.9319444444444528,0.0351804685185184,0.0001246907407407,,0.3959134673394824,0.4,48926
0.52,ascending,1.0,0.15,20,30,<23>par,1010,0.94,-2.1308137916666663,0.2543064716312057,0.9323755555555628,0.1950688888888898,-0.5727411111110934,0.9326200000000076,0.1946033333333343,0.9309766666666752,0.0352203222222222,0.0001207481481481,,0.3955473300654017,0.4,48905
0.52,ascending,1.0,0.15,20,30,<23>par,1010,0.95,-2.133017833333333,0.2570423684210526,0.9303133333333412,0.1949811111111119,-0.5716188888888706,0.9302377777777858,0.1944111111111119,0.9289688888888964,0.0351242888888887,0.0001306537037037,,0.3947255299849395,0.4,49242
0.52,ascending,1.0,0.15,20,30,<23>par,1010,0.96,-2.136305708333333,0.25910703125,0.9278277777777856,0.1948266666666674,-0.5716577777777601,0.9277222222222304,0.1942466666666676,0.92593111111112,0.0345508370370369,0.0001312925925925,,0.3941837767574219,0.4,48874
0.52,ascending,1.0,0.15,20,30,<23>par,1010,0.97,-2.138570624999999,0.2627329037800687,0.928467777777784,0.1950911111111117,-0.5708099999999824,0.9280044444444508,0.1945833333333344,0.9265088888888964,0.0350595074074072,0.0001282314814814,,0.3940823953639052,0.4,48977
0.52,ascending,1.0,0.15,20,30,<23>par,1010,0.98,-2.141498958333333,0.2657126700680272,0.9259688888888992,0.1948811111111126,-0.5703633333333163,0.9261388888888984,0.1944722222222235,0.9241866666666778,0.0346987240740739,0.0001287222222222,,0.3933513054016319,0.4,48511
0.52,ascending,1.0,0.15,20,30,<23>par,1010,0.99,-2.142554333333333,0.2686944444444444,0.924906666666676,0.1947200000000009,-0.5694822222222047,0.9247688888888982,0.1941111111111119,0.9231422222222307,0.0347966185185183,0.0001366851851851,,0.3927966934764739,0.4,49425
0.52,ascending,1.0,0.15,20,30,<23>par,1010,1.0,-2.146211041666666,0.27109825,0.9240000000000066,0.1946344444444454,-0.5695822222222053,0.9234388888888998,0.1941600000000009,0.9214633333333438,0.0343859907407406,0.0001394537037037,,0.392549731885181,0.4,49233
0.52,ascending,1.0,0.15,20,30,<23>par,1010,1.01,-2.149269416666666,0.2730631188118811,0.922385555555568,0.1946311111111114,-0.5685255555555359,0.9215644444444564,0.1938766666666673,0.9202277777777892,0.0345067925925924,0.0001454222222222,,0.3919221008331653,0.4,49272
0.52,ascending,1.0,0.15,20,30,<23>par,1010,1.02,-2.152448958333333,0.2770524509803921,0.9190711111111228,0.1943566666666672,-0.5677988888888695,0.9189455555555676,0.193545555555556,0.9166166666666796,0.0339185648148147,0.0001533444444444,,0.3909434345071331,0.4,49450
0.52,ascending,1.0,0.15,20,30,<23>par,1010,1.1,-2.1742255833333326,0.2986088636363636,0.9062022222222386,0.1934700000000006,-0.5627177777777567,0.9062455555555732,0.1924755555555554,0.9032533333333512,0.0328829574074071,0.0001912537037037,,0.3864153563689804,0.4,50835
0.52,ascending,1.0,0.15,20,30,<23>par,1010,1.2,-2.2062205833333324,0.326524375,0.8880177777777932,0.1920444444444439,-0.5550311111110876,0.8874400000000132,0.190811111111111,0.8839833333333481,0.0315964037037036,0.0002100444444444,,0.3797484442122597,0.4,51076
0.52,ascending,1.0,0.15,20,30,<23>par,1011,0.05,-2.012150333333333,0.0135916666666666,0.9997988888888856,0.1999866666666664,-0.5998966666666367,0.9997988888888856,0.1999866666666664,0.9997988888888856,0.0399961203703729,3.314814814814736e-07,,0.4188104618513518,0.4,40323
0.52,ascending,1.0,0.15,20,30,<23>par,1011,0.1,-2.014139541666666,0.0267624999999999,0.9994511111111032,0.1999377777777776,-0.599728888888859,0.9994511111111032,0.1999377777777776,0.9994511111111032,0.0399746740740765,9.388888888889012e-07,,0.418681194112596,0.4,41078
0.52,ascending,1.0,0.15,20,30,<23>par,1011,0.2,-2.0160630416666665,0.0533479166666666,0.9972544444444132,0.1997688888888888,-0.5987688888888597,0.9972499999999688,0.1997688888888888,0.9972544444444132,0.0398547574074092,4.516666666666699e-06,,0.417913608355584,0.4,41866
0.52,ascending,1.0,0.15,20,30,<23>par,1011,0.3,-2.0235377499999987,0.0794344444444444,0.9928499999999691,0.1994944444444445,-0.5972555555555265,0.992859999999969,0.1994866666666667,0.9929155555555252,0.0394803148148161,1.1496296296296382e-05,,0.4165178603998143,0.4,42711
0.52,ascending,1.0,0.15,20,30,<23>par,1011,0.4,-2.033359916666666,0.1062904166666666,0.9879822222221956,0.1990211111111114,-0.5949788888888603,0.9879455555555288,0.1990100000000002,0.9879277777777508,0.0392250611111117,2.041296296296341e-05,,0.4147446609822671,0.4,44004
0.52,ascending,1.0,0.15,20,30,<23>par,1011,0.5,-2.044735375,0.133346,0.980513333333314,0.1985000000000004,-0.59215777777775,0.9804999999999808,0.1984866666666671,0.9803777777777588,0.0386328925925927,3.350925925925917e-05,,0.4122607000728653,0.4,44969
0.52,ascending,1.0,0.15,20,30,<23>par,1011,0.6,-2.0609967916666663,0.1602618055555555,0.9732599999999868,0.1979955555555562,-0.58931666666664,0.97351333333332,0.1979288888888895,0.972861111111099,0.0381060703703704,4.6212962962963415e-05,,0.4097715488790606,0.4,45633
0.52,ascending,1.0,0.15,20,30,<23>par,1011,0.7,-2.0774137916666664,0.1883364285714285,0.9636177777777704,0.1973688888888898,-0.5852711111110872,0.9634677777777712,0.1971855555555565,0.9631955555555488,0.0375054351851851,6.421296296296328e-05,,0.4064645136641547,0.4,46415
0.52,ascending,1.0,0.15,20,30,<23>par,1011,0.8,-2.0962027083333328,0.2146165624999999,0.9513788888888884,0.1967500000000011,-0.58063111111109,0.9515200000000004,0.1964133333333343,0.9508188888888895,0.0366995148148146,8.995370370370376e-05,,0.402313790888027,0.4,47150
0.52,ascending,1.0,0.15,20,30,<23>par,1011,0.86,-2.1100505833333325,0.2325536821705426,0.942144444444449,0.1959188888888897,-0.5773944444444244,0.9422377777777798,0.1956188888888898,0.9410211111111128,0.0356941444444443,0.0001045518518518,,0.3992346443245945,0.4,48066
0.52,ascending,1.0,0.15,20,30,<23>par,1011,0.87,-2.113975208333333,0.2339451149425287,0.941474444444449,0.1957955555555567,-0.5763833333333144,0.941585555555558,0.1954644444444457,0.9401700000000032,0.0358905240740739,0.0001065555555555,,0.3987645221157579,0.4,47792
0.52,ascending,1.0,0.15,20,30,<23>par,1011,0.88,-2.115355125,0.2368719696969696,0.9414633333333357,0.1957633333333346,-0.5768188888888693,0.9417711111111148,0.1954511111111122,0.9402933333333382,0.0356654703703703,0.0001064203703703,,0.3988507811372501,0.4,47887
0.52,ascending,1.0,0.15,20,30,<23>par,1011,0.89,-2.1176545416666666,0.2394080524344569,0.940126666666672,0.1958144444444456,-0.5755711111110927,0.9401444444444488,0.1954622222222235,0.9392166666666706,0.0359324888888888,0.0001100592592592,,0.3982889968316302,0.4,48195
0.52,ascending,1.0,0.15,20,30,<23>par,1011,0.9,-2.120075874999999,0.2434341666666666,0.9372688888888916,0.1956788888888898,-0.5751066666666482,0.9370544444444496,0.1953211111111121,0.9360577777777804,0.035569398148148,0.0001121388888888,,0.3974313546911698,0.4,48229
0.52,ascending,1.0,0.15,20,30,<23>par,1011,0.91,-2.123661458333333,0.2461613553113552,0.9364622222222262,0.195463333333334,-0.5744188888888697,0.93707444444445,0.1949211111111116,0.935107777777782,0.035464987037037,0.0001147851851851,,0.3969589995767351,0.4,48650
0.52,ascending,1.0,0.15,20,30,<23>par,1011,0.92,-2.1263834583333323,0.2485786231884057,0.9367055555555625,0.1956644444444454,-0.5743966666666486,0.936683333333338,0.1951833333333343,0.935572222222226,0.0355998166666666,0.0001201592592592,,0.3971682724978181,0.4,48679
0.52,ascending,1.0,0.15,20,30,<23>par,1011,0.93,-2.1284947083333328,0.2514817204301075,0.9311022222222294,0.1954033333333347,-0.5727244444444254,0.9314555555555636,0.1948166666666682,0.9297766666666732,0.0350073666666665,0.0001271611111111,,0.3953666270581647,0.4,48790
0.52,ascending,1.0,0.15,20,30,<23>par,1011,0.9351,-2.127883916666665,0.2526744020247388,0.9326377777777844,0.1952344444444456,-0.5729988888888699,0.9329366666666716,0.1948644444444456,0.93097444444445,0.0351686833333332,0.00012515,,0.395678529694077,0.4,48692
0.52,ascending,1.0,0.15,20,30,<23>par,1011,0.94,-2.1306659166666666,0.2529964539007092,0.932575555555562,0.1951766666666677,-0.5732599999999813,0.93300444444445,0.1949033333333342,0.930927777777784,0.0349949333333331,0.0001174055555555,,0.3957632440826196,0.4,48975
0.52,ascending,1.0,0.15,20,30,<23>par,1011,0.95,-2.134010125,0.2566747368421052,0.9312566666666752,0.1950577777777787,-0.5733855555555363,0.9310288888888958,0.1945477777777783,0.929912222222232,0.0347337555555553,0.0001235592592592,,0.3955622222313096,0.4,48783
0.52,ascending,1.0,0.15,20,30,<23>par,1011,0.96,-2.135387125,0.2595606770833333,0.9314177777777845,0.1949888888888896,-0.5725377777777599,0.931925555555562,0.1944244444444451,0.9298600000000076,0.0350150499999998,0.0001179166666666,,0.3953139100613521,0.4,48894
0.52,ascending,1.0,0.15,20,30,<23>par,1011,0.97,-2.138553833333333,0.2618166666666666,0.9275488888888967,0.1949388888888901,-0.5707833333333138,0.927137777777783,0.1943911111111119,0.9257466666666756,0.0349284185185183,0.000133074074074,,0.393830333391345,0.4,48961
0.52,ascending,1.0,0.15,20,30,<23>par,1011,0.98,-2.1409714166666665,0.2655252551020408,0.92598111111112,0.1946833333333346,-0.5705611111110926,0.9264488888888976,0.1940733333333344,0.924066666666677,0.0345549555555553,0.0001383185185185,,0.3933639889269975,0.4,48994
0.52,ascending,1.0,0.15,20,30,<23>par,1011,0.99,-2.1442991666666664,0.2675714646464646,0.92479111111112,0.1947611111111119,-0.5699355555555363,0.9247411111111192,0.1942455555555564,0.9227822222222308,0.0345528240740739,0.0001366907407407,,0.3929421151204068,0.4,49139
0.52,ascending,1.0,0.15,20,30,<23>par,1011,1.0,-2.145796625,0.2708471666666667,0.9244033333333408,0.1947055555555565,-0.5692155555555368,0.9239922222222317,0.1941155555555564,0.9220333333333424,0.034581272222222,0.0001392425925925,,0.3925502688076093,0.4,49341
0.52,ascending,1.0,0.15,20,30,<23>par,1011,1.01,-2.148039,0.2724437293729372,0.9208855555555636,0.1946200000000005,-0.5689233333333129,0.9211811111111222,0.1938700000000005,0.9187066666666802,0.0340834018518518,0.0001498555555555,,0.3917401869837623,0.4,49127
0.52,ascending,1.0,0.15,20,30,<23>par,1011,1.02,-2.151094,0.2757188725490195,0.9207644444444564,0.1942022222222232,-0.5681522222222023,0.9210466666666772,0.1934966666666676,0.9187533333333482,0.0342965925925924,0.0001509648148148,,0.3915470689408246,0.4,49510
0.52,ascending,1.0,0.15,20,30,<23>par,1011,1.1,-2.174599375,0.2990358333333333,0.9053811111111302,0.1933411111111123,-0.561806666666645,0.9044255555555748,0.1925811111111121,0.9019333333333532,0.0330720648148146,0.0001845592592592,,0.3858366034344093,0.4,50071
0.52,ascending,1.0,0.15,20,30,<23>par,1011,1.2,-2.2034053333333325,0.3282090277777778,0.887002222222231,0.1924733333333337,-0.555201111111088,0.886577777777788,0.19109,0.8825244444444529,0.0314772777777776,0.0002292444444444,,0.3794142360479732,0.4,51436
0.52,ascending,1.0,0.15,20,30,<23>par,1012,0.05,-2.0124705416666666,0.0139383333333333,0.999836666666665,0.1999911111111109,-0.5999355555555255,0.999836666666665,0.1999911111111109,0.999836666666665,0.0399898277777803,2.7222222222221544e-07,,0.4188310903681445,0.4,40245
0.52,ascending,1.0,0.15,20,30,<23>par,1012,0.1,-2.0138529583333327,0.0271891666666666,0.999412222222212,0.199962222222222,-0.5997333333333034,0.999412222222212,0.199962222222222,0.999412222222212,0.0399749907407431,9.92592592592618e-07,,0.4186779230266134,0.4,41258
0.52,ascending,1.0,0.15,20,30,<23>par,1012,0.2,-2.0169528333333324,0.0540624999999999,0.9968199999999746,0.1997811111111111,-0.5987433333333039,0.9968211111110856,0.1997755555555554,0.996823333333308,0.0397838833333353,5.40555555555558e-06,,0.417818677897119,0.4,41666
0.52,ascending,1.0,0.15,20,30,<23>par,1012,0.3,-2.024389875,0.0795174999999999,0.9929411111110836,0.1994455555555556,-0.5972422222221931,0.9927888888888612,0.1994433333333334,0.992784444444417,0.0394437000000013,1.2885185185185638e-05,,0.4164968883110269,0.4,42485
0.52,ascending,1.0,0.15,20,30,<23>par,1012,0.4,-2.034097541666666,0.1075583333333333,0.9875677777777538,0.1991455555555558,-0.5950055555555267,0.987565555555532,0.1991066666666669,0.9875188888888644,0.0391744870370377,2.0896296296296612e-05,,0.4146907671068953,0.4,43731
0.52,ascending,1.0,0.15,20,30,<23>par,1012,0.5,-2.044304125,0.1333786666666666,0.9803199999999804,0.1984922222222227,-0.5921966666666391,0.9800344444444244,0.1984877777777782,0.9799188888888688,0.0385443129629631,3.277407407407473e-05,,0.4121689175082627,0.4,44377
0.52,ascending,1.0,0.15,20,30,<23>par,1012,0.6,-2.0599180416666667,0.1609009722222222,0.9729788888888752,0.1978733333333341,-0.5890799999999736,0.9728055555555426,0.1978144444444452,0.9727444444444314,0.0381191537037037,4.711481481481514e-05,,0.4096516616954238,0.4,45306
0.52,ascending,1.0,0.15,20,30,<23>par,1012,0.7,-2.076309208333333,0.1859570238095238,0.9638177777777704,0.1974044444444453,-0.5856455555555311,0.9636699999999924,0.1971722222222232,0.9634366666666576,0.0374130944444443,6.286666666666683e-05,,0.4066040198435315,0.4,45970
0.52,ascending,1.0,0.15,20,30,<23>par,1012,0.8,-2.095090625,0.2150258333333333,0.9523788888888872,0.1965333333333344,-0.5812144444444229,0.9524077777777784,0.1962200000000011,0.9516588888888896,0.0365225796296295,8.407037037037039e-05,,0.4026863086208638,0.4,47310
0.52,ascending,1.0,0.15,20,30,<23>par,1012,0.86,-2.111055125,0.230804457364341,0.9432522222222252,0.1958922222222235,-0.5768155555555354,0.9437522222222252,0.1956300000000012,0.942293333333336,0.0361941648148146,9.581666666666751e-05,,0.3992600874868147,0.4,48256
0.52,ascending,1.0,0.15,20,30,<23>par,1012,0.87,-2.1130445833333327,0.2349973180076628,0.9423700000000056,0.1958588888888901,-0.5767644444444254,0.942525555555559,0.1954544444444454,0.9415800000000034,0.0360323018518516,0.0001029611111111,,0.3990979991216746,0.4,47554
0.52,ascending,1.0,0.15,20,30,<23>par,1012,0.88,-2.1154168749999998,0.2374946969696969,0.9416144444444472,0.1960077777777785,-0.5760722222222026,0.9416977777777814,0.1953877777777783,0.9405711111111148,0.0361599629629628,0.0001028759259259,,0.3986841189370563,0.4,47865
0.52,ascending,1.0,0.15,20,30,<23>par,1012,0.89,-2.117720499999999,0.2388564606741572,0.9403322222222285,0.1959300000000008,-0.5762255555555363,0.9397477777777844,0.1955077777777784,0.9391277777777852,0.0357430685185184,0.000103437037037,,0.398410013091503,0.4,48453
0.52,ascending,1.0,0.15,20,30,<23>par,1012,0.9,-2.1202153749999995,0.2433042592592592,0.9386055555555596,0.1958933333333342,-0.5753155555555369,0.9384611111111152,0.1955200000000009,0.9370022222222256,0.0356313870370369,0.0001126833333333,,0.3977825065666029,0.4,48153
0.52,ascending,1.0,0.15,20,30,<23>par,1012,0.91,-2.122651624999999,0.2441875457875457,0.9376944444444508,0.1953933333333341,-0.5758299999999812,0.9380088888888932,0.1950677777777784,0.9367544444444486,0.0352540481481479,0.0001109018518518,,0.3977891237065434,0.4,48059
0.52,ascending,1.0,0.15,20,30,<23>par,1012,0.92,-2.125743583333333,0.2484214673913043,0.9344533333333416,0.1952388888888901,-0.5738733333333141,0.9346488888888972,0.194755555555557,0.9327555555555648,0.0352084111111109,0.0001244537037037,,0.3963137832780075,0.4,48215
0.52,ascending,1.0,0.15,20,30,<23>par,1012,0.93,-2.125471125,0.2505058243727598,0.934362222222229,0.1953822222222232,-0.5733433333333152,0.9343100000000067,0.1947811111111121,0.9329466666666753,0.0354468166666665,0.0001219129629629,,0.3961857249032366,0.4,48739
0.52,ascending,1.0,0.15,20,30,<23>par,1012,0.9351,-2.1278390833333325,0.2518088974441236,0.933674444444452,0.1954755555555568,-0.5733699999999821,0.933268888888894,0.1949133333333348,0.9323522222222284,0.0353154666666665,0.0001176611111111,,0.3960822341734342,0.4,48601
0.52,ascending,1.0,0.15,20,30,<23>par,1012,0.94,-2.129999083333333,0.2540019503546099,0.9312277777777864,0.1952411111111119,-0.5727533333333149,0.93122000000001,0.1947544444444453,0.9295900000000096,0.0349434740740739,0.0001341722222222,,0.3953096702221192,0.4,48808
0.52,ascending,1.0,0.15,20,30,<23>par,1012,0.95,-2.1321406249999995,0.2573644736842105,0.9316288888888946,0.1950277777777783,-0.5724333333333148,0.9311722222222278,0.194553333333334,0.9300977777777848,0.0351392944444443,0.0001241074074074,,0.3952685077786534,0.4,48863
0.52,ascending,1.0,0.15,20,30,<23>par,1012,0.96,-2.1351214166666668,0.2585688368055555,0.9306988888888944,0.1951088888888901,-0.573266666666648,0.930583333333342,0.194505555555557,0.9290100000000072,0.0345900870370368,0.0001284481481481,,0.3953218233144768,0.4,48925
0.52,ascending,1.0,0.15,20,30,<23>par,1012,0.97,-2.1368968749999997,0.2624943298969072,0.928934444444455,0.1949344444444447,-0.5717055555555378,0.92959000000001,0.1944511111111115,0.9273700000000092,0.034882298148148,0.0001226962962962,,0.394538912137778,0.4,48964
0.52,ascending,1.0,0.15,20,30,<23>par,1012,0.98,-2.1403746249999998,0.2650459183673469,0.9255322222222312,0.194812222222224,-0.5696366666666481,0.9260311111111204,0.1941677777777791,0.9237700000000096,0.0348661814814813,0.0001389444444444,,0.3930800940869939,0.4,49191
0.52,ascending,1.0,0.15,20,30,<23>par,1012,0.99,-2.143230999999999,0.267194276094276,0.9251288888888992,0.1945855555555571,-0.5693488888888713,0.9247066666666778,0.1939300000000012,0.9229455555555685,0.0346992407407406,0.0001322203703703,,0.392760479489307,0.4,49172
0.52,ascending,1.0,0.15,20,30,<23>par,1012,1.0,-2.1466317083333326,0.2699934166666666,0.9250822222222316,0.194752222222223,-0.5702188888888705,0.924840000000008,0.1940500000000009,0.9232011111111192,0.0344289555555553,0.0001354185185185,,0.3930951820248975,0.4,49037
0.52,ascending,1.0,0.15,20,30,<23>par,1012,1.01,-2.1501957499999995,0.2724780528052805,0.9226577777777872,0.1946355555555566,-0.5688833333333146,0.9229100000000088,0.1940288888888897,0.9207333333333456,0.0344869462962961,0.0001400574074074,,0.3921211029072967,0.4,49638
0.52,ascending,1.0,0.15,20,30,<23>par,1012,1.02,-2.151062625,0.276572385620915,0.917607777777792,0.1941900000000008,-0.5671066666666468,0.917765555555567,0.1933400000000006,0.9153977777777944,0.0339990648148145,0.0001529166666666,,0.3904267503195265,0.4,49557
0.52,ascending,1.0,0.15,20,30,<23>par,1012,1.1,-2.175206166666667,0.2988445454545454,0.906927777777794,0.1935322222222234,-0.5627288888888683,0.9068000000000148,0.1928933333333343,0.903911111111128,0.0331003555555552,0.0001797111111111,,0.3865593654435622,0.4,50296
0.52,ascending,1.0,0.15,20,30,<23>par,1012,1.2,-2.2056577083333333,0.3271478472222222,0.8886633333333488,0.192077777777778,-0.5552288888888661,0.8884088888889035,0.1908555555555553,0.8849811111111229,0.031732985185185,0.0002055388888888,,0.3800383864457626,0.4,50807
0.52,ascending,1.0,0.15,20,30,<23>par,1013,0.05,-2.012310208333333,0.0134016666666666,0.9996999999999966,0.1999855555555553,-0.5999311111110811,0.9996999999999966,0.1999855555555553,0.9996999999999966,0.039962292592595,4.870370370370608e-07,,0.4188018478702859,0.4,40239
0.52,ascending,1.0,0.15,20,30,<23>par,1013,0.1,-2.013642333333333,0.0269033333333333,0.9991922222222114,0.1999588888888887,-0.5996488888888589,0.9991922222222114,0.1999588888888887,0.9991922222222114,0.0399638277777801,1.3240740740741109e-06,,0.4186065387857301,0.4,41144
0.52,ascending,1.0,0.15,20,30,<23>par,1013,0.2,-2.01725575,0.0539895833333333,0.9966377777777486,0.1997666666666665,-0.5987022222221925,0.996641111111082,0.199761111111111,0.9966366666666376,0.0397583722222243,5.316666666666681e-06,,0.4177691177455614,0.4,41768
0.52,ascending,1.0,0.15,20,30,<23>par,1013,0.3,-2.023506625,0.0794422222222222,0.9933699999999706,0.1995244444444445,-0.5973644444444155,0.9933522222221928,0.1995111111111111,0.9933533333333038,0.0395477240740754,1.1320370370370496e-05,,0.4166493432828797,0.4,42927
0.52,ascending,1.0,0.15,20,30,<23>par,1013,0.4,-2.034129083333333,0.1067479166666666,0.9888366666666424,0.1991711111111113,-0.59495888888886,0.9887911111110864,0.1991255555555558,0.9888033333333088,0.0394518777777786,1.8814814814815165e-05,,0.4149259149014339,0.4,43499
0.52,ascending,1.0,0.15,20,30,<23>par,1013,0.5,-2.0450459583333327,0.1334155,0.9817755555555384,0.1986888888888893,-0.5925022222221945,0.9818722222222044,0.1986322222222226,0.9816388888888712,0.0388359462962966,3.154444444444471e-05,,0.41263320992339,0.4,44075
0.52,ascending,1.0,0.15,20,30,<23>par,1013,0.6,-2.059766,0.1605588888888888,0.971884444444432,0.1981177777777785,-0.5887622222221957,0.9718644444444328,0.197993333333334,0.9715466666666558,0.0381125925925926,5.061481481481498e-05,,0.409324029051389,0.4,45482
0.52,ascending,1.0,0.15,20,30,<23>par,1013,0.7,-2.0774948749999997,0.1870588095238095,0.9624266666666592,0.1973133333333342,-0.5849666666666427,0.962337777777772,0.1971555555555564,0.9618077777777724,0.0373480185185184,6.58629629629636e-05,,0.4060762117674716,0.4,45765
0.52,ascending,1.0,0.15,20,30,<23>par,1013,0.8,-2.0980011666666663,0.2157314583333333,0.951475555555553,0.1966288888888898,-0.580772222222201,0.9516122222222204,0.196380000000001,0.9506544444444436,0.0365217277777776,8.4966666666667e-05,,0.4023621080610219,0.4,47754
0.52,ascending,1.0,0.15,20,30,<23>par,1013,0.86,-2.1107450833333328,0.2312252906976744,0.9434655555555612,0.196011111111112,-0.5775144444444251,0.9436077777777828,0.1955955555555565,0.9425588888888928,0.0359992351851849,0.0001037407407407,,0.39955078642207,0.4,48098
0.52,ascending,1.0,0.15,20,30,<23>par,1013,0.87,-2.113323375,0.2340068965517241,0.9421200000000022,0.1961600000000011,-0.5770655555555362,0.9422500000000008,0.1957466666666676,0.9409377777777812,0.0359210203703702,0.0001055666666666,,0.3991452433176427,0.4,48140
0.52,ascending,1.0,0.15,20,30,<23>par,1013,0.88,-2.115520333333332,0.2372941287878787,0.93958555555556,0.1956566666666676,-0.5761844444444251,0.9397477777777836,0.1954911111111118,0.9385422222222276,0.035613361111111,0.0001031148148148,,0.3983021413834524,0.4,48400
0.52,ascending,1.0,0.15,20,30,<23>par,1013,0.89,-2.1177374583333326,0.2402411985018726,0.9388988888888946,0.1955833333333343,-0.5759433333333133,0.9389244444444506,0.1951844444444452,0.937526666666674,0.0353948444444443,0.0001132129629629,,0.3980330653539013,0.4,47936
0.52,ascending,1.0,0.15,20,30,<23>par,1013,0.9,-2.1197742083333333,0.2432817592592592,0.9394955555555612,0.1957655555555568,-0.5758044444444264,0.9394755555555608,0.1952266666666676,0.938145555555562,0.0355717333333332,0.0001131166666666,,0.3980777940280946,0.4,48689
0.52,ascending,1.0,0.15,20,30,<23>par,1013,0.91,-2.122479999999999,0.2446514652014651,0.935792222222226,0.1956955555555569,-0.5746522222222029,0.9362266666666684,0.1950833333333346,0.9348133333333348,0.0353588333333332,0.0001159759259259,,0.3969927825128254,0.4,48673
0.52,ascending,1.0,0.15,20,30,<23>par,1013,0.92,-2.1247410833333333,0.247738768115942,0.9344388888888976,0.1953811111111121,-0.5742766666666478,0.9342122222222295,0.1949600000000007,0.9332011111111188,0.0351579833333331,0.0001240259259259,,0.3964279403328243,0.4,48767
0.52,ascending,1.0,0.15,20,30,<23>par,1013,0.93,-2.1285019999999992,0.2513571684587813,0.9346844444444502,0.1954411111111121,-0.5743466666666477,0.9345955555555614,0.1951122222222231,0.9329144444444518,0.0352073740740739,0.0001172129629629,,0.3965013934084927,0.4,48700
0.52,ascending,1.0,0.15,20,30,<23>par,1013,0.9351,-2.1289623749999995,0.252646508394824,0.9329566666666722,0.1950111111111115,-0.5738233333333143,0.9330855555555604,0.1946222222222227,0.9316111111111164,0.0348811388888887,0.0001238203703703,,0.3960057238063716,0.4,48705
0.52,ascending,1.0,0.15,20,30,<23>par,1013,0.94,-2.13052475,0.2549546985815603,0.9338511111111182,0.1953111111111119,-0.573292222222204,0.9334211111111188,0.1948144444444454,0.9319677777777864,0.035239872222222,0.0001234425925925,,0.3960022092295955,0.4,48659
0.52,ascending,1.0,0.15,20,30,<23>par,1013,0.95,-2.1337365833333326,0.2570628070175438,0.930407777777785,0.195322222222223,-0.5722911111110927,0.9305877777777845,0.1948688888888898,0.9284400000000091,0.0349644833333332,0.0001333759259259,,0.3949074395391809,0.4,48675
0.52,ascending,1.0,0.15,20,30,<23>par,1013,0.96,-2.1355222916666663,0.2596032118055555,0.9315822222222304,0.195002222222223,-0.5717011111110913,0.9319211111111184,0.1945555555555562,0.9298033333333424,0.0353377055555554,0.0001220314814814,,0.3950773733421732,0.4,48718
0.52,ascending,1.0,0.15,20,30,<23>par,1013,0.97,-2.137892416666666,0.2612570446735395,0.9282855555555676,0.1948300000000008,-0.5705522222222049,0.928795555555568,0.1942833333333342,0.9265055555555676,0.0350601518518517,0.0001279574074074,,0.3938977710626102,0.4,49089
0.52,ascending,1.0,0.15,20,30,<23>par,1013,0.98,-2.1413517083333327,0.2649142857142857,0.9277344444444529,0.194723333333334,-0.5712988888888716,0.9280433333333432,0.1940966666666674,0.92606222222223,0.0346495944444442,0.0001356,,0.394056628251731,0.4,49224
0.52,ascending,1.0,0.15,20,30,<23>par,1013,0.99,-2.1436558333333333,0.2685761784511784,0.9250777777777868,0.1946166666666675,-0.5694766666666495,0.9252100000000104,0.1940133333333343,0.923157777777788,0.0347381944444442,0.0001347092592592,,0.3928488684783134,0.4,49463
0.52,ascending,1.0,0.15,20,30,<23>par,1013,1.0,-2.146391125,0.27044975,0.9218255555555642,0.1946088888888896,-0.5690088888888701,0.9220222222222296,0.1939955555555561,0.9197966666666776,0.0342198296296294,0.0001390074074074,,0.3920198579568256,0.4,49023
0.52,ascending,1.0,0.15,20,30,<23>par,1013,1.01,-2.150661416666667,0.273655198019802,0.9224377777777882,0.194672222222223,-0.5679255555555363,0.922326666666676,0.1939777777777784,0.9203833333333435,0.0346978925925923,0.0001466037037037,,0.3918339020032884,0.4,49061
0.52,ascending,1.0,0.15,20,30,<23>par,1013,1.02,-2.1527193333333328,0.2767649509803921,0.920981111111122,0.1941433333333341,-0.5686355555555355,0.9212100000000104,0.1936911111111121,0.918761111111124,0.0341195944444442,0.0001536185185185,,0.3915850201110043,0.4,49483
0.52,ascending,1.0,0.15,20,30,<23>par,1013,1.1,-2.1736881249999995,0.2988215909090909,0.9038200000000176,0.1933611111111121,-0.5619099999999795,0.9037377777777932,0.1922466666666674,0.900764444444462,0.0327662851851851,0.0001795537037037,,0.3855872056695155,0.4,50695
0.52,ascending,1.0,0.15,20,30,<23>par,1013,1.2,-2.206260166666666,0.3264155555555555,0.8881277777777926,0.1925099999999999,-0.5563466666666442,0.888234444444457,0.1910788888888885,0.8835077777777888,0.031147272222222,0.0002230074074074,,0.38013979704149,0.4,51591
0.52,ascending,1.0,0.15,20,30,<23>par,1014,0.05,-2.012396666666666,0.0132833333333333,0.9998644444444404,0.1999877777777776,-0.5999311111110811,0.9998644444444404,0.1999877777777776,0.9998644444444404,0.0399957814814839,2.2592592592592938e-07,,0.4188347493523108,0.4,40547
0.52,ascending,1.0,0.15,20,30,<23>par,1014,0.1,-2.0134802083333327,0.0257508333333333,0.9991666666666484,0.1999511111111109,-0.5996733333333035,0.9991666666666484,0.1999511111111109,0.9991666666666484,0.0399458222222246,1.390740740740744e-06,,0.4186083986682635,0.4,41148
0.52,ascending,1.0,0.15,20,30,<23>par,1014,0.2,-2.017585,0.0535662499999999,0.997099999999972,0.199821111111111,-0.5988677777777482,0.9970966666666388,0.1998177777777777,0.9970977777777498,0.039803424074076,4.783333333333334e-06,,0.4179221236406668,0.4,41916
0.52,ascending,1.0,0.15,20,30,<23>par,1014,0.3,-2.022896916666666,0.0789238888888888,0.993245555555525,0.1994733333333334,-0.597043333333305,0.9932555555555244,0.1994655555555556,0.9932222222221913,0.039623903703705,1.1272222222222193e-05,,0.4165181200994418,0.4,42639
0.52,ascending,1.0,0.15,20,30,<23>par,1014,0.4,-2.033080708333333,0.1062399999999999,0.9880366666666396,0.1991511111111114,-0.595036666666638,0.9880077777777508,0.1991566666666669,0.9880022222221952,0.0392880277777784,2.049074074074082e-05,,0.4147863785086761,0.4,43593
0.52,ascending,1.0,0.15,20,30,<23>par,1014,0.5,-2.0451568749999995,0.1348588333333333,0.9806699999999796,0.1987522222222226,-0.5921577777777505,0.9805388888888696,0.1986944444444449,0.9804644444444256,0.0387569870370372,3.207777777777791e-05,,0.4123143593459744,0.4,44427
0.52,ascending,1.0,0.15,20,30,<23>par,1014,0.6,-2.060708333333333,0.1602434722222222,0.9722355555555456,0.1979466666666673,-0.5885333333333068,0.9724422222222124,0.1978811111111117,0.9719777777777688,0.0382274555555556,4.839814814814811e-05,,0.4093216348477466,0.4,45600
0.52,ascending,1.0,0.15,20,30,<23>par,1014,0.7,-2.077023,0.1871320238095238,0.9622933333333256,0.1973288888888899,-0.5845099999999761,0.9624777777777704,0.1971833333333343,0.9620044444444376,0.0375724111111109,6.451481481481538e-05,,0.4059458485504392,0.4,46129
0.52,ascending,1.0,0.15,20,30,<23>par,1014,0.8,-2.0958283333333325,0.2157567708333332,0.9511155555555566,0.1964077777777787,-0.5799266666666458,0.9511711111111129,0.1962300000000011,0.9504122222222234,0.0367547111111109,8.13796296296299e-05,,0.4020438185567664,0.4,47018
0.52,ascending,1.0,0.15,20,30,<23>par,1014,0.86,-2.111044208333333,0.2307236434108527,0.943422222222226,0.1960855555555564,-0.5767899999999813,0.9435355555555608,0.1957422222222231,0.9422100000000048,0.0362325629629628,0.0001087888888888,,0.3993191151610995,0.4,48212
0.52,ascending,1.0,0.15,20,30,<23>par,1014,0.87,-2.1145930416666654,0.2345348659003831,0.9409244444444486,0.1960055555555559,-0.5772388888888698,0.9411100000000032,0.1956444444444451,0.9398044444444504,0.0355897537037035,9.97277777777782e-05,,0.3989354310700951,0.4,48162
0.52,ascending,1.0,0.15,20,30,<23>par,1014,0.88,-2.1134906249999994,0.2371575757575757,0.9398588888888944,0.1956377777777789,-0.5761911111110929,0.9400588888888944,0.1953433333333344,0.9386388888888944,0.035570498148148,0.0001064925925925,,0.3983280008870494,0.4,48133
0.52,ascending,1.0,0.15,20,30,<23>par,1014,0.89,-2.117979666666666,0.2395633895131086,0.9403722222222284,0.19578888888889,-0.5765277777777579,0.9404577777777812,0.1953255555555569,0.9390533333333378,0.035649622222222,0.0001105388888888,,0.3985154857433359,0.4,48243
0.52,ascending,1.0,0.15,20,30,<23>par,1014,0.9,-2.120149333333332,0.242884537037037,0.9369644444444496,0.1955577777777784,-0.5750644444444263,0.9366011111111162,0.1950722222222228,0.9352111111111168,0.0352709833333332,0.0001170333333333,,0.3972457027840501,0.4,48171
0.52,ascending,1.0,0.15,20,30,<23>par,1014,0.91,-2.1230113333333325,0.245022619047619,0.9351711111111184,0.1955877777777789,-0.5739955555555365,0.9347211111111172,0.1951477777777785,0.9335666666666737,0.035376135185185,0.0001168907407407,,0.3966046173044039,0.4,48003
0.52,ascending,1.0,0.15,20,30,<23>par,1014,0.92,-2.1265382499999994,0.2482280797101449,0.9354766666666738,0.195291111111112,-0.5745077777777591,0.9351033333333408,0.1946466666666673,0.9343322222222288,0.0352209611111109,0.0001194388888888,,0.3967610098231943,0.4,48445
0.52,ascending,1.0,0.15,20,30,<23>par,1014,0.93,-2.127675,0.2507703405017921,0.9316755555555604,0.1956744444444454,-0.5734411111110921,0.931940000000006,0.1951166666666678,0.930070000000007,0.0349857259259257,0.0001209629629629,,0.3956363495245386,0.4,48832
0.52,ascending,1.0,0.15,20,30,<23>par,1014,0.9351,-2.1295433333333333,0.2531506434249456,0.9328222222222264,0.1953155555555565,-0.5728188888888701,0.9336266666666716,0.1949166666666677,0.9314355555555606,0.0354349555555553,0.0001107814814814,,0.395705049390497,0.4,48797
0.52,ascending,1.0,0.15,20,30,<23>par,1014,0.94,-2.130441124999999,0.2527690602836879,0.9331066666666722,0.1952566666666676,-0.5726488888888697,0.9329966666666708,0.194780000000001,0.9315800000000056,0.0353229574074072,0.0001206611111111,,0.3957058740858928,0.4,48567
0.52,ascending,1.0,0.15,20,30,<23>par,1014,0.95,-2.1320345833333323,0.2557988596491228,0.9329255555555608,0.1950255555555563,-0.5726577777777592,0.9324788888888944,0.1946344444444453,0.931028888888896,0.035251361111111,0.0001227592592592,,0.3955678390833115,0.4,48799
0.52,ascending,1.0,0.15,20,30,<23>par,1014,0.96,-2.1346269999999987,0.2583046006944444,0.9300211111111196,0.1950944444444455,-0.571838888888869,0.929660000000008,0.1945600000000008,0.928384444444452,0.0349710925925924,0.0001243555555555,,0.3947795914919018,0.4,48395
0.52,ascending,1.0,0.15,20,30,<23>par,1014,0.97,-2.137989708333333,0.2632243986254295,0.9269688888888964,0.1947744444444451,-0.5711699999999822,0.9278433333333412,0.1942777777777777,0.9257211111111194,0.0346940425925924,0.0001302592592592,,0.3939279993066856,0.4,49006
0.52,ascending,1.0,0.15,20,30,<23>par,1014,0.98,-2.1402038333333326,0.2646,0.9271333333333422,0.1948144444444458,-0.5707066666666486,0.9273844444444538,0.1942688888888898,0.9251533333333416,0.0348278962962962,0.00013065,,0.3937045492017014,0.4,48849
0.52,ascending,1.0,0.15,20,30,<23>par,1014,0.99,-2.142448541666666,0.2670562289562289,0.9252133333333424,0.1944366666666676,-0.5699399999999821,0.9250444444444536,0.1936744444444456,0.92338000000001,0.0344483851851849,0.0001440574074074,,0.393001039831349,0.4,49010
0.52,ascending,1.0,0.15,20,30,<23>par,1014,1.0,-2.145102666666667,0.2695799166666666,0.922312222222234,0.1948000000000011,-0.5694344444444263,0.922313333333344,0.1940977777777788,0.9197377777777888,0.0341387518518516,0.000142037037037,,0.3921893631103486,0.4,49205
0.52,ascending,1.0,0.15,20,30,<23>par,1014,1.01,-2.148145541666666,0.2729633663366336,0.922621111111122,0.1947477777777784,-0.5695733333333135,0.92296000000001,0.1939455555555564,0.9206077777777876,0.0342251407407407,0.0001350629629629,,0.3923687112101698,0.4,49631
0.52,ascending,1.0,0.15,20,30,<23>par,1014,1.02,-2.151355666666666,0.2761694444444444,0.9192400000000108,0.1944966666666672,-0.5682755555555372,0.9196233333333452,0.1937411111111117,0.9172100000000104,0.0339030277777776,0.0001504222222222,,0.391168309092876,0.4,49440
0.52,ascending,1.0,0.15,20,30,<23>par,1014,1.1,-2.1744142916666656,0.2989262121212121,0.9061222222222384,0.1934977777777788,-0.5622499999999794,0.905857777777794,0.192563333333334,0.90281333333335,0.0331810962962961,0.0001796518518518,,0.3861607690907808,0.4,50427
0.52,ascending,1.0,0.15,20,30,<23>par,1014,1.2,-2.2058974999999994,0.3272759722222222,0.8883400000000168,0.1919000000000003,-0.554846666666642,0.8875388888889024,0.1904988888888886,0.883878888888898,0.0315681203703702,0.0002182574074074,,0.3797092524408446,0.4,51417
0.52,ascending,1.0,0.15,20,30,<23>par,1015,0.05,-2.012237541666666,0.0132133333333333,0.9998122222222172,0.1999877777777776,-0.5999366666666366,0.9998122222222172,0.1999877777777776,0.9998122222222172,0.039983205555558,3.148148148148218e-07,,0.4188262001642116,0.4,40628
0.52,ascending,1.0,0.15,20,30,<23>par,1015,0.1,-2.013118625,0.0267791666666666,0.9992733333333228,0.1999511111111109,-0.5997033333333035,0.9992733333333228,0.1999511111111109,0.9992733333333228,0.0399549703703727,1.185185185185135e-06,,0.418639272187952,0.4,41676
0.52,ascending,1.0,0.15,20,30,<23>par,1015,0.2,-2.017484625,0.0534216666666666,0.9966922222221908,0.1998233333333332,-0.5986455555555266,0.9966855555555242,0.1998233333333332,0.9966899999999684,0.0398137685185203,5.761111111110999e-06,,0.4177689968454923,0.4,42451
0.52,ascending,1.0,0.15,20,30,<23>par,1015,0.3,-2.024084249999999,0.0799661111111111,0.993206666666638,0.1995133333333334,-0.5971122222221932,0.993141111111082,0.1995177777777778,0.9931488888888598,0.0396067129629642,1.1825925925926038e-05,,0.4165274424107208,0.4,42752
0.52,ascending,1.0,0.15,20,30,<23>par,1015,0.4,-2.033943916666665,0.1062643749999999,0.9877855555555302,0.1991411111111113,-0.5949266666666372,0.9878199999999748,0.199127777777778,0.9877622222221968,0.0392602222222229,2.121851851851876e-05,,0.4147015293137155,0.4,43642
0.52,ascending,1.0,0.15,20,30,<23>par,1015,0.5,-2.044173291666666,0.1334453333333333,0.9812311111110898,0.1985688888888893,-0.5924488888888615,0.9811988888888672,0.1985000000000005,0.9810922222222004,0.0387093944444447,3.071481481481486e-05,,0.4124924290460999,0.4,44722
0.52,ascending,1.0,0.15,20,30,<23>par,1015,0.6,-2.060028,0.1600984722222222,0.973012222222208,0.1980655555555564,-0.58901666666664,0.973048888888875,0.1980022222222229,0.9728822222222082,0.038241174074074,4.6820370370370375e-05,,0.4096728761254313,0.4,45524
0.52,ascending,1.0,0.15,20,30,<23>par,1015,0.7,-2.078745916666666,0.1876219047619047,0.9620355555555498,0.1973155555555565,-0.585119999999976,0.9621544444444404,0.1971855555555564,0.9617088888888836,0.0372527240740739,6.478148148148186e-05,,0.4060906897643405,0.4,46464
0.52,ascending,1.0,0.15,20,30,<23>par,1015,0.8,-2.0972399166666658,0.2148099999999999,0.950381111111112,0.1966111111111121,-0.5804133333333122,0.950641111111112,0.1962844444444454,0.9494544444444462,0.0364092092592591,8.39703703703707e-05,,0.4019991722009419,0.4,47058
0.52,ascending,1.0,0.15,20,30,<23>par,1015,0.86,-2.111405291666666,0.2308679263565891,0.942667777777782,0.1957200000000012,-0.5768277777777583,0.942566666666672,0.1951788888888899,0.9414511111111166,0.0358211629629629,0.0001026148148148,,0.3991253764644852,0.4,47494
0.52,ascending,1.0,0.15,20,30,<23>par,1015,0.87,-2.1141129166666657,0.2347993295019157,0.9426800000000044,0.1961088888888899,-0.576609999999981,0.9425844444444488,0.1956255555555566,0.9415766666666724,0.0361595148148146,9.955740740740788e-05,,0.3991238994544783,0.4,47770
0.52,ascending,1.0,0.15,20,30,<23>par,1015,0.88,-2.115198999999999,0.2364135416666666,0.941864444444448,0.1957233333333343,-0.5766766666666477,0.9421755555555598,0.1953411111111121,0.9408866666666724,0.0358272666666664,0.0001021259259259,,0.3989608540644683,0.4,47808
0.52,ascending,1.0,0.15,20,30,<23>par,1015,0.89,-2.1170927499999994,0.2393937265917603,0.9400133333333373,0.1957266666666675,-0.5759522222222033,0.939902222222226,0.1953866666666673,0.9386522222222256,0.0356599037037035,0.0001060092592592,,0.3983360455468049,0.4,48162
0.52,ascending,1.0,0.15,20,30,<23>par,1015,0.9,-2.120024583333332,0.2428810185185185,0.9379466666666708,0.195773333333335,-0.5745599999999811,0.937732222222226,0.1951933333333345,0.9365077777777828,0.035780698148148,0.0001102037037037,,0.397368521202499,0.4,48290
0.52,ascending,1.0,0.15,20,30,<23>par,1015,0.91,-2.122092708333333,0.2454711538461538,0.9352877777777852,0.1953155555555563,-0.5747055555555366,0.9357300000000062,0.194965555555556,0.9342577777777846,0.0351487722222221,0.0001166222222222,,0.3968650234218761,0.4,48480
0.52,ascending,1.0,0.15,20,30,<23>par,1015,0.92,-2.126904875,0.2495733695652173,0.9351144444444486,0.1954411111111119,-0.5737999999999818,0.9353577777777824,0.1949977777777784,0.9342222222222272,0.0356058555555554,0.00011605,,0.3966278786634269,0.4,48483
0.52,ascending,1.0,0.15,20,30,<23>par,1015,0.93,-2.128118499999999,0.2512312724014336,0.9340333333333376,0.1951822222222229,-0.5742844444444258,0.9340822222222296,0.1948766666666677,0.932305555555563,0.0350010851851849,0.0001205166666666,,0.3963814918889727,0.4,48801
0.52,ascending,1.0,0.15,20,30,<23>par,1015,0.9351,-2.128702874999999,0.2528043346522653,0.933765555555561,0.1952188888888896,-0.5740922222222029,0.9335200000000078,0.194814444444445,0.932276666666676,0.0350101703703701,0.000121237037037,,0.3962220254229726,0.4,48659
0.52,ascending,1.0,0.15,20,30,<23>par,1015,0.94,-2.130392916666666,0.2536374113475177,0.930607777777785,0.1949955555555568,-0.5724155555555369,0.930497777777784,0.1945600000000013,0.9285866666666736,0.0348297148148147,0.0001248833333333,,0.395009872857899,0.4,49157
0.52,ascending,1.0,0.15,20,30,<23>par,1015,0.95,-2.132351541666667,0.2559693859649123,0.9305788888888976,0.1952111111111121,-0.5720588888888706,0.9303022222222316,0.1947066666666675,0.9287222222222294,0.0351211185185183,0.0001247462962962,,0.3948978211148476,0.4,48509
0.52,ascending,1.0,0.15,20,30,<23>par,1015,0.96,-2.135776416666666,0.2588581597222222,0.9302322222222296,0.195011111111112,-0.5726077777777601,0.930310000000006,0.19459888888889,0.9285633333333426,0.0348754425925925,0.0001195296296296,,0.3950374958454491,0.4,49072
0.52,ascending,1.0,0.15,20,30,<23>par,1015,0.97,-2.1373785833333327,0.262174914089347,0.9302111111111192,0.1948922222222235,-0.5715644444444268,0.9298700000000072,0.1943466666666677,0.9284633333333416,0.0350896388888886,0.0001233907407407,,0.3946030912052942,0.4,48733
0.52,ascending,1.0,0.15,20,30,<23>par,1015,0.98,-2.141798374999999,0.2648925170068027,0.9262566666666756,0.1948800000000012,-0.5702166666666486,0.9264933333333404,0.1943544444444453,0.92404000000001,0.0346542999999998,0.0001275462962962,,0.3934250203378152,0.4,49116
0.52,ascending,1.0,0.15,20,30,<23>par,1015,0.99,-2.1433147916666666,0.2681877104377104,0.9243766666666756,0.194751111111112,-0.5697188888888697,0.9245822222222316,0.1942922222222231,0.9222811111111224,0.0345422444444444,0.0001417111111111,,0.3926504168707537,0.4,49303
0.52,ascending,1.0,0.15,20,30,<23>par,1015,1.0,-2.145440249999999,0.2702965833333333,0.9235855555555652,0.1945144444444458,-0.5691511111110925,0.9231166666666776,0.1937311111111123,0.9215966666666784,0.0345159944444443,0.0001395203703703,,0.3923506318869699,0.4,49002
0.52,ascending,1.0,0.15,20,30,<23>par,1015,1.01,-2.148112041666666,0.274006600660066,0.9215766666666776,0.1946066666666679,-0.5689044444444259,0.9212866666666784,0.1938477777777785,0.919432222222236,0.0341636703703702,0.0001438333333333,,0.3918951940401524,0.4,49038
0.52,ascending,1.0,0.15,20,30,<23>par,1015,1.02,-2.1506865416666656,0.2756562908496732,0.9197744444444548,0.1940488888888899,-0.5677277777777593,0.919145555555564,0.1933044444444456,0.9177400000000115,0.0341410759259258,0.0001470092592592,,0.391102561059983,0.4,49547
0.52,ascending,1.0,0.15,20,30,<23>par,1015,1.1,-2.1747363333333327,0.2984783333333333,0.9064855555555716,0.193531111111112,-0.5626033333333134,0.9064355555555728,0.1926166666666675,0.903660000000018,0.0332323925925924,0.0001723685185185,,0.3865108216241164,0.4,50657
0.52,ascending,1.0,0.15,20,30,<23>par,1015,1.2,-2.204950791666666,0.3279010416666666,0.8893344444444603,0.1922122222222224,-0.5558477777777536,0.8893077777777934,0.1906988888888888,0.8852600000000118,0.031514498148148,0.0002090277777777,,0.3803441351166651,0.4,51061
0.52,ascending,1.0,0.15,20,30,<23>par,1016,0.05,-2.012629374999999,0.0138466666666666,0.9997811111111072,0.1999733333333331,-0.5998988888888589,0.9997811111111072,0.1999733333333331,0.9997811111111072,0.0399863759259284,3.703703703703656e-07,,0.4188060122463816,0.4,40400
0.52,ascending,1.0,0.15,20,30,<23>par,1016,0.1,-2.013770333333333,0.0265183333333333,0.9991933333333162,0.1999344444444442,-0.5996211111110813,0.9991933333333162,0.1999344444444442,0.9991933333333162,0.0399652888888912,1.201851851851827e-06,,0.4185948204671428,0.4,41023
0.52,ascending,1.0,0.15,20,30,<23>par,1016,0.2,-2.0167451666666665,0.0531566666666666,0.9969455555555264,0.1997655555555555,-0.5988966666666371,0.996941111111082,0.1997644444444443,0.9969433333333042,0.0397409870370391,5.187037037037063e-06,,0.4178931341501474,0.4,42291
0.52,ascending,1.0,0.15,20,30,<23>par,1016,0.3,-2.0235276249999994,0.0800188888888888,0.992784444444417,0.1995266666666667,-0.5971033333333049,0.9927988888888614,0.1995211111111111,0.9927655555555284,0.0395340018518531,1.251111111111128e-05,,0.4164554191548195,0.4,42835
0.52,ascending,1.0,0.15,20,30,<23>par,1016,0.4,-2.033542249999999,0.1059266666666666,0.9877522222221954,0.199087777777778,-0.5953355555555261,0.987729999999974,0.199077777777778,0.9876699999999744,0.039063531481482,2.093518518518549e-05,,0.4148148722319076,0.4,43782
0.52,ascending,1.0,0.15,20,30,<23>par,1016,0.5,-2.046684999999999,0.133408,0.9814355555555332,0.1986555555555559,-0.5925299999999718,0.9814044444444212,0.1986533333333337,0.9813366666666437,0.0387571407407411,3.184259259259274e-05,,0.4125802656143341,0.4,44568
0.52,ascending,1.0,0.15,20,30,<23>par,1016,0.6,-2.0599363333333325,0.1606665277777778,0.9734788888888772,0.1980877777777785,-0.5891033333333064,0.9737588888888769,0.197964444444445,0.9733233333333215,0.0382789759259258,4.550555555555582e-05,,0.4098033465361339,0.4,45684
0.52,ascending,1.0,0.15,20,30,<23>par,1016,0.7,-2.077674208333333,0.1865772619047619,0.9640544444444408,0.1973133333333343,-0.5856588888888644,0.963938888888885,0.1972233333333343,0.9635922222222189,0.0374314611111109,6.398518518518521e-05,,0.4066547384195611,0.4,46298
0.52,ascending,1.0,0.15,20,30,<23>par,1016,0.8,-2.0964196666666663,0.2146383333333333,0.9511566666666678,0.1965411111111122,-0.5805722222222016,0.9515233333333328,0.1962544444444457,0.95048888888889,0.0365146537037034,8.982222222222273e-05,,0.4022567947396283,0.4,47422
0.52,ascending,1.0,0.15,20,30,<23>par,1016,0.86,-2.1105809166666663,0.2314998062015504,0.9426188888888954,0.1960066666666677,-0.5766588888888697,0.9429044444444502,0.1955722222222236,0.9418911111111168,0.0361478888888888,9.782962962963008e-05,,0.3991654222672678,0.4,47789
0.52,ascending,1.0,0.15,20,30,<23>par,1016,0.87,-2.1125907916666664,0.2332342911877394,0.9435100000000068,0.19612888888889,-0.577667777777757,0.9435233333333382,0.1957577777777787,0.9425922222222264,0.0359577685185184,9.916851851851869e-05,,0.3996511891862155,0.4,48263
0.52,ascending,1.0,0.15,20,30,<23>par,1016,0.88,-2.115145749999999,0.2357542613636363,0.9412444444444502,0.1957444444444454,-0.5766255555555365,0.9407833333333384,0.1953500000000006,0.9401022222222274,0.0357446648148147,0.0001042425925925,,0.3987599971374426,0.4,47481
0.52,ascending,1.0,0.15,20,30,<23>par,1016,0.89,-2.118686125,0.2406921348314606,0.939450000000006,0.1956177777777789,-0.5763955555555357,0.9390155555555608,0.19546888888889,0.9379733333333394,0.0354188518518517,0.0001111944444444,,0.3982138529254093,0.4,48188
0.52,ascending,1.0,0.15,20,30,<23>par,1016,0.9,-2.1206474166666665,0.2434075925925926,0.9384755555555588,0.1959466666666681,-0.5754544444444261,0.9379177777777826,0.1955066666666678,0.9369344444444476,0.0356038111111109,0.000116437037037,,0.3978025823742246,0.4,47932
0.52,ascending,1.0,0.15,20,30,<23>par,1016,0.91,-2.1231261666666668,0.2451466117216117,0.93523333333334,0.1955166666666673,-0.5742488888888698,0.9348788888888966,0.1949900000000008,0.9341366666666728,0.0352861833333331,0.0001111222222222,,0.396747484865563,0.4,48365
0.52,ascending,1.0,0.15,20,30,<23>par,1016,0.92,-2.1258922083333323,0.2480038949275362,0.9372288888888952,0.1952400000000007,-0.5740699999999825,0.9373111111111164,0.1948311111111116,0.93608222222223,0.0356704407407406,0.0001124666666666,,0.3970467541441954,0.4,48620
0.52,ascending,1.0,0.15,20,30,<23>par,1016,0.93,-2.128354499999999,0.2504833333333333,0.933147777777784,0.1953766666666675,-0.5732733333333154,0.9332133333333388,0.194890000000001,0.9315211111111183,0.0351797296296294,0.0001235833333333,,0.3958847344590857,0.4,48818
0.52,ascending,1.0,0.15,20,30,<23>par,1016,0.9351,-2.1300370416666667,0.2517554272270345,0.9347322222222292,0.1953100000000013,-0.5740366666666481,0.9341711111111198,0.1950255555555566,0.9329644444444516,0.0352042740740739,0.0001176851851851,,0.3964617480849787,0.4,48791
0.52,ascending,1.0,0.15,20,30,<23>par,1016,0.94,-2.131413833333333,0.2546837765957447,0.9322255555555596,0.1954122222222236,-0.5730744444444261,0.93247333333334,0.1947833333333346,0.9305677777777848,0.0351470296296294,0.0001183537037037,,0.3955855507564151,0.4,48731
0.52,ascending,1.0,0.15,20,30,<23>par,1016,0.95,-2.132874041666666,0.2574266666666666,0.9307266666666736,0.1949022222222234,-0.5722966666666485,0.9305777777777848,0.1943700000000008,0.9290811111111196,0.0349704925925924,0.0001192296296296,,0.3950168916653043,0.4,48555
0.52,ascending,1.0,0.15,20,30,<23>par,1016,0.96,-2.134345166666665,0.2588794270833333,0.9294866666666716,0.1950188888888899,-0.5718844444444263,0.929473333333342,0.1946000000000012,0.9277655555555642,0.0348706888888887,0.0001279296296296,,0.3946515989324575,0.4,48918
0.52,ascending,1.0,0.15,20,30,<23>par,1016,0.97,-2.13674175,0.262341323024055,0.9284788888888972,0.194867777777779,-0.5712899999999819,0.92829222222223,0.1944155555555568,0.9265955555555654,0.0349570870370368,0.0001329814814814,,0.394172298259138,0.4,49115
0.52,ascending,1.0,0.15,20,30,<23>par,1016,0.98,-2.142164708333332,0.2648369047619047,0.9271688888888966,0.1949233333333344,-0.5708099999999818,0.92764111111112,0.1942344444444453,0.9259288888888983,0.0348430388888888,0.0001374907407407,,0.3938473642008272,0.4,48832
0.52,ascending,1.0,0.15,20,30,<23>par,1016,0.99,-2.1422622083333334,0.2672083333333333,0.924903333333342,0.1945700000000007,-0.5694044444444258,0.9246933333333452,0.1939566666666674,0.9227488888889008,0.0346100925925923,0.0001353111111111,,0.3926843172782168,0.4,49346
0.52,ascending,1.0,0.15,20,30,<23>par,1016,1.0,-2.1462071666666658,0.2711239166666667,0.9239700000000088,0.1945600000000009,-0.5689488888888699,0.9238266666666752,0.1938155555555562,0.9219044444444562,0.0346315518518517,0.0001438796296296,,0.3924149645711878,0.4,49183
0.52,ascending,1.0,0.15,20,30,<23>par,1016,1.01,-2.147277666666666,0.2731423267326732,0.9217733333333432,0.1944722222222229,-0.5689933333333141,0.921576666666678,0.1938566666666672,0.9192188888888994,0.0341617499999998,0.0001516444444444,,0.3918873617911756,0.4,49148
0.52,ascending,1.0,0.15,20,30,<23>par,1016,1.02,-2.1521756666666656,0.2761886437908497,0.920552222222233,0.194197777777778,-0.568205555555537,0.9206288888889008,0.1937366666666672,0.9180644444444568,0.0340942481481479,0.0001495796296296,,0.3913080810751969,0.4,49497
0.52,ascending,1.0,0.15,20,30,<23>par,1016,1.1,-2.176443624999999,0.2995072727272727,0.9044577777777963,0.1935688888888897,-0.5627188888888695,0.9054300000000184,0.1925155555555565,0.9015077777777952,0.0327633055555555,0.0001773962962962,,0.3859681158719558,0.4,50203
0.52,ascending,1.0,0.15,20,30,<23>par,1016,1.2,-2.206306208333333,0.3277992361111111,0.8869822222222356,0.1920922222222227,-0.5544677777777545,0.8870644444444589,0.190816666666667,0.8823111111111214,0.0316317666666665,0.0002253462962962,,0.3790731836823698,0.4,51780
0.52,ascending,1.0,0.15,20,30,<23>par,1017,0.05,-2.012163208333333,0.0127966666666666,0.9998799999999968,0.1999933333333331,-0.5999533333333033,0.9998799999999968,0.1999933333333331,0.9998799999999968,0.0399922185185209,1.9074074074075105e-07,,0.4188457377226804,0.4,40412
0.52,ascending,1.0,0.15,20,30,<23>par,1017,0.1,-2.0125006666666665,0.0267449999999999,0.9993044444444276,0.1999455555555554,-0.5996822222221924,0.9993044444444276,0.1999444444444442,0.9993044444444276,0.0399669629629653,1.137037037037043e-06,,0.4186377958030186,0.4,41257
0.52,ascending,1.0,0.15,20,30,<23>par,1017,0.2,-2.017772416666667,0.0529962499999999,0.9973799999999724,0.1997644444444443,-0.5988122222221923,0.9973766666666388,0.1997599999999999,0.9973788888888612,0.0398602685185207,4.388888888888889e-06,,0.4179521222475451,0.4,42077
0.52,ascending,1.0,0.15,20,30,<23>par,1017,0.3,-2.024778791666666,0.0798758333333333,0.9932466666666356,0.1996255555555555,-0.5972355555555262,0.9932111111110804,0.1996211111111111,0.9931799999999688,0.0396040962962975,1.1472222222222658e-05,,0.4165943870000119,0.4,43129
0.52,ascending,1.0,0.15,20,30,<23>par,1017,0.4,-2.033675416666666,0.1065214583333333,0.9880955555555304,0.1989711111111113,-0.5950388888888601,0.9880355555555296,0.1989400000000002,0.988048888888863,0.0391989666666673,2.015925925925952e-05,,0.4147779220432975,0.4,43518
0.52,ascending,1.0,0.15,20,30,<23>par,1017,0.5,-2.045191708333333,0.1333878333333333,0.9812699999999792,0.1987166666666669,-0.5926222222221936,0.9812088888888691,0.1986611111111114,0.9811322222222032,0.0386985074074076,3.191666666666692e-05,,0.4125704930844633,0.4,44678
0.52,ascending,1.0,0.15,20,30,<23>par,1017,0.6,-2.0609504583333327,0.1609813888888888,0.9733222222222092,0.1981511111111117,-0.5893033333333065,0.9731822222222084,0.1980933333333339,0.973026666666652,0.0381814481481481,4.716666666666693e-05,,0.4098201285343621,0.4,45376
0.52,ascending,1.0,0.15,20,30,<23>par,1017,0.7,-2.0766331249999994,0.1874988095238095,0.9622788888888836,0.1973088888888897,-0.5850288888888648,0.9624955555555502,0.1971277777777786,0.9618144444444388,0.037293948148148,6.82333333333336e-05,,0.4060761950588672,0.4,46517
0.52,ascending,1.0,0.15,20,30,<23>par,1017,0.8,-2.099577249999999,0.2147484374999999,0.95285111111111,0.1962688888888898,-0.5806822222222014,0.9527511111111088,0.1960300000000008,0.9520744444444428,0.0366856592592591,8.52203703703707e-05,,0.402599381123796,0.4,47613
0.52,ascending,1.0,0.15,20,30,<23>par,1017,0.86,-2.109686416666666,0.2313112403100775,0.9437911111111156,0.1958444444444451,-0.578076666666647,0.9439455555555576,0.195593333333334,0.9427422222222264,0.0357838796296294,0.000102174074074,,0.3998060488157739,0.4,48299
0.52,ascending,1.0,0.15,20,30,<23>par,1017,0.87,-2.114592249999999,0.2340858237547892,0.94335333333334,0.1961888888888899,-0.5768455555555357,0.9428622222222272,0.1957811111111118,0.941975555555562,0.0361673629629629,9.967222222222304e-05,,0.3992836909148877,0.4,48013
0.52,ascending,1.0,0.15,20,30,<23>par,1017,0.88,-2.115413999999999,0.2375089962121211,0.9407666666666706,0.1956566666666678,-0.5755088888888702,0.9408677777777836,0.1953000000000009,0.9396888888888946,0.0361048759259257,0.0001056851851851,,0.398273436198796,0.4,48130
0.52,ascending,1.0,0.15,20,30,<23>par,1017,0.89,-2.1177645833333334,0.2404429775280898,0.9392933333333372,0.1957577777777788,-0.5750144444444261,0.9393411111111158,0.1954677777777788,0.9379111111111148,0.0359942314814813,0.0001090759259259,,0.3978381725966345,0.4,48501
0.52,ascending,1.0,0.15,20,30,<23>par,1017,0.9,-2.1195810416666663,0.2426956481481481,0.939735555555559,0.1956988888888896,-0.5751722222222042,0.9393655555555588,0.1953066666666673,0.9382466666666692,0.0359457129629628,0.0001121851851851,,0.3979485435094436,0.4,48365
0.52,ascending,1.0,0.15,20,30,<23>par,1017,0.91,-2.122320208333333,0.245662912087912,0.93699444444445,0.1953133333333341,-0.5748466666666476,0.93682333333334,0.1949533333333341,0.9359488888888954,0.035360046296296,0.0001163,,0.3973361737996327,0.4,48569
0.52,ascending,1.0,0.15,20,30,<23>par,1017,0.92,-2.1250333333333327,0.2492056159420289,0.935442222222225,0.1956855555555566,-0.5736511111110923,0.9351066666666714,0.1953522222222233,0.9338855555555604,0.0356950888888887,0.0001194481481481,,0.3964948311979873,0.4,48523
0.52,ascending,1.0,0.15,20,30,<23>par,1017,0.93,-2.1275177083333325,0.2505637992831541,0.9350666666666708,0.1953700000000008,-0.5732466666666485,0.9347655555555618,0.1948611111111122,0.933686666666673,0.035641335185185,0.0001214462962962,,0.3963329620751914,0.4,48547
0.52,ascending,1.0,0.15,20,30,<23>par,1017,0.9351,-2.130719749999999,0.2524638184864363,0.9330300000000054,0.1950055555555562,-0.5736733333333144,0.9331566666666734,0.1946188888888892,0.9317411111111176,0.034978872222222,0.0001212129629629,,0.3960278096793745,0.4,48886
0.52,ascending,1.0,0.15,20,30,<23>par,1017,0.94,-2.131096416666666,0.2532302304964539,0.932382222222227,0.1954088888888898,-0.5736088888888711,0.932451111111116,0.1950100000000006,0.9305122222222272,0.0350178296296295,0.0001243518518518,,0.3956789195146629,0.4,48574
0.52,ascending,1.0,0.15,20,30,<23>par,1017,0.95,-2.133124583333333,0.2563828947368421,0.9301477777777865,0.1950388888888901,-0.5723233333333143,0.9301266666666756,0.194672222222223,0.9284477777777874,0.0348272370370368,0.0001221166666666,,0.3949343602906052,0.4,48776
0.52,ascending,1.0,0.15,20,30,<23>par,1017,0.96,-2.13501,0.25886171875,0.9298577777777836,0.1950166666666672,-0.5713133333333136,0.9297933333333414,0.194405555555556,0.9282722222222312,0.0351562074074073,0.0001275462962962,,0.3946371556781506,0.4,49114
0.52,ascending,1.0,0.15,20,30,<23>par,1017,0.97,-2.137031625,0.2629653780068728,0.9251400000000108,0.1950811111111121,-0.5703877777777605,0.924923333333344,0.1946888888888896,0.9235577777777888,0.0346883907407405,0.0001385333333333,,0.3932518808042027,0.4,48731
0.52,ascending,1.0,0.15,20,30,<23>par,1017,0.98,-2.140478583333333,0.265275425170068,0.9253055555555646,0.1951522222222233,-0.5705011111110944,0.9259811111111214,0.1945366666666677,0.9234655555555648,0.0345604203703701,0.00013485,,0.3933806030163855,0.4,48913
0.52,ascending,1.0,0.15,20,30,<23>par,1017,0.99,-2.1424300416666666,0.2671845117845117,0.9236266666666773,0.194704444444445,-0.5695244444444266,0.9235266666666754,0.1939066666666675,0.9214544444444552,0.0344290259259257,0.0001360055555555,,0.3925614282840082,0.4,49068
0.52,ascending,1.0,0.15,20,30,<23>par,1017,1.0,-2.146123625,0.2710659166666667,0.922852222222232,0.1945544444444457,-0.5692144444444257,0.9222955555555652,0.1939877777777791,0.920703333333344,0.0343429037037035,0.000138187037037,,0.3922660491084438,0.4,48948
0.52,ascending,1.0,0.15,20,30,<23>par,1017,1.01,-2.148153875,0.2743001650165016,0.9205077777777906,0.194753333333334,-0.5680755555555371,0.9207733333333435,0.1939433333333342,0.9184611111111236,0.0343833666666665,0.0001529574074074,,0.3914805307794756,0.4,49117
0.52,ascending,1.0,0.15,20,30,<23>par,1017,1.02,-2.152498625,0.2762430555555555,0.9201100000000092,0.1943700000000008,-0.5679511111110938,0.9197322222222328,0.1937188888888895,0.9179888888889,0.034201661111111,0.0001416333333333,,0.3913121008634661,0.4,49176
0.52,ascending,1.0,0.15,20,30,<23>par,1017,1.1,-2.1737839583333334,0.2985742424242424,0.9064088888889076,0.1931333333333341,-0.5630033333333143,0.9063633333333504,0.1921677777777784,0.9029333333333508,0.0326634499999998,0.0001725203703703,,0.3863891911520287,0.4,50139
0.52,ascending,1.0,0.15,20,30,<23>par,1017,1.2,-2.2051549583333334,0.3274359027777777,0.8871188888889012,0.1919944444444447,-0.5551444444444212,0.8875844444444573,0.1905977777777784,0.8825455555555648,0.0312882666666665,0.0002244814814814,,0.3795733098765944,0.4,51692
0.52,ascending,1.0,0.15,20,30,<23>par,1018,0.05,-2.0123772916666667,0.0133466666666666,0.9997766666666628,0.1999877777777776,-0.5999499999999699,0.9997766666666628,0.1999877777777776,0.9997766666666628,0.0399708277777802,3.907407407407501e-07,,0.4188234570769452,0.4,40788
0.52,ascending,1.0,0.15,20,30,<23>par,1018,0.1,-2.0136921666666665,0.0269008333333333,0.9994711111111058,0.1999244444444442,-0.5997155555555256,0.9994711111111058,0.1999244444444442,0.9994711111111058,0.0399786740740766,8.92592592592582e-07,,0.4186791626823565,0.4,40835
0.52,ascending,1.0,0.15,20,30,<23>par,1018,0.2,-2.019239208333333,0.0533570833333333,0.9972722222221936,0.1997877777777777,-0.598822222222193,0.9972733333333048,0.1997866666666666,0.997276666666638,0.0398420518518536,4.490740740740748e-06,,0.4179388288503576,0.4,41827
0.52,ascending,1.0,0.15,20,30,<23>par,1018,0.3,-2.024260541666666,0.0791383333333333,0.9941844444444148,0.1995244444444445,-0.597486666666638,0.9942266666666372,0.1995233333333333,0.994185555555526,0.0396567148148162,9.570370370370356e-06,,0.416862002461376,0.4,42854
0.52,ascending,1.0,0.15,20,30,<23>par,1018,0.4,-2.0327273749999994,0.1063470833333333,0.9882911111110854,0.1991588888888891,-0.5952511111110821,0.9882344444444184,0.1990811111111113,0.9882533333333084,0.0392190537037041,1.9170370370370625e-05,,0.4149059504405785,0.4,43791
0.52,ascending,1.0,0.15,20,30,<23>par,1018,0.5,-2.044763624999999,0.1336558333333333,0.9807855555555371,0.1987388888888892,-0.5926888888888607,0.9806466666666476,0.1986744444444448,0.9806288888888702,0.038587351851852,3.30388888888888e-05,,0.4125051931031499,0.4,44387
0.52,ascending,1.0,0.15,20,30,<23>par,1018,0.6,-2.0590733333333326,0.1599119444444444,0.9730644444444304,0.1981555555555561,-0.5892455555555288,0.9730444444444304,0.1981133333333339,0.9728822222222084,0.0382007444444445,4.7768518518519104e-05,,0.4097753577540278,0.4,45151
0.52,ascending,1.0,0.15,20,30,<23>par,1018,0.7,-2.077060166666666,0.1871297619047619,0.9632511111111064,0.197232222222223,-0.5851844444444205,0.9632166666666608,0.1971211111111119,0.9629266666666608,0.0374488685185184,6.541481481481491e-05,,0.4063339223340995,0.4,46166
0.52,ascending,1.0,0.15,20,30,<23>par,1018,0.8,-2.097531583333333,0.2149535416666666,0.9518255555555548,0.1965388888888898,-0.5804211111110907,0.9517644444444452,0.1963444444444455,0.9509811111111116,0.0367047074074073,8.146851851851853e-05,,0.4022800028505529,0.4,47370
0.52,ascending,1.0,0.15,20,30,<23>par,1018,0.86,-2.111370791666666,0.2308661821705426,0.9451600000000032,0.1959622222222234,-0.5773311111110914,0.9447300000000024,0.1957322222222235,0.9438277777777808,0.0362971203703703,9.75018518518518e-05,,0.399821921444987,0.4,47897
0.52,ascending,1.0,0.15,20,30,<23>par,1018,0.87,-2.113292625,0.2350983716475095,0.9416277777777848,0.1957077777777787,-0.5764722222222034,0.9413166666666738,0.1953222222222233,0.940388888888896,0.0357741277777775,0.000103924074074,,0.3987592378479943,0.4,48239
0.52,ascending,1.0,0.15,20,30,<23>par,1018,0.88,-2.116474125,0.2374866477272726,0.941361111111114,0.1957666666666677,-0.5760211111110922,0.9411733333333366,0.1954022222222232,0.9401822222222244,0.0359363370370368,0.0001049703703703,,0.3986438737672511,0.4,48052
0.52,ascending,1.0,0.15,20,30,<23>par,1018,0.89,-2.118357625,0.240267415730337,0.9407788888888942,0.1957777777777788,-0.575854444444426,0.9404288888888956,0.1952122222222232,0.9394988888888964,0.0359169407407406,0.0001033962962962,,0.3983596907570842,0.4,48422
0.52,ascending,1.0,0.15,20,30,<23>par,1018,0.9,-2.120910458333333,0.2430030555555555,0.9384644444444492,0.1956088888888903,-0.5750488888888698,0.938341111111116,0.1952200000000012,0.937403333333339,0.0356754907407405,0.0001101333333333,,0.3977389347919511,0.4,48234
0.52,ascending,1.0,0.15,20,30,<23>par,1018,0.91,-2.123993625,0.2453581501831501,0.9356844444444486,0.1953011111111117,-0.5743422222222025,0.9355800000000054,0.1947922222222231,0.9344666666666716,0.0353805740740739,0.0001070092592592,,0.3968246685290313,0.4,48662
0.52,ascending,1.0,0.15,20,30,<23>par,1018,0.92,-2.126022958333333,0.2478131340579709,0.935576666666671,0.1952822222222226,-0.5741522222222045,0.935618888888894,0.1948633333333339,0.9341577777777844,0.0353980611111109,0.0001178888888888,,0.3967280209452112,0.4,48395
0.52,ascending,1.0,0.15,20,30,<23>par,1018,0.93,-2.1281821666666665,0.2517978494623656,0.9313944444444512,0.1954155555555567,-0.5733944444444243,0.9319033333333424,0.1948400000000012,0.9299833333333416,0.0349191907407407,0.0001204259259259,,0.3955988451936573,0.4,48610
0.52,ascending,1.0,0.15,20,30,<23>par,1018,0.9351,-2.129512208333333,0.251826186147649,0.9306544444444532,0.195167777777779,-0.5730233333333145,0.9309277777777856,0.1946177777777789,0.9292666666666756,0.0347919203703702,0.0001257222222222,,0.3953237382259491,0.4,48463
0.52,ascending,1.0,0.15,20,30,<23>par,1018,0.94,-2.131375458333333,0.2539623226950354,0.9329755555555632,0.1951233333333345,-0.5730522222222048,0.932497777777786,0.1947766666666679,0.9315577777777851,0.0351892111111109,0.0001188166666666,,0.3957617425681802,0.4,48944
0.52,ascending,1.0,0.15,20,30,<23>par,1018,0.95,-2.132856625,0.2563533333333333,0.930381111111116,0.194791111111112,-0.5719299999999813,0.9300611111111192,0.1943366666666674,0.9284888888888972,0.0349027425925924,0.000131274074074,,0.3948171118449428,0.4,48392
0.52,ascending,1.0,0.15,20,30,<23>par,1018,0.96,-2.136365291666666,0.2593470486111111,0.930127777777786,0.1949577777777789,-0.5710555555555373,0.9296922222222286,0.1943211111111124,0.9282133333333418,0.0352855759259257,0.0001345185185185,,0.3944570639188052,0.4,48769
0.52,ascending,1.0,0.15,20,30,<23>par,1018,0.97,-2.1369535,0.2612823024054982,0.9293466666666714,0.1950677777777786,-0.5718333333333155,0.9291511111111188,0.1946011111111121,0.9277777777777853,0.034966822222222,0.0001272537037037,,0.3946122256402946,0.4,49260
0.52,ascending,1.0,0.15,20,30,<23>par,1018,0.98,-2.1403599166666663,0.2654682823129251,0.9252811111111215,0.1950111111111122,-0.5711477777777582,0.9252522222222316,0.1943500000000008,0.9235211111111225,0.0343234574074072,0.000143624074074,,0.3934376848232403,0.4,49042
0.52,ascending,1.0,0.15,20,30,<23>par,1018,0.99,-2.143195333333333,0.2676655723905723,0.923341111111122,0.1943244444444455,-0.5699866666666471,0.923681111111122,0.1938188888888897,0.9215400000000128,0.0341739759259259,0.000134524074074,,0.3926620711122281,0.4,49182
0.52,ascending,1.0,0.15,20,30,<23>par,1018,1.0,-2.1447692916666665,0.2700845,0.9251277777777862,0.1949788888888893,-0.5705255555555365,0.9249166666666762,0.1943177777777779,0.9233344444444548,0.0344433833333331,0.0001374944444444,,0.3932728196559927,0.4,49203
0.52,ascending,1.0,0.15,20,30,<23>par,1018,1.01,-2.146996999999999,0.2728359735973597,0.9211988888888992,0.1945200000000014,-0.5690322222222031,0.9205866666666774,0.1937388888888896,0.9186688888889016,0.034002811111111,0.0001483833333333,,0.3918175547729234,0.4,49428
0.52,ascending,1.0,0.15,20,30,<23>par,1018,1.02,-2.150193291666666,0.2758113562091503,0.9182755555555692,0.194074444444445,-0.5677066666666477,0.918734444444456,0.1936900000000007,0.9162733333333466,0.0339201907407406,0.0001569092592592,,0.3908030305150042,0.4,49445
0.52,ascending,1.0,0.15,20,30,<23>par,1018,1.1,-2.1733523749999994,0.2982388636363636,0.9082844444444618,0.1935444444444455,-0.5634277777777573,0.9078477777777952,0.1925844444444454,0.9054888888889068,0.0332427277777776,0.0001690648148148,,0.3870339444745351,0.4,49773
0.52,ascending,1.0,0.15,20,30,<23>par,1018,1.2,-2.205376499999999,0.3281416666666666,0.885458888888902,0.1919788888888891,-0.555337777777754,0.8869277777777943,0.190878888888889,0.8802944444444565,0.0307670129629628,0.0002248703703703,,0.379035969022235,0.4,51159
0.52,ascending,1.0,0.15,20,30,<23>par,1019,0.05,-2.013076708333333,0.0133833333333333,0.9997744444444366,0.1999911111111109,-0.5999011111110811,0.9997744444444366,0.1999911111111109,0.9997744444444366,0.0399912574074098,3.796296296296228e-07,,0.4188076008820213,0.4,40394
0.52,ascending,1.0,0.15,20,30,<23>par,1019,0.1,-2.0133614166666667,0.0268216666666666,0.9993766666666564,0.1999644444444442,-0.5997633333333034,0.9993766666666564,0.1999644444444442,0.9993766666666564,0.0399567611111135,1.0462962962962542e-06,,0.418680844531024,0.4,40964
0.52,ascending,1.0,0.15,20,30,<23>par,1019,0.2,-2.0165459166666664,0.0534066666666666,0.9973088888888596,0.199841111111111,-0.5988722222221929,0.9973088888888596,0.199841111111111,0.9973066666666373,0.039853311111113,4.416666666666589e-06,,0.4179672336406155,0.4,42073
0.52,ascending,1.0,0.15,20,30,<23>par,1019,0.3,-2.022349541666666,0.0806302777777777,0.9933266666666368,0.1995233333333333,-0.597052222222193,0.9932855555555258,0.1995277777777778,0.9932955555555258,0.0396620314814829,1.0974074074074276e-05,,0.4165435606801869,0.4,42883
0.52,ascending,1.0,0.15,20,30,<23>par,1019,0.4,-2.031295708333333,0.1066645833333333,0.9868599999999766,0.1991988888888891,-0.5952977777777493,0.9869644444444216,0.1991688888888891,0.9867322222221996,0.0389273185185189,2.1427777777777997e-05,,0.4146316718753366,0.4,43678
0.52,ascending,1.0,0.15,20,30,<23>par,1019,0.5,-2.0458069166666664,0.1333165,0.9814577777777582,0.1986233333333336,-0.5923133333333057,0.981555555555536,0.1985577777777782,0.9813466666666464,0.0387847851851853,3.3129629629629915e-05,,0.4125123329028878,0.4,44819
0.52,ascending,1.0,0.15,20,30,<23>par,1019,0.6,-2.060372875,0.1604836111111111,0.9726344444444308,0.1980577777777782,-0.5895744444444176,0.9725466666666536,0.1980255555555561,0.9724433333333208,0.0379314518518518,4.692407407407431e-05,,0.4097616315467682,0.4,45699
0.52,ascending,1.0,0.15,20,30,<23>par,1019,0.7,-2.076607124999999,0.1870132142857142,0.9625622222222184,0.1974211111111119,-0.5847566666666429,0.9622955555555536,0.1972344444444453,0.9619155555555516,0.0375176407407405,6.408888888888905e-05,,0.4059756030959124,0.4,46284
0.52,ascending,1.0,0.15,20,30,<23>par,1019,0.8,-2.0977331249999995,0.2151063541666666,0.9517544444444443,0.1963822222222229,-0.5804688888888679,0.9514688888888908,0.196162222222223,0.9509033333333344,0.0365864555555554,8.374074074074117e-05,,0.4023150907721353,0.4,47310
0.52,ascending,1.0,0.15,20,30,<23>par,1019,0.86,-2.11005925,0.2313809108527131,0.944212222222224,0.1959933333333341,-0.5783822222222026,0.9446655555555596,0.1956200000000007,0.9433577777777816,0.0358068018518517,9.788333333333402e-05,,0.4000205406666952,0.4,48015
0.52,ascending,1.0,0.15,20,30,<23>par,1019,0.87,-2.1131205833333326,0.2342853448275862,0.9432377777777816,0.1959433333333347,-0.5771344444444254,0.9427911111111192,0.1955966666666679,0.9421233333333376,0.0359501518518517,0.0001070111111111,,0.3993937789293264,0.4,47682
0.52,ascending,1.0,0.15,20,30,<23>par,1019,0.88,-2.1173118333333334,0.2370939393939393,0.9417344444444484,0.1956044444444458,-0.5762922222222036,0.941862222222225,0.1952844444444456,0.9404588888888942,0.035871959259259,0.0001042685185185,,0.3987320190378622,0.4,48093
0.52,ascending,1.0,0.15,20,30,<23>par,1019,0.89,-2.117000833333333,0.2398055243445692,0.9392466666666656,0.1957055555555565,-0.5747511111110934,0.9392177777777788,0.1952933333333343,0.938062222222223,0.0359531111111109,0.0001112722222222,,0.3977611577361033,0.4,48379
0.52,ascending,1.0,0.15,20,30,<23>par,1019,0.9,-2.1210717916666657,0.2424532407407407,0.9380877777777828,0.1955611111111123,-0.5751744444444259,0.9382566666666716,0.1950400000000014,0.9368266666666714,0.0356700944444442,0.0001075537037037,,0.3975155081574163,0.4,48281
0.52,ascending,1.0,0.15,20,30,<23>par,1019,0.91,-2.1229169166666657,0.244844597069597,0.9368600000000028,0.1953588888888898,-0.5740088888888704,0.9370366666666692,0.1950433333333342,0.9355844444444472,0.0357008833333332,0.0001118759259259,,0.3969728954525743,0.4,48238
0.52,ascending,1.0,0.15,20,30,<23>par,1019,0.92,-2.1259658749999994,0.2489123188405796,0.9345166666666728,0.1954888888888903,-0.5737088888888696,0.9348411111111168,0.1948188888888899,0.933250000000006,0.035438761111111,0.0001088351851851,,0.396388346959422,0.4,48488
0.52,ascending,1.0,0.15,20,30,<23>par,1019,0.93,-2.1263752083333323,0.2507570788530466,0.9346066666666718,0.1953966666666672,-0.5739622222222037,0.9349122222222276,0.1950466666666675,0.9331655555555626,0.0353190425925924,0.0001159888888888,,0.3964944493187894,0.4,48438
0.52,ascending,1.0,0.15,20,30,<23>par,1019,0.9351,-2.125857958333333,0.2508192528428331,0.9365166666666732,0.1953466666666678,-0.573912222222204,0.9368677777777816,0.194862222222223,0.9348400000000064,0.0356552388888887,0.0001179592592592,,0.3968055268170048,0.4,48566
0.52,ascending,1.0,0.15,20,30,<23>par,1019,0.94,-2.130761791666666,0.2535555851063829,0.9339822222222296,0.1951511111111123,-0.5730277777777594,0.933651111111121,0.1946088888888901,0.9322611111111184,0.0354243814814814,0.0001250537037037,,0.395926573619409,0.4,49026
0.52,ascending,1.0,0.15,20,30,<23>par,1019,0.95,-2.131732374999999,0.2568609649122806,0.9286111111111198,0.1952244444444451,-0.5714777777777608,0.9285755555555628,0.1944988888888896,0.9271044444444532,0.0349947296296296,0.0001282,,0.3943320893347843,0.4,48772
0.52,ascending,1.0,0.15,20,30,<23>par,1019,0.96,-2.1354508333333326,0.2595042534722222,0.9305633333333404,0.1949255555555564,-0.5714777777777584,0.9307433333333416,0.1943677777777785,0.9287788888888974,0.0351652759259257,0.0001271462962962,,0.3947321843601236,0.4,48726
0.52,ascending,1.0,0.15,20,30,<23>par,1019,0.97,-2.13724425,0.262514089347079,0.9276066666666744,0.1948911111111124,-0.5715233333333152,0.9287800000000058,0.1942733333333339,0.925605555555562,0.0345599370370368,0.000128824074074,,0.3940846338661363,0.4,48949
0.52,ascending,1.0,0.15,20,30,<23>par,1019,0.98,-2.140398833333332,0.2647583333333333,0.9254888888888962,0.1949500000000005,-0.5704588888888709,0.9252455555555628,0.1943222222222228,0.9231500000000088,0.034408324074074,0.0001363407407407,,0.3932264045511021,0.4,49306
0.52,ascending,1.0,0.15,20,30,<23>par,1019,0.99,-2.1426577916666663,0.2681826599326599,0.923843333333344,0.1947711111111118,-0.5704533333333155,0.9241422222222324,0.1941211111111117,0.9220733333333448,0.0341103518518516,0.0001357166666666,,0.3929379809738708,0.4,49199
0.52,ascending,1.0,0.15,20,30,<23>par,1019,1.0,-2.146313,0.2697324166666666,0.9246866666666788,0.1947855555555565,-0.568965555555537,0.9245600000000104,0.1941833333333337,0.9230022222222344,0.0349500185185184,0.0001417,,0.3927223443962152,0.4,49641
0.52,ascending,1.0,0.15,20,30,<23>par,1019,1.01,-2.147987,0.2726090759075907,0.9213666666666775,0.1946400000000006,-0.5685899999999806,0.9211422222222309,0.1939411111111118,0.9187666666666764,0.0342498037037034,0.0001426666666666,,0.3916514455291812,0.4,49636
0.52,ascending,1.0,0.15,20,30,<23>par,1019,1.02,-2.152617499999999,0.275172794117647,0.9196700000000112,0.1945066666666675,-0.5675211111110932,0.9199611111111222,0.1936388888888899,0.9173944444444556,0.0343007722222221,0.0001473648148148,,0.391014674792393,0.4,49698
0.52,ascending,1.0,0.15,20,30,<23>par,1019,1.1,-2.175164,0.2989688636363636,0.9078511111111276,0.1934466666666676,-0.5631588888888673,0.9078877777777952,0.1925066666666675,0.90524222222224,0.0332568907407405,0.0001725092592592,,0.3868862247874855,0.4,50064
0.52,ascending,1.0,0.15,20,30,<23>par,1019,1.2,-2.206766541666666,0.3269401388888889,0.887393333333345,0.1923555555555563,-0.555284444444421,0.8874688888888986,0.1910200000000001,0.8833477777777851,0.0315587555555554,0.000215324074074,,0.3797208515297522,0.4,51513
0.52,ascending,1.0,0.15,20,30,<23>par,1020,0.05,-2.0137390416666667,0.0126066666666666,0.9997988888888828,0.1999811111111109,-0.5998944444444144,0.9997988888888828,0.1999811111111109,0.9997988888888828,0.039994779629632,3.351851851851999e-07,,0.4188090578725565,0.4,40641
0.52,ascending,1.0,0.15,20,30,<23>par,1020,0.1,-2.0122615416666667,0.0264641666666666,0.9992111111110988,0.1999511111111109,-0.5997355555555257,0.9992088888888768,0.1999511111111109,0.9992088888888768,0.0399293444444468,1.294444444444413e-06,,0.4186368990171587,0.4,41187
0.52,ascending,1.0,0.15,20,30,<23>par,1020,0.2,-2.0164686666666665,0.0526529166666666,0.9975144444444196,0.1997799999999999,-0.5989311111110817,0.9975055555555304,0.1997777777777777,0.9975077777777528,0.039844738888891,4.074074074074102e-06,,0.4180182552400808,0.4,41582
0.52,ascending,1.0,0.15,20,30,<23>par,1020,0.3,-2.0243113333333325,0.0796113888888888,0.9932299999999672,0.1995244444444445,-0.597241111111082,0.9932177777777448,0.19953,0.9932344444444112,0.039576025925927,1.1618518518518644e-05,,0.416588012050178,0.4,42844
0.52,ascending,1.0,0.15,20,30,<23>par,1020,0.4,-2.0334873749999995,0.1072866666666666,0.9880488888888648,0.1991100000000002,-0.59562888888886,0.9880733333333084,0.1991155555555558,0.9880255555555312,0.0390155555555561,2.015370370370355e-05,,0.4149753099146096,0.4,43518
0.52,ascending,1.0,0.15,20,30,<23>par,1020,0.5,-2.044498708333333,0.1338598333333333,0.9809233333333152,0.1987200000000004,-0.5926244444444159,0.9809877777777598,0.1986344444444449,0.980829999999982,0.0386065944444447,3.320000000000045e-05,,0.4125211813472407,0.4,44389
0.52,ascending,1.0,0.15,20,30,<23>par,1020,0.6,-2.0597890416666664,0.1597561111111111,0.973481111111098,0.1979311111111119,-0.588983333333307,0.9733111111110992,0.1978555555555564,0.9731544444444326,0.0382505555555555,4.5570370370370446e-05,,0.4097123053101937,0.4,45656
0.52,ascending,1.0,0.15,20,30,<23>par,1020,0.7,-2.0767936666666658,0.1876108333333333,0.9648777777777678,0.1974055555555562,-0.5854766666666422,0.964696666666657,0.197203333333334,0.9643477777777678,0.0376265092592592,6.141111111111113e-05,,0.406764025971563,0.4,46456
0.52,ascending,1.0,0.15,20,30,<23>par,1020,0.8,-2.0970227083333324,0.2160784374999999,0.9497033333333352,0.1964900000000011,-0.5800799999999792,0.9496377777777772,0.1961911111111122,0.94879,0.0363631148148147,8.649259259259327e-05,,0.4017556329128481,0.4,47634
0.52,ascending,1.0,0.15,20,30,<23>par,1020,0.86,-2.1101238333333328,0.2309239341085271,0.9439611111111142,0.1961288888888896,-0.5775388888888702,0.943876666666668,0.1958311111111119,0.943237777777782,0.0361513166666665,9.652777777777836e-05,,0.399732661456964,0.4,47919
0.52,ascending,1.0,0.15,20,30,<23>par,1020,0.87,-2.112400708333333,0.2333932950191571,0.9417288888888892,0.1957855555555565,-0.5770888888888682,0.9417022222222224,0.1954311111111123,0.9402866666666676,0.0356434481481479,0.0001051425925925,,0.3990034226141205,0.4,47946
0.52,ascending,1.0,0.15,20,30,<23>par,1020,0.88,-2.1161435416666663,0.2368114583333333,0.9410500000000044,0.1957466666666674,-0.5764766666666482,0.9416300000000069,0.1952744444444455,0.9399477777777824,0.0357995944444443,0.0001035907407407,,0.3986792348850291,0.4,48142
0.52,ascending,1.0,0.15,20,30,<23>par,1020,0.89,-2.1178583333333334,0.2396434456928839,0.9385911111111144,0.1957288888888902,-0.57543999999998,0.9385766666666708,0.1952866666666677,0.9369833333333368,0.0355371648148147,0.0001090425925925,,0.3978069829013786,0.4,48283
0.52,ascending,1.0,0.15,20,30,<23>par,1020,0.9,-2.121749166666666,0.2430097222222222,0.9378333333333368,0.1955133333333342,-0.5751533333333144,0.9373000000000056,0.1951455555555563,0.9363311111111152,0.0355090592592591,0.0001184037037037,,0.3974025699647663,0.4,48767
0.52,ascending,1.0,0.15,20,30,<23>par,1020,0.91,-2.1237421666666667,0.245681227106227,0.9367777777777816,0.1955244444444453,-0.575041111111092,0.9364155555555596,0.1950688888888895,0.9353311111111154,0.0352782407407406,0.0001163981481481,,0.3972611289557964,0.4,48418
0.52,ascending,1.0,0.15,20,30,<23>par,1020,0.92,-2.1244758333333325,0.2485541666666666,0.9348333333333416,0.1956044444444453,-0.5741155555555373,0.9354866666666728,0.1950888888888894,0.9338844444444512,0.0354098925925925,0.0001173537037037,,0.3966369844383463,0.4,48574
0.52,ascending,1.0,0.15,20,30,<23>par,1020,0.93,-2.1267636249999997,0.2506821684587813,0.9341388888888912,0.195530000000001,-0.5736522222222044,0.9339644444444486,0.1949377777777788,0.9327900000000056,0.0353404333333332,0.0001155944444444,,0.3962650255347612,0.4,48756
0.52,ascending,1.0,0.15,20,30,<23>par,1020,0.9351,-2.130041208333333,0.2516836880191066,0.932837777777784,0.1955877777777783,-0.5733322222222027,0.93268444444445,0.1950333333333341,0.9315233333333384,0.0351500814814812,0.0001227685185185,,0.3959172714705073,0.4,48535
0.52,ascending,1.0,0.15,20,30,<23>par,1020,0.94,-2.130379,0.253149024822695,0.9322177777777814,0.1950155555555565,-0.5726011111110922,0.9322833333333396,0.1944888888888895,0.9307177777777834,0.0350963685185183,0.0001298851851851,,0.3954362351845598,0.4,48659
0.52,ascending,1.0,0.15,20,30,<23>par,1020,0.95,-2.131983124999999,0.2552028947368421,0.9317066666666748,0.1952233333333345,-0.5723944444444252,0.9317011111111192,0.1947977777777791,0.9302877777777868,0.0352830351851849,0.0001240962962962,,0.395313726108545,0.4,48715
0.52,ascending,1.0,0.15,20,30,<23>par,1020,0.96,-2.1351060416666665,0.2596335069444444,0.9294122222222324,0.1950755555555567,-0.571711111111093,0.92929111111112,0.1945111111111121,0.9274277777777864,0.0348963370370369,0.0001319166666666,,0.3945026252233923,0.4,49258
0.52,ascending,1.0,0.15,20,30,<23>par,1020,0.97,-2.137670708333333,0.2618581615120274,0.928122222222227,0.1949900000000008,-0.570334444444427,0.9281377777777836,0.1943555555555563,0.9263133333333416,0.0351494148148146,0.0001311425925925,,0.3938595519944232,0.4,49077
0.52,ascending,1.0,0.15,20,30,<23>par,1020,0.98,-2.140121,0.2646638605442177,0.9281544444444528,0.1949433333333345,-0.5707144444444241,0.9275711111111185,0.1944000000000008,0.9258611111111176,0.0348824333333332,0.0001383481481481,,0.3938676710583672,0.4,49131
0.52,ascending,1.0,0.15,20,30,<23>par,1020,0.99,-2.143970541666666,0.2681265993265993,0.9242500000000072,0.1945511111111123,-0.57048777777776,0.9239344444444524,0.1940155555555566,0.92208222222223,0.0342099759259257,0.000142337037037,,0.3929291908793805,0.4,49472
0.52,ascending,1.0,0.15,20,30,<23>par,1020,1.0,-2.14544,0.2704636666666666,0.923523333333342,0.1947622222222233,-0.5696133333333144,0.9230322222222308,0.194167777777779,0.9214011111111228,0.0343762944444444,0.0001435111111111,,0.392566016060605,0.4,49258
0.52,ascending,1.0,0.15,20,30,<23>par,1020,1.01,-2.149997666666666,0.2736632838283828,0.921972222222232,0.1944044444444453,-0.5684466666666486,0.9223122222222336,0.1937033333333341,0.9199044444444546,0.034417698148148,0.0001425759259259,,0.3918263426575638,0.4,49491
0.52,ascending,1.0,0.15,20,30,<23>par,1020,1.02,-2.151682583333333,0.2763638888888888,0.92102777777779,0.194325555555556,-0.5682622222222046,0.920995555555567,0.1937044444444444,0.9190255555555684,0.0343364999999998,0.0001414629629629,,0.3915514661836945,0.4,49500
0.52,ascending,1.0,0.15,20,30,<23>par,1020,1.1,-2.175079374999999,0.2982234848484849,0.9073077777777956,0.1933188888888895,-0.5637811111110896,0.9075355555555704,0.1925766666666673,0.9044833333333504,0.0327934333333331,0.0001732907407407,,0.387006425553664,0.4,49918
0.52,ascending,1.0,0.15,20,30,<23>par,1020,1.2,-2.2048851249999992,0.3277918749999999,0.8874455555555717,0.1924300000000007,-0.5561288888888675,0.8884100000000191,0.1909366666666665,0.8832966666666809,0.0311472018518518,0.0002236925925925,,0.3800464469520354,0.4,51396
0.52,ascending,1.0,0.15,20,30,<23>par,1021,0.05,-2.0123527916666664,0.0133999999999999,0.9996355555555432,0.1999666666666665,-0.59985999999997,0.9996355555555432,0.1999666666666665,0.9996355555555432,0.0399703888888913,5.981481481481295e-07,,0.4187637326847262,0.4,40801
0.52,ascending,1.0,0.15,20,30,<23>par,1021,0.1,-2.013343291666666,0.0265666666666666,0.999306666666654,0.1999188888888887,-0.5996877777777478,0.999306666666654,0.1999188888888887,0.999306666666654,0.0399550259259283,1.179629629629596e-06,,0.4186368812808707,0.4,40861
0.52,ascending,1.0,0.15,20,30,<23>par,1021,0.2,-2.016817416666666,0.0529395833333333,0.997372222222196,0.1998144444444443,-0.598922222222193,0.9973699999999738,0.199811111111111,0.9973699999999738,0.0398360833333353,4.524074074074127e-06,,0.4179924943988348,0.4,42183
0.52,ascending,1.0,0.15,20,30,<23>par,1021,0.3,-2.023416875,0.0794133333333333,0.9929688888888608,0.1995633333333333,-0.5971544444444159,0.9930599999999716,0.1995244444444445,0.9929533333333052,0.0395589814814825,1.1096296296296384e-05,,0.4165112055172166,0.4,42677
0.52,ascending,1.0,0.15,20,30,<23>par,1021,0.4,-2.033263583333333,0.1053185416666666,0.9882333333333096,0.1990955555555558,-0.5951255555555265,0.9882455555555316,0.1990822222222225,0.9882511111110872,0.0392471611111116,2.0211111111111428e-05,,0.4148570324362317,0.4,43645
0.52,ascending,1.0,0.15,20,30,<23>par,1021,0.5,-2.0456778333333325,0.134395,0.9808866666666496,0.1987044444444448,-0.5922899999999716,0.98089777777776,0.1986722222222226,0.980763333333316,0.0387446481481484,3.2637037037036984e-05,,0.4124134022611038,0.4,44633
0.52,ascending,1.0,0.15,20,30,<23>par,1021,0.6,-2.060486625,0.1597815277777777,0.9732055555555434,0.1980777777777782,-0.5894188888888618,0.9730777777777656,0.1979788888888893,0.97296222222221,0.0380740851851851,4.571481481481513e-05,,0.4098316065573166,0.4,45405
0.52,ascending,1.0,0.15,20,30,<23>par,1021,0.7,-2.0772119999999994,0.1877424999999999,0.9626088888888834,0.1973755555555564,-0.5851799999999758,0.9624722222222182,0.1971555555555565,0.9621999999999962,0.0373557425925924,6.274074074074074e-05,,0.4062146924752629,0.4,46164
0.52,ascending,1.0,0.15,20,30,<23>par,1021,0.8,-2.0972008749999995,0.2141927083333333,0.9521955555555554,0.1966411111111121,-0.5811488888888673,0.9526022222222232,0.1962966666666676,0.9517233333333348,0.036532374074074,8.523333333333377e-05,,0.4026952394221534,0.4,47466
0.52,ascending,1.0,0.15,20,30,<23>par,1021,0.86,-2.1108063333333327,0.231581976744186,0.9436022222222232,0.1960044444444453,-0.5776999999999801,0.943191111111113,0.1956588888888899,0.9427900000000032,0.0358980999999999,0.000103324074074,,0.3996791510146164,0.4,47788
0.52,ascending,1.0,0.15,20,30,<23>par,1021,0.87,-2.113711958333333,0.234788601532567,0.941383333333336,0.1957811111111123,-0.5765788888888698,0.9411100000000006,0.1955366666666678,0.9402088888888932,0.0358251166666666,0.0001051722222222,,0.3987473672523668,0.4,47875
0.52,ascending,1.0,0.15,20,30,<23>par,1021,0.88,-2.1146221249999995,0.236755587121212,0.9421611111111138,0.1958033333333344,-0.576373333333314,0.9422600000000012,0.1953933333333342,0.9412433333333358,0.0360605444444444,0.0001013814814814,,0.3989058344631204,0.4,47984
0.52,ascending,1.0,0.15,20,30,<23>par,1021,0.89,-2.1171490416666665,0.2401684456928838,0.9393044444444468,0.1958111111111122,-0.5763033333333145,0.9391177777777812,0.1954944444444454,0.9381011111111128,0.0354878888888887,0.0001116537037037,,0.3982695972122522,0.4,47710
0.52,ascending,1.0,0.15,20,30,<23>par,1021,0.9,-2.1205755,0.2419302777777777,0.9385311111111156,0.1955877777777786,-0.5752144444444248,0.938937777777784,0.1952077777777786,0.9375355555555624,0.0356935740740739,0.0001027685185185,,0.3977903360069063,0.4,48323
0.52,ascending,1.0,0.15,20,30,<23>par,1021,0.91,-2.122874833333333,0.2453059523809523,0.9358855555555612,0.1955544444444455,-0.5748222222222039,0.935787777777784,0.1952033333333341,0.9347622222222286,0.0352955833333331,0.0001121481481481,,0.3970573860518202,0.4,48547
0.52,ascending,1.0,0.15,20,30,<23>par,1021,0.92,-2.1258086249999995,0.2479946557971014,0.936187777777786,0.1955377777777786,-0.5737366666666486,0.9363800000000054,0.1950755555555566,0.9350600000000066,0.0357704962962961,0.0001173222222222,,0.396786296114399,0.4,48266
0.52,ascending,1.0,0.15,20,30,<23>par,1021,0.93,-2.128005708333333,0.2509025089605735,0.9348122222222294,0.1952655555555567,-0.5737966666666486,0.9355311111111152,0.1946988888888901,0.9333766666666724,0.0353556333333331,0.0001127703703703,,0.3964308315298004,0.4,48626
0.52,ascending,1.0,0.15,20,30,<23>par,1021,0.9351,-2.129063375,0.2525723630271271,0.933208888888894,0.1954955555555566,-0.5730299999999824,0.9337822222222282,0.1949755555555564,0.9317577777777832,0.0354020629629628,0.0001140277777777,,0.3959308016869987,0.4,48773
0.52,ascending,1.0,0.15,20,30,<23>par,1021,0.94,-2.130065958333333,0.2534596631205674,0.9327877777777857,0.1954600000000009,-0.5734599999999811,0.9330211111111176,0.1950088888888899,0.9313800000000068,0.0351353907407406,0.0001211425925925,,0.3959030437048729,0.4,48485
0.52,ascending,1.0,0.15,20,30,<23>par,1021,0.95,-2.131963125,0.2562771929824561,0.9286633333333408,0.1951888888888898,-0.5720866666666488,0.9287011111111196,0.1946777777777786,0.926925555555564,0.0347405796296294,0.0001321851851851,,0.3945040159588827,0.4,48698
0.52,ascending,1.0,0.15,20,30,<23>par,1021,0.96,-2.137119249999999,0.2590049479166667,0.9290833333333413,0.1951444444444453,-0.5718299999999819,0.9290500000000064,0.1944722222222228,0.927355555555563,0.0348270314814813,0.0001246851851851,,0.394566148751899,0.4,49214
0.52,ascending,1.0,0.15,20,30,<23>par,1021,0.97,-2.139303874999999,0.2622914089347078,0.9301733333333412,0.1950355555555569,-0.5714611111110932,0.9300555555555644,0.1943933333333346,0.9290888888888968,0.0353542740740739,0.0001206055555555,,0.3946820433343139,0.4,49335
0.52,ascending,1.0,0.15,20,30,<23>par,1021,0.98,-2.141565208333333,0.2653910714285714,0.9255255555555636,0.1944611111111116,-0.5693577777777591,0.9255355555555655,0.1937811111111115,0.9239611111111212,0.0349091481481479,0.0001292981481481,,0.3929276156532539,0.4,49015
0.52,ascending,1.0,0.15,20,30,<23>par,1021,0.99,-2.142845625,0.2679368686868686,0.923354444444454,0.1945844444444452,-0.569199999999981,0.923114444444454,0.1940788888888895,0.9213622222222326,0.0345632240740739,0.0001420444444444,,0.3923828982988619,0.4,49258
0.52,ascending,1.0,0.15,20,30,<23>par,1021,1.0,-2.1468119583333327,0.2711961666666667,0.9224144444444544,0.1944422222222226,-0.5696077777777607,0.9230977777777865,0.1937244444444442,0.9205000000000116,0.0341333999999998,0.0001361648148148,,0.3923475560927844,0.4,48698
0.52,ascending,1.0,0.15,20,30,<23>par,1021,1.01,-2.149982375,0.2736627887788778,0.9219244444444572,0.1944733333333345,-0.5687744444444257,0.9215611111111228,0.1937766666666676,0.919812222222236,0.0343642759259258,0.0001459222222222,,0.3919313545767593,0.4,49640
0.52,ascending,1.0,0.15,20,30,<23>par,1021,1.02,-2.1533975,0.2770957516339868,0.919015555555568,0.1943066666666675,-0.5673877777777598,0.9195100000000108,0.1936922222222223,0.9171244444444572,0.0341799574074072,0.0001567037037037,,0.3908598956725426,0.4,50006
0.52,ascending,1.0,0.15,20,30,<23>par,1021,1.1,-2.1755238333333327,0.2993687121212121,0.905097777777793,0.1936677777777786,-0.5632033333333122,0.9049533333333482,0.1926411111111116,0.9025655555555732,0.0327686444444442,0.0001828796296296,,0.3864289152366247,0.4,50426
0.52,ascending,1.0,0.15,20,30,<23>par,1021,1.2,-2.2040484166666663,0.3273090277777777,0.8894488888889027,0.1922333333333333,-0.5548766666666429,0.8891233333333469,0.1907822222222222,0.885146666666677,0.0320625499999998,0.0002216944444444,,0.3799460636262327,0.4,51660
0.52,ascending,1.0,0.15,20,30,<23>par,1022,0.05,-2.012732208333333,0.0143033333333333,0.99967777777777,0.1999911111111109,-0.5998222222221923,0.99967777777777,0.1999911111111109,0.99967777777777,0.0400036407407431,5.333333333333752e-07,,0.4187629079608233,0.4,40384
0.52,ascending,1.0,0.15,20,30,<23>par,1022,0.1,-2.013333208333333,0.027065,0.999094444444432,0.1999533333333331,-0.599668888888859,0.9990933333333208,0.1999533333333331,0.9990933333333208,0.0399340148148171,1.47407407407401e-06,,0.4185926952311876,0.4,40790
0.52,ascending,1.0,0.15,20,30,<23>par,1022,0.2,-2.0188813333333324,0.0531879166666666,0.9965544444444164,0.1997344444444443,-0.5986677777777485,0.9966499999999718,0.199741111111111,0.9965477777777496,0.039742909259261,5.896296296296381e-06,,0.4177363542724756,0.4,41734
0.52,ascending,1.0,0.15,20,30,<23>par,1022,0.3,-2.025074166666666,0.0796149999999999,0.9937677777777496,0.19959,-0.5975244444444148,0.9937766666666384,0.19959,0.9937711111110828,0.0395895018518533,9.844444444444529e-06,,0.4167967220199199,0.4,43268
0.52,ascending,1.0,0.15,20,30,<23>par,1022,0.4,-2.034541708333333,0.1057437499999999,0.9877266666666434,0.1991922222222225,-0.595309999999971,0.9876977777777544,0.1991611111111114,0.9877388888888654,0.0391108407407414,2.0688888888889268e-05,,0.4148275108674269,0.4,43638
0.52,ascending,1.0,0.15,20,30,<23>par,1022,0.5,-2.044827458333333,0.1330964999999999,0.981776666666648,0.1985811111111116,-0.5926155555555276,0.9818344444444256,0.198535555555556,0.9817199999999816,0.0387474537037039,3.1775925925925945e-05,,0.4126800924794042,0.4,44313
0.52,ascending,1.0,0.15,20,30,<23>par,1022,0.6,-2.059394249999998,0.1611436111111111,0.9728911111110984,0.1980577777777784,-0.5887211111110849,0.972712222222209,0.1979222222222229,0.9724099999999872,0.0382367611111111,4.820925925925938e-05,,0.4094852350897207,0.4,45370
0.52,ascending,1.0,0.15,20,30,<23>par,1022,0.7,-2.07752725,0.1876399999999999,0.9625977777777708,0.1973811111111119,-0.5848622222221982,0.9628444444444388,0.1972066666666675,0.9621377777777728,0.0374749148148147,6.393888888888899e-05,,0.4061047567529197,0.4,46442
0.52,ascending,1.0,0.15,20,30,<23>par,1022,0.8,-2.0964627916666663,0.2147236458333333,0.9506588888888896,0.1963711111111121,-0.5800533333333127,0.9509333333333364,0.1959444444444454,0.950081111111113,0.0365732555555554,8.404814814814915e-05,,0.4019811985306268,0.4,47576
0.52,ascending,1.0,0.15,20,30,<23>par,1022,0.86,-2.1121987499999992,0.2325521317829457,0.944601111111112,0.1958866666666678,-0.5778511111110909,0.9447433333333348,0.1955366666666673,0.9438188888888897,0.0360063092592591,9.918888888888962e-05,,0.3999148909395809,0.4,47976
0.52,ascending,1.0,0.15,20,30,<23>par,1022,0.87,-2.114246041666666,0.2334098659003831,0.942072222222226,0.1956511111111119,-0.5766011111110917,0.9420277777777784,0.1952544444444453,0.9411822222222224,0.0358998796296294,0.0001031981481481,,0.3989817669929726,0.4,48378
0.52,ascending,1.0,0.15,20,30,<23>par,1022,0.88,-2.114515708333333,0.2369198863636363,0.9416588888888948,0.1955933333333345,-0.5769966666666466,0.9415688888888954,0.195290000000001,0.9406666666666752,0.0356864814814813,9.924259259259336e-05,,0.3989761619166205,0.4,48019
0.52,ascending,1.0,0.15,20,30,<23>par,1022,0.89,-2.11829975,0.2395124531835205,0.939445555555561,0.1955422222222234,-0.5760422222222024,0.9397722222222262,0.1951233333333345,0.9386788888888952,0.0356151611111109,0.0001053703703703,,0.3982041710710546,0.4,48069
0.52,ascending,1.0,0.15,20,30,<23>par,1022,0.9,-2.1208696666666658,0.2420313888888889,0.9379011111111176,0.1954844444444455,-0.5749377777777592,0.9377111111111182,0.1951066666666678,0.9366766666666746,0.0356454407407405,0.0001083666666666,,0.3975004031090753,0.4,48440
0.52,ascending,1.0,0.15,20,30,<23>par,1022,0.91,-2.1231868333333326,0.2458472527472527,0.937333333333338,0.1956933333333343,-0.574368888888871,0.9370866666666708,0.195281111111112,0.9360522222222262,0.0358494555555555,0.000112474074074,,0.3971308227483212,0.4,48582
0.52,ascending,1.0,0.15,20,30,<23>par,1022,0.92,-2.1249778749999995,0.2475166666666666,0.9361455555555618,0.1955633333333344,-0.5742777777777589,0.9364233333333396,0.1951244444444454,0.9350033333333414,0.0356017833333331,0.0001149666666666,,0.396893853901958,0.4,48349
0.52,ascending,1.0,0.15,20,30,<23>par,1022,0.93,-2.1276207499999997,0.2513600358422939,0.934413333333339,0.1955411111111124,-0.573404444444426,0.9345555555555618,0.1949777777777792,0.9333544444444511,0.0355420703703702,0.000112787037037,,0.3963171918912334,0.4,48740
0.52,ascending,1.0,0.15,20,30,<23>par,1022,0.9351,-2.129231041666666,0.2532115103553986,0.9345888888888962,0.1949966666666679,-0.5733677777777584,0.93424444444445,0.194520000000001,0.9329644444444508,0.0353874407407406,0.000121774074074,,0.3961359101687598,0.4,48421
0.52,ascending,1.0,0.15,20,30,<23>par,1022,0.94,-2.128465666666666,0.2540879432624113,0.9324277777777872,0.195122222222223,-0.5732999999999815,0.932803333333341,0.1945777777777785,0.9307555555555662,0.0350013722222221,0.0001249222222222,,0.3956355144212163,0.4,48780
0.52,ascending,1.0,0.15,20,30,<23>par,1022,0.95,-2.132637666666666,0.256718947368421,0.9310833333333414,0.1950822222222234,-0.5724855555555369,0.9307911111111166,0.1946600000000011,0.9292655555555616,0.0350279851851851,0.0001165333333333,,0.3951407745511144,0.4,48620
0.52,ascending,1.0,0.15,20,30,<23>par,1022,0.96,-2.133670125,0.2587408854166667,0.9294444444444532,0.1948866666666678,-0.5713711111110925,0.9294233333333418,0.1944000000000014,0.9277000000000089,0.0351380722222221,0.0001261888888888,,0.3943495730178714,0.4,48744
0.52,ascending,1.0,0.15,20,30,<23>par,1022,0.97,-2.138712375,0.2615370274914089,0.9283388888888974,0.1950566666666675,-0.5711833333333161,0.9282644444444528,0.1944088888888901,0.9265100000000096,0.0349381037037035,0.0001325037037037,,0.3941588595817589,0.4,48937
0.52,ascending,1.0,0.15,20,30,<23>par,1022,0.98,-2.140810333333332,0.2639061224489796,0.9272588888888932,0.1948000000000006,-0.5714544444444264,0.9274288888888936,0.1944288888888899,0.9256288888888946,0.0345391148148146,0.0001301222222222,,0.3940447403962302,0.4,49025
0.52,ascending,1.0,0.15,20,30,<23>par,1022,0.99,-2.1424157916666657,0.2666230639730639,0.9257844444444526,0.1947255555555564,-0.5700799999999805,0.9264544444444546,0.1942466666666677,0.9242222222222318,0.0347588240740739,0.0001338462962962,,0.3933239084710944,0.4,48974
0.52,ascending,1.0,0.15,20,30,<23>par,1022,1.0,-2.145901624999999,0.2703275833333333,0.9247477777777884,0.1945488888888893,-0.5695722222222032,0.9248000000000096,0.1940466666666673,0.9225522222222328,0.034541433333333,0.000142237037037,,0.3928109283530503,0.4,49229
0.52,ascending,1.0,0.15,20,30,<23>par,1022,1.01,-2.1484003333333326,0.2733245874587459,0.920264444444456,0.1944933333333344,-0.5674111111110927,0.9197688888888976,0.1937466666666677,0.9179022222222356,0.0344070629629629,0.0001513666666666,,0.3911016402896245,0.4,48798
0.52,ascending,1.0,0.15,20,30,<23>par,1022,1.02,-2.151208291666667,0.2757331699346405,0.919808888888901,0.1944411111111119,-0.5674799999999802,0.9192866666666778,0.1938555555555559,0.917355555555568,0.0342843851851851,0.0001490611111111,,0.3909586589143791,0.4,49252
0.52,ascending,1.0,0.15,20,30,<23>par,1022,1.1,-2.174540333333333,0.2985409090909091,0.9048300000000156,0.1933688888888881,-0.5618622222222035,0.9045877777777944,0.1924311111111106,0.901892222222236,0.0330508018518516,0.0001762962962962,,0.3858560280633863,0.4,50379
0.52,ascending,1.0,0.15,20,30,<23>par,1022,1.2,-2.2060823333333324,0.3271677777777778,0.8868555555555687,0.1920733333333331,-0.5557477777777553,0.8873822222222355,0.1907888888888886,0.8828544444444509,0.0311766037037035,0.0002166481481481,,0.379793052644372,0.4,51446
0.52,ascending,1.0,0.15,20,30,<23>par,1023,0.05,-2.0113594166666657,0.0133366666666666,0.999827777777774,0.1999766666666665,-0.5999255555555255,0.999827777777774,0.1999766666666665,0.999827777777774,0.0399862796296321,2.8333333333331975e-07,,0.4188243118983988,0.4,40784
0.52,ascending,1.0,0.15,20,30,<23>par,1023,0.1,-2.0143180416666664,0.0263608333333333,0.9990411111110892,0.1999544444444442,-0.599758888888859,0.9990411111110892,0.1999544444444442,0.9990411111110892,0.0398929870370393,1.6148148148147732e-06,,0.4186076408785605,0.4,40946
0.52,ascending,1.0,0.15,20,30,<23>par,1023,0.2,-2.0173647916666666,0.0526049999999999,0.9974533333333084,0.1998066666666665,-0.5988444444444154,0.9974555555555306,0.1998122222222221,0.9974544444444196,0.039881425925928,4.374074074074058e-06,,0.4179819897087399,0.4,41985
0.52,ascending,1.0,0.15,20,30,<23>par,1023,0.3,-2.023825208333333,0.0799844444444444,0.9933877777777484,0.1995766666666666,-0.5974199999999712,0.993391111111082,0.1995644444444444,0.9933944444444154,0.0395494555555568,1.1211111111111248e-05,,0.4166860897108861,0.4,42662
0.52,ascending,1.0,0.15,20,30,<23>par,1023,0.4,-2.033196083333333,0.1062370833333333,0.9881122222221956,0.199208888888889,-0.5951133333333036,0.9881622222221964,0.1992033333333335,0.9880755555555304,0.0392646333333338,1.999814814814853e-05,,0.4148417390372417,0.4,43916
0.52,ascending,1.0,0.15,20,30,<23>par,1023,0.5,-2.0447653333333324,0.13318,0.9816044444444276,0.1987588888888893,-0.5928444444444162,0.9816999999999828,0.1987488888888893,0.9814911111110932,0.0386934851851854,3.222222222222288e-05,,0.4127387855368613,0.4,44465
0.52,ascending,1.0,0.15,20,30,<23>par,1023,0.6,-2.0600828749999995,0.1600898611111111,0.9738344444444303,0.1980811111111118,-0.5889488888888628,0.9738577777777628,0.1979800000000006,0.973639999999986,0.0384081777777778,4.3731481481481535e-05,,0.4098145114989237,0.4,45410
0.52,ascending,1.0,0.15,20,30,<23>par,1023,0.7,-2.077229875,0.1874511904761905,0.9628644444444386,0.1974188888888896,-0.5848688888888646,0.9626577777777726,0.1971911111111119,0.9621566666666616,0.0375033037037036,6.732407407407483e-05,,0.4061118619988753,0.4,46497
0.52,ascending,1.0,0.15,20,30,<23>par,1023,0.8,-2.096381041666666,0.2147067708333332,0.9517822222222254,0.1963444444444456,-0.5806844444444237,0.951494444444448,0.1961944444444458,0.9510322222222248,0.0365613499999998,8.806666666666779e-05,,0.4023283408370773,0.4,47448
0.52,ascending,1.0,0.15,20,30,<23>par,1023,0.86,-2.111207708333333,0.2309475775193798,0.9429077777777832,0.1958255555555568,-0.5775255555555358,0.94290444444445,0.1955844444444456,0.9417822222222296,0.035784148148148,0.0001044629629629,,0.3993694166800543,0.4,48213
0.52,ascending,1.0,0.15,20,30,<23>par,1023,0.87,-2.1139538333333325,0.2337664750957854,0.9421488888888928,0.1958455555555566,-0.5771799999999806,0.941924444444447,0.1954066666666679,0.9407388888888922,0.0356658037037035,0.0001051037037037,,0.3991130913766568,0.4,47910
0.52,ascending,1.0,0.15,20,30,<23>par,1023,0.88,-2.1156309166666656,0.2370504734848484,0.9412844444444484,0.1956244444444452,-0.5764155555555366,0.9406922222222264,0.1953077777777789,0.9396977777777809,0.0357168425925923,0.0001074962962962,,0.3985671384137276,0.4,47772
0.52,ascending,1.0,0.15,20,30,<23>par,1023,0.89,-2.1178881666666665,0.2407230337078651,0.9409166666666724,0.1957255555555568,-0.5757422222222036,0.9400955555555588,0.1953688888888896,0.9394033333333356,0.0359269074074073,0.0001089796296296,,0.3983346228330384,0.4,48422
0.52,ascending,1.0,0.15,20,30,<23>par,1023,0.9,-2.120128666666666,0.2425537037037037,0.9394044444444491,0.1958144444444451,-0.5761899999999814,0.9394000000000028,0.1954300000000006,0.9382822222222243,0.0355056296296295,0.0001091148148148,,0.398237897895802,0.4,48091
0.52,ascending,1.0,0.15,20,30,<23>par,1023,0.91,-2.1217705416666663,0.2452787545787545,0.93742777777778,0.195770000000001,-0.5753655555555368,0.9377611111111126,0.1954466666666675,0.9365766666666704,0.0355316166666665,0.0001100888888888,,0.3976546381649095,0.4,48265
0.52,ascending,1.0,0.15,20,30,<23>par,1023,0.92,-2.1248217499999997,0.2498605072463768,0.9345522222222292,0.195423333333334,-0.5738499999999818,0.9342655555555628,0.1949944444444453,0.9330822222222296,0.0353046907407406,0.000112287037037,,0.3964367184535963,0.4,48509
0.52,ascending,1.0,0.15,20,30,<23>par,1023,0.93,-2.1286086666666657,0.2504742831541218,0.933367777777782,0.1954255555555566,-0.5728544444444266,0.93314555555556,0.1950100000000009,0.9318311111111148,0.0354905499999998,0.0001224833333333,,0.3957998644776437,0.4,48646
0.52,ascending,1.0,0.15,20,30,<23>par,1023,0.9351,-2.129496041666666,0.252697928920258,0.931687777777786,0.1950477777777786,-0.5719877777777591,0.931703333333342,0.194654444444445,0.9303022222222296,0.0353597537037035,0.000119624074074,,0.3951962000411291,0.4,49086
0.52,ascending,1.0,0.15,20,30,<23>par,1023,0.94,-2.1296047916666665,0.2538976063829787,0.9298411111111186,0.1951222222222225,-0.5723333333333154,0.929966666666676,0.1946811111111115,0.9279477777777888,0.0347854148148146,0.0001239518518518,,0.394810806215396,0.4,48265
0.52,ascending,1.0,0.15,20,30,<23>par,1023,0.95,-2.1330739166666657,0.2565555263157895,0.9303300000000078,0.1951200000000005,-0.5719122222222047,0.9299111111111196,0.194526666666667,0.9288222222222324,0.0350689629629628,0.0001280259259259,,0.3948688694625789,0.4,48914
0.52,ascending,1.0,0.15,20,30,<23>par,1023,0.96,-2.1362197916666656,0.2596368055555555,0.9290488888888948,0.1949022222222232,-0.5722833333333154,0.9289022222222284,0.1944277777777787,0.9272400000000078,0.0346369962962962,0.0001345629629629,,0.3945761742874639,0.4,49171
0.52,ascending,1.0,0.15,20,30,<23>par,1023,0.97,-2.1381645,0.2621998281786941,0.927552222222232,0.1948544444444456,-0.570961111111093,0.9272822222222328,0.1944100000000009,0.9256955555555652,0.0347536888888887,0.000132737037037,,0.3938746725126268,0.4,49021
0.52,ascending,1.0,0.15,20,30,<23>par,1023,0.98,-2.1396714999999995,0.2648834183673469,0.9259488888888978,0.1947933333333343,-0.5706744444444265,0.9265077777777886,0.1941344444444453,0.9245322222222336,0.0345647981481479,0.0001307833333333,,0.3935382712357407,0.4,48775
0.52,ascending,1.0,0.15,20,30,<23>par,1023,0.99,-2.142530625,0.2670824915824915,0.9281988888888972,0.1950100000000004,-0.5708866666666494,0.9277944444444512,0.1944944444444443,0.9263833333333416,0.0349915796296295,0.0001232888888888,,0.3940738514777176,0.4,49442
0.52,ascending,1.0,0.15,20,30,<23>par,1023,1.0,-2.1458021250000003,0.2696229166666666,0.9254077777777864,0.194777777777779,-0.569834444444425,0.925624444444456,0.1941288888888903,0.9239700000000104,0.0348502814814813,0.0001376259259259,,0.3931250922244324,0.4,49378
0.52,ascending,1.0,0.15,20,30,<23>par,1023,1.01,-2.1480533749999995,0.2726121287128713,0.9224911111111224,0.1944144444444454,-0.568667777777759,0.922142222222233,0.1938077777777786,0.920214444444456,0.0344372888888887,0.00014175,,0.3919427684499607,0.4,49264
0.52,ascending,1.0,0.15,20,30,<23>par,1023,1.02,-2.152087583333333,0.2761333333333333,0.9197255555555682,0.1940433333333348,-0.5676177777777577,0.9199933333333468,0.1934055555555563,0.9177166666666818,0.0342341444444442,0.0001519944444444,,0.3910538136626415,0.4,48963
0.52,ascending,1.0,0.15,20,30,<23>par,1023,1.1,-2.1738801666666663,0.2991257575757575,0.907381111111128,0.1936177777777789,-0.5627688888888674,0.9074966666666836,0.1924044444444449,0.904574444444462,0.0331531685185183,0.0001704851851851,,0.3867990049956923,0.4,49744
0.52,ascending,1.0,0.15,20,30,<23>par,1023,1.2,-2.205772333333333,0.3264709722222222,0.8905988888889076,0.1922533333333341,-0.5553222222221974,0.8908511111111246,0.1909155555555561,0.8872922222222341,0.0321442999999999,0.0002055055555555,,0.3805423291220888,0.4,51069
0.52,ascending,1.0,0.15,20,30,<3>par,1024,0.05,-2.008176708333333,0.0134199999999999,0.999754444444437,0.3332922222222368,-0.3332922222222368,0.999754444444437,0.3332922222222368,0.999754444444437,4.092592592592581e-07,0.4443492981481388,,4.092592592592567e-07,0.3333333333333332,40913
0.52,ascending,1.0,0.15,20,30,<3>par,1024,0.1,-2.0091263333333336,0.0273191666666666,0.9992111111110956,0.3332811111111257,-0.3332811111111257,0.9992111111110956,0.3332811111111257,0.9992111111110956,1.2148148148148096e-06,0.4441655851851847,,1.2770704333124878e-06,0.3333333333333333,41361
0.52,ascending,1.0,0.15,20,30,<3>par,1024,0.2,-2.013187791666666,0.0564470833333333,0.9967911111110812,0.3329955555555703,-0.332992222222237,0.996786666666637,0.3329933333333481,0.9967988888888594,5.45925925925926e-06,0.4432659796296371,,5.34972981845602e-06,0.3333333333333332,41551
0.52,ascending,1.0,0.15,20,30,<3>par,1024,0.3,-2.019508291666666,0.0832936111111111,0.9924388888888612,0.3325644444444595,-0.3325688888889039,0.9924211111110832,0.3325577777777929,0.9924411111110832,1.2257407407407968e-05,0.4416749870370445,,1.2592288743240798e-05,0.3333333333333332,42704
0.52,ascending,1.0,0.15,20,30,<3>par,1024,0.4,-2.0298760416666664,0.1114097916666666,0.986264444444421,0.331865555555571,-0.3318388888889044,0.9861766666666436,0.3318255555555711,0.9861555555555328,2.5968518518519428e-05,0.4393489351851854,,2.3369301146491007e-05,0.3333333333333332,43887
0.52,ascending,1.0,0.15,20,30,<3>par,1024,0.5,-2.041473041666665,0.1393058333333333,0.9792266666666484,0.3310966666666822,-0.3310888888889045,0.9793344444444254,0.3310422222222378,0.979106666666648,3.87685185185192e-05,0.4367504388888886,,3.473662068196538e-05,0.3333333333333332,45007
0.52,ascending,1.0,0.15,20,30,<3>par,1024,0.6,-2.056821541666666,0.1679231944444444,0.9697977777777658,0.3300811111111271,-0.3299977777777939,0.9698666666666556,0.3300166666666826,0.9696711111111004,5.03518518518524e-05,0.4332240203703684,,4.954893077612044e-05,0.3333333333333332,45426
0.52,ascending,1.0,0.15,20,30,<3>par,1024,0.7,-2.074763624999999,0.1955404761904761,0.959164444444442,0.3288900000000166,-0.3288644444444609,0.9588666666666644,0.3287055555555722,0.9582988888888866,7.273703703703734e-05,0.4290715499999994,,7.38692258629835e-05,0.3333333333333332,46295
0.52,ascending,1.0,0.15,20,30,<3>par,1024,0.8,-2.09680375,0.2243290624999999,0.9462200000000018,0.3272955555555726,-0.3273344444444614,0.9463677777777798,0.3268844444444618,0.9451177777777792,9.014259259259247e-05,0.4241399240740731,,9.705955735746292e-05,0.3333333333333332,47517
0.52,ascending,1.0,0.15,20,30,<3>par,1024,0.86,-2.1092228333333334,0.2417760658914728,0.9387244444444502,0.3260522222222394,-0.3259900000000172,0.9385566666666708,0.3256544444444618,0.9373444444444488,0.0001137537037037,0.4210670203703707,,0.0001134536417987,0.3333333333333332,48031
0.52,ascending,1.0,0.15,20,30,<3>par,1024,0.87,-2.1126434166666663,0.2447414750957854,0.9368633333333352,0.3261500000000172,-0.3260422222222396,0.9366633333333372,0.3257344444444618,0.9353488888888948,0.0001106574074074,0.420384737037037,,0.0001146247261038,0.3333333333333332,48422
0.52,ascending,1.0,0.15,20,30,<3>par,1024,0.88,-2.1151044999999997,0.2474558712121211,0.9356988888888949,0.3264122222222395,-0.3259766666666842,0.9353966666666728,0.3259188888889064,0.9345922222222278,0.0001236759259259,0.4201174722222222,,0.0001128889146088,0.3333333333333332,48017
0.52,ascending,1.0,0.15,20,30,<3>par,1024,0.89,-2.1177254583333327,0.2497305243445692,0.9352955555555588,0.3256388888889064,-0.3253477777777953,0.9348022222222284,0.3250488888889062,0.9337788888888934,0.0001199851851851,0.4196910166666666,,0.0001155563346291,0.3333333333333332,48316
0.52,ascending,1.0,0.15,20,30,<3>par,1024,0.9,-2.1191448333333325,0.2532762962962963,0.9310766666666752,0.3255211111111284,-0.3253588888889061,0.9314611111111184,0.3250000000000171,0.9293922222222292,0.0001206018518518,0.4182181370370384,,0.0001244327814679,0.3333333333333332,47850
0.52,ascending,1.0,0.15,20,30,<3>par,1024,0.91,-2.121373375,0.2554517399267399,0.9300444444444536,0.3252133333333509,-0.324835555555573,0.9292433333333412,0.3245755555555729,0.9281022222222332,0.0001223388888888,0.4176972018518528,,0.0001290454260434,0.3333333333333332,48388
0.52,ascending,1.0,0.15,20,30,<3>par,1024,0.92,-2.1248969166666667,0.2583167572463767,0.9285022222222302,0.3254355555555731,-0.3250722222222393,0.928267777777788,0.3249022222222393,0.9264977777777867,0.0001340277777777,0.4171485611111111,,0.0001347277446285,0.3333333333333332,48439
0.52,ascending,1.0,0.15,20,30,<3>par,1024,0.93,-2.1270380416666663,0.261496146953405,0.9262288888888972,0.3249500000000173,-0.3246100000000176,0.92608222222223,0.3244566666666839,0.9243577777777872,0.000133837037037,0.4163266148148149,,0.0001297282464117,0.3333333333333332,48418
0.52,ascending,1.0,0.15,20,30,<3>par,1024,0.9351,-2.1296650416666663,0.2625986525505293,0.926342222222232,0.3248966666666845,-0.3245911111111286,0.9266788888889004,0.324343333333351,0.9245111111111224,0.0001382092592592,0.4162982740740748,,0.0001382896074151,0.3333333333333332,48875
0.52,ascending,1.0,0.15,20,30,<3>par,1024,0.94,-2.130333916666666,0.2649600177304964,0.9276244444444528,0.3250122222222396,-0.3248111111111285,0.9280988888888986,0.3244277777777953,0.9257944444444556,0.0001342759259259,0.416803557407407,,0.0001298218666125,0.3333333333333332,48858
0.52,ascending,1.0,0.15,20,30,<3>par,1024,0.95,-2.1324809583333333,0.2678668421052632,0.9233888888888993,0.3246688888889067,-0.3244111111111288,0.923584444444455,0.3241111111111285,0.9214366666666788,0.0001417407407407,0.4152202574074073,,0.0001399891847903,0.3333333333333332,48713
0.52,ascending,1.0,0.15,20,30,<3>par,1024,0.96,-2.1345169999999998,0.2705836805555555,0.9217766666666778,0.3247922222222401,-0.3244755555555731,0.9222444444444542,0.3240733333333511,0.919323333333345,0.0001529222222222,0.4146086111111118,,0.0001514661344495,0.3333333333333332,49245
0.52,ascending,1.0,0.15,20,30,<3>par,1024,0.97,-2.139332416666666,0.2731295532646047,0.9224866666666764,0.3241733333333508,-0.3236933333333505,0.9218355555555662,0.323368888888906,0.9201366666666774,0.0001601555555555,0.4145800777777779,,0.0001457679313071,0.3333333333333332,49048
0.52,ascending,1.0,0.15,20,30,<3>par,1024,0.98,-2.1417118749999995,0.2763387755102041,0.9210733333333444,0.3239388888889059,-0.3236644444444616,0.9207755555555674,0.3231877777777945,0.9186200000000128,0.0001419814814814,0.4140906018518525,,0.0001453829117456,0.3333333333333332,48923
0.52,ascending,1.0,0.15,20,30,<3>par,1024,0.99,-2.1420706666666662,0.27917601010101,0.9160388888889012,0.3235911111111286,-0.3234155555555729,0.9163377777777906,0.3226700000000169,0.9134366666666832,0.0001377814814814,0.4122378314814815,,0.000162887859282,0.3333333333333332,49667
0.52,ascending,1.0,0.15,20,30,<3>par,1024,1.0,-2.146085333333333,0.28181475,0.9141544444444594,0.3237755555555727,-0.323306666666684,0.913722222222237,0.3226233333333502,0.9113944444444604,0.0001576111111111,0.4115467018518526,,0.0001601861082355,0.3333333333333332,49463
0.52,ascending,1.0,0.15,20,30,<3>par,1024,1.01,-2.149774958333333,0.285002310231023,0.9141377777777892,0.3236688888889062,-0.3231066666666843,0.914735555555568,0.3227166666666839,0.9117133333333468,0.0001514999999999,0.4115892185185199,,0.000158014869809,0.3333333333333332,49688
0.52,ascending,1.0,0.15,20,30,<3>par,1024,1.02,-2.153093124999999,0.2878911764705882,0.9116955555555704,0.3231811111111287,-0.3227233333333505,0.9114855555555716,0.3222288888889061,0.9091800000000172,0.0001500314814814,0.4105868759259262,,0.0001653147896134,0.3333333333333332,49597
0.52,ascending,1.0,0.15,20,30,<3>par,1024,1.1,-2.175480416666666,0.3109770454545454,0.8968422222222406,0.3216311111111273,-0.3207544444444604,0.8966355555555742,0.3202344444444597,0.8931022222222409,0.000192374074074,0.4045267629629627,,0.0001984458533822,0.3333333333333332,50325
0.52,ascending,1.0,0.15,20,30,<3>par,1024,1.2,-2.209402541666666,0.3397234722222222,0.8762922222222184,0.3191588888889027,-0.3181600000000128,0.8769011111111092,0.3174955555555675,0.870694444444437,0.0002269462962962,0.3960674814814819,,0.0002480791554425,0.3333333333333332,51336
0.52,ascending,1.0,0.15,20,30,<3>par,1025,0.05,-2.006667625,0.0136499999999999,0.999797777777775,0.333294444444459,-0.333294444444459,0.999797777777775,0.333294444444459,0.999797777777775,3.407407407407401e-07,0.4443644148148005,,3.34040677798613e-07,0.3333333333333333,40580
0.52,ascending,1.0,0.15,20,30,<3>par,1025,0.1,-2.00854575,0.0276916666666666,0.9992044444444308,0.3332400000000147,-0.3332400000000147,0.9992044444444308,0.3332400000000147,0.9992044444444308,1.270370370370364e-06,0.4441495277777691,,1.332999370578701e-06,0.3333333333333333,40929
0.52,ascending,1.0,0.15,20,30,<3>par,1025,0.2,-2.0106444166666657,0.0551679166666666,0.9966077777777492,0.3330022222222371,-0.3330011111111259,0.9966099999999716,0.3330000000000148,0.996605555555527,5.305555555555542e-06,0.4432072574074125,,5.916897429254611e-06,0.3333333333333332,41776
0.52,ascending,1.0,0.15,20,30,<3>par,1025,0.3,-2.0190175833333326,0.0841355555555555,0.9919255555555256,0.3325422222222374,-0.3325344444444596,0.99192999999997,0.3325255555555707,0.991883333333304,1.4690740740741355e-05,0.4414859314814878,,1.3347401384726828e-05,0.3333333333333332,43016
0.52,ascending,1.0,0.15,20,30,<3>par,1025,0.4,-2.029366,0.1103247916666666,0.9874188888888632,0.3319722222222375,-0.3319177777777931,0.9875188888888624,0.3319577777777931,0.9874066666666412,2.0927777777778724e-05,0.4398001351851854,,2.0823861922592632e-05,0.3333333333333332,43753
0.52,ascending,1.0,0.15,20,30,<3>par,1025,0.5,-2.041976541666666,0.1396763333333333,0.980073333333314,0.3308688888889047,-0.3308555555555714,0.9801477777777592,0.3308433333333492,0.9799944444444256,3.523888888888971e-05,0.4369742296296297,,3.3259287175918965e-05,0.3333333333333332,44366
0.52,ascending,1.0,0.15,20,30,<3>par,1025,0.6,-2.0560742916666666,0.1668483333333333,0.9689522222222108,0.330011111111127,-0.3300222222222381,0.9689144444444332,0.3299366666666826,0.9686822222222108,5.581296296296325e-05,0.4328946611111103,,5.2505250348541634e-05,0.3333333333333332,45205
0.52,ascending,1.0,0.15,20,30,<3>par,1025,0.7,-2.076113041666666,0.1955183333333333,0.9586855555555522,0.3285777777777944,-0.3284988888889056,0.9590766666666644,0.3283588888889056,0.9580899999999976,7.10129629629631e-05,0.4288996740740747,,7.332594453703236e-05,0.3333333333333332,46111
0.52,ascending,1.0,0.15,20,30,<3>par,1025,0.8,-2.0960258749999987,0.2258227083333333,0.9458988888888934,0.3273144444444615,-0.3271355555555728,0.9455522222222268,0.3270822222222393,0.9447722222222256,0.0001042166666666,0.4240145074074078,,9.86733494761639e-05,0.3333333333333332,47243
0.52,ascending,1.0,0.15,20,30,<3>par,1025,0.86,-2.109823625,0.2402798449612402,0.9371755555555598,0.3261322222222394,-0.3259366666666838,0.9372933333333374,0.3258366666666838,0.9358600000000052,0.0001127296296296,0.4206779481481494,,0.0001087367605857,0.3333333333333332,47694
0.52,ascending,1.0,0.15,20,30,<3>par,1025,0.87,-2.1111732083333323,0.2440728927203065,0.9358211111111152,0.3261200000000175,-0.3258444444444619,0.935922222222226,0.3256266666666842,0.9344733333333398,0.000114137037037,0.4201689314814815,,0.000116819836277,0.3333333333333332,48066
0.52,ascending,1.0,0.15,20,30,<3>par,1025,0.88,-2.114574375,0.2484473484848484,0.93546444444445,0.3259211111111282,-0.3256211111111285,0.935037777777782,0.3253333333333507,0.9336033333333372,0.0001124629629629,0.4196757111111113,,0.0001181891081491,0.3333333333333332,48427
0.52,ascending,1.0,0.15,20,30,<3>par,1025,0.89,-2.117374333333333,0.2501189138576778,0.9325322222222252,0.3256688888889064,-0.3254555555555732,0.9334877777777828,0.32525222222224,0.9311666666666744,0.0001252092592592,0.4189259351851844,,0.0001122741701654,0.3333333333333332,48445
0.52,ascending,1.0,0.15,20,30,<3>par,1025,0.9,-2.119729958333333,0.2526702777777778,0.9315744444444526,0.3257422222222393,-0.3255188888889059,0.9314455555555644,0.3251277777777953,0.929808888888898,0.0001210277777777,0.4184054907407413,,0.0001416368256022,0.3333333333333332,48688
0.52,ascending,1.0,0.15,20,30,<3>par,1025,0.91,-2.120775208333333,0.2556608058608058,0.9290611111111182,0.3254255555555727,-0.3252922222222398,0.9295566666666744,0.3249855555555729,0.9274255555555628,0.0001262574074074,0.4175220870370362,,0.0001355740800233,0.3333333333333332,48454
0.52,ascending,1.0,0.15,20,30,<3>par,1025,0.92,-2.125549583333333,0.2586638586956521,0.9270477777777876,0.324967777777795,-0.3247411111111284,0.926863333333343,0.3244444444444616,0.9251711111111208,0.0001336388888888,0.4166161944444455,,0.0001346556672221,0.3333333333333332,49056
0.52,ascending,1.0,0.15,20,30,<3>par,1025,0.93,-2.1280640416666667,0.2610585125448028,0.9257811111111196,0.3249366666666839,-0.3246355555555729,0.9264566666666731,0.3244877777777949,0.9235822222222284,0.000134524074074,0.4161205037037033,,0.0001341170449604,0.3333333333333332,48313
0.52,ascending,1.0,0.15,20,30,<3>par,1025,0.9351,-2.12921175,0.2632018857163226,0.9267344444444506,0.3253811111111284,-0.3250544444444617,0.9270711111111186,0.3244911111111284,0.9251433333333432,0.000130437037037,0.4167073611111099,,0.0001206160877237,0.3333333333333332,48687
0.52,ascending,1.0,0.15,20,30,<3>par,1025,0.94,-2.129612208333333,0.2638580673758865,0.9258544444444562,0.325304444444462,-0.3248755555555728,0.925766666666677,0.3247222222222399,0.9233722222222364,0.0001400962962962,0.4161504574074068,,0.0001368907544397,0.3333333333333332,48498
0.52,ascending,1.0,0.15,20,30,<3>par,1025,0.95,-2.131610208333333,0.2675801754385964,0.923114444444456,0.3247911111111289,-0.324234444444462,0.923003333333344,0.3240088888889065,0.9205122222222332,0.0001388944444444,0.4149367203703714,,0.0001455419162006,0.3333333333333332,49150
0.52,ascending,1.0,0.15,20,30,<3>par,1025,0.96,-2.1347634583333326,0.2697264756944444,0.92288000000001,0.3244644444444617,-0.324197777777795,0.9234133333333432,0.3236000000000174,0.9208744444444564,0.0001285037037037,0.4150209629629641,,0.0001446960009134,0.3333333333333332,48948
0.52,ascending,1.0,0.15,20,30,<3>par,1025,0.97,-2.139024666666666,0.2729944158075601,0.9203600000000124,0.3241955555555729,-0.3238366666666842,0.9207500000000104,0.3235433333333505,0.9188066666666816,0.0001376425925925,0.4141640092592595,,0.000140548350994,0.3333333333333332,49240
0.52,ascending,1.0,0.15,20,30,<3>par,1025,0.98,-2.141237708333333,0.2757291666666667,0.9186800000000132,0.3241766666666839,-0.3237411111111287,0.9190255555555694,0.3235011111111286,0.916358888888902,0.0001460055555555,0.4133611444444436,,0.0001454533812432,0.3333333333333332,49029
0.52,ascending,1.0,0.15,20,30,<3>par,1025,0.99,-2.1415943333333334,0.2795427609427608,0.916330000000014,0.3236088888889066,-0.323248888888906,0.9162688888889028,0.3226811111111282,0.9139877777777916,0.0001494296296296,0.4123055037037037,,0.0001495009504484,0.3333333333333332,48856
0.52,ascending,1.0,0.15,20,30,<3>par,1025,1.0,-2.146547291666667,0.28186825,0.9143033333333486,0.3235244444444615,-0.3233066666666837,0.9146333333333478,0.3226777777777945,0.9116655555555696,0.0001506148148148,0.4115717388888892,,0.0001512857441593,0.3333333333333332,49292
0.52,ascending,1.0,0.15,20,30,<3>par,1025,1.01,-2.150359999999999,0.2851491749174917,0.9125644444444602,0.3233766666666844,-0.3228466666666844,0.9131622222222372,0.3221344444444621,0.9102455555555716,0.0001676888888888,0.4109343648148159,,0.0001591324904785,0.3333333333333332,49187
0.52,ascending,1.0,0.15,20,30,<3>par,1025,1.02,-2.151805833333333,0.2887069444444444,0.9105755555555688,0.3233033333333499,-0.3228077777777947,0.911187777777792,0.3223244444444608,0.9075577777777925,0.0001633833333333,0.4100716203703696,,0.0001727361725353,0.3333333333333332,49748
0.52,ascending,1.0,0.15,20,30,<3>par,1025,1.1,-2.1760250416666667,0.3103565909090909,0.8989400000000167,0.3217622222222384,-0.321078888888905,0.8995377777777942,0.3201377777777926,0.8954788888889035,0.0001995074074074,0.4053479814814818,,0.0001909527608826,0.3333333333333332,50593
0.52,ascending,1.0,0.15,20,30,<3>par,1025,1.2,-2.209097874999999,0.3399053472222222,0.8794055555555619,0.3190122222222358,-0.3180277777777907,0.8787811111111171,0.3174933333333447,0.8742011111111125,0.0002509685185185,0.3971928685185183,,0.0002329874190833,0.3333333333333332,51091
0.52,ascending,1.0,0.15,20,30,<3>par,1026,0.05,-2.0063839583333327,0.0141949999999999,0.9994699999999948,0.3333055555555702,-0.3333055555555702,0.9994699999999948,0.3333055555555702,0.9994699999999948,8.537037037036998e-07,0.4442594222222074,,8.939040813564909e-07,0.3333333333333333,40848
0.52,ascending,1.0,0.15,20,30,<3>par,1026,0.1,-2.0076035833333328,0.0277824999999999,0.9991722222222084,0.3332577777777924,-0.3332588888889035,0.9991722222222084,0.3332588888889035,0.9991733333333196,1.3944444444444378e-06,0.4441451666666589,,1.4368306367036903e-06,0.3333333333333332,41339
0.52,ascending,1.0,0.15,20,30,<3>par,1026,0.2,-2.012166374999999,0.0558008333333333,0.9963733333333048,0.3330233333333481,-0.3330133333333481,0.996345555555527,0.3330244444444592,0.9963544444444156,6.027777777777855e-06,0.443130057407413,,5.945388302645889e-06,0.3333333333333332,41754
0.52,ascending,1.0,0.15,20,30,<3>par,1026,0.3,-2.0186606666666664,0.0831397222222222,0.9923599999999724,0.3324800000000151,-0.3324911111111263,0.9923199999999726,0.3324822222222374,0.9923277777777504,1.3800000000000656e-05,0.4416139296296358,,1.248305384623628e-05,0.3333333333333332,42564
0.52,ascending,1.0,0.15,20,30,<3>par,1026,0.4,-2.0289980833333328,0.1113216666666666,0.9864344444444194,0.3318222222222377,-0.3318277777777932,0.9864255555555304,0.3318222222222378,0.9863788888888636,2.2331481481482305e-05,0.4394221240740751,,2.276453532771772e-05,0.3333333333333332,43898
0.52,ascending,1.0,0.15,20,30,<3>par,1026,0.5,-2.0402309999999995,0.1396936666666666,0.979472222222204,0.33120444444446,-0.3311611111111268,0.9793255555555376,0.3311377777777934,0.9791944444444268,3.845370370370441e-05,0.4368222259259257,,3.5610234588525525e-05,0.3333333333333332,44723
0.52,ascending,1.0,0.15,20,30,<3>par,1026,0.6,-2.0568096666666658,0.1679106944444444,0.969517777777766,0.3299844444444605,-0.3299133333333495,0.9696011111110988,0.3298622222222383,0.9690733333333216,5.046851851851893e-05,0.433072405555555,,5.311709452403447e-05,0.3333333333333332,45560
0.52,ascending,1.0,0.15,20,30,<3>par,1026,0.7,-2.074725708333333,0.1959669047619047,0.9577811111111052,0.328992222222239,-0.3288700000000168,0.957627777777772,0.328692222222239,0.9569388888888832,7.087962962962965e-05,0.4286013962962953,,7.442803154495821e-05,0.3333333333333332,46595
0.52,ascending,1.0,0.15,20,30,<3>par,1026,0.8,-2.095090583333332,0.2250073958333333,0.9462044444444452,0.3273966666666839,-0.327227777777795,0.9455788888888914,0.327036666666684,0.9450022222222254,9.689444444444424e-05,0.4240902111111111,,9.61531124193631e-05,0.3333333333333332,47210
0.52,ascending,1.0,0.15,20,30,<3>par,1026,0.86,-2.11050475,0.241285949612403,0.937363333333338,0.3264777777777952,-0.3263466666666841,0.937513333333341,0.326225555555573,0.9358233333333416,0.0001164592592592,0.420724088888889,,0.0001097908841989,0.3333333333333332,47946
0.52,ascending,1.0,0.15,20,30,<3>par,1026,0.87,-2.111986083333333,0.2451135057471264,0.9343211111111148,0.3263577777777949,-0.326146666666684,0.9341900000000024,0.3257700000000172,0.932426666666671,0.0001208722222222,0.4195646018518517,,0.0001237703306309,0.3333333333333332,47650
0.52,ascending,1.0,0.15,20,30,<3>par,1026,0.88,-2.1153576666666662,0.2475291666666666,0.934503333333339,0.3258633333333508,-0.3255511111111286,0.9345788888888964,0.325476666666684,0.9329900000000076,0.0001119722222222,0.4195284296296303,,0.0001166493643846,0.3333333333333332,48144
0.52,ascending,1.0,0.15,20,30,<3>par,1026,0.89,-2.1174634999999995,0.2500948501872659,0.9310233333333392,0.3256677777777949,-0.3254666666666837,0.9312500000000068,0.3253411111111284,0.92937333333334,0.0001250203703703,0.4181876425925921,,0.0001284025274047,0.3333333333333332,47980
0.52,ascending,1.0,0.15,20,30,<3>par,1026,0.9,-2.1198185833333323,0.2521332407407407,0.9325033333333412,0.3259444444444616,-0.3256411111111283,0.9324166666666748,0.325477777777795,0.9308644444444534,0.0001152055555555,0.4188093185185189,,0.0001292842210377,0.3333333333333332,48455
0.52,ascending,1.0,0.15,20,30,<3>par,1026,0.91,-2.121318583333333,0.2558466117216116,0.9285744444444506,0.3251433333333507,-0.3248366666666842,0.9277722222222272,0.3246700000000173,0.9264722222222282,0.0001233499999999,0.4171125444444445,,0.0001300623300629,0.3333333333333332,48448
0.52,ascending,1.0,0.15,20,30,<3>par,1026,0.92,-2.1233822916666667,0.2582429347826086,0.9275233333333404,0.3254611111111284,-0.3253222222222396,0.9274622222222292,0.3249022222222396,0.9253888888888966,0.0001360296296296,0.4167649000000001,,0.0001359640582272,0.3333333333333332,48365
0.52,ascending,1.0,0.15,20,30,<3>par,1026,0.93,-2.1272750416666666,0.2623695340501792,0.9251011111111196,0.325445555555573,-0.3251411111111287,0.9245633333333436,0.3247733333333509,0.9225277777777896,0.000146487037037,0.415839638888889,,0.0001420444742373,0.3333333333333332,48222
0.52,ascending,1.0,0.15,20,30,<3>par,1026,0.9351,-2.129441458333333,0.2633850212098527,0.9262955555555664,0.3250388888889063,-0.3248511111111288,0.9263211111111216,0.3245811111111288,0.924268888888899,0.0001342425925925,0.4163464592592598,,0.0001320000571909,0.3333333333333332,48847
0.52,ascending,1.0,0.15,20,30,<3>par,1026,0.94,-2.131294583333333,0.2652703900709219,0.9244133333333436,0.3250066666666839,-0.3246422222222396,0.9251633333333444,0.3241800000000172,0.9225633333333452,0.000140187037037,0.4157357148148149,,0.0001379238854457,0.3333333333333332,48611
0.52,ascending,1.0,0.15,20,30,<3>par,1026,0.95,-2.1330391250000003,0.2677765789473684,0.9239500000000084,0.3250111111111284,-0.3244977777777951,0.9245444444444528,0.3243011111111281,0.9221455555555628,0.0001345703703703,0.4154531962962957,,0.0001329811620568,0.3333333333333332,48891
0.52,ascending,1.0,0.15,20,30,<3>par,1026,0.96,-2.13566075,0.2703925347222222,0.9221966666666752,0.3246633333333509,-0.3243288888889061,0.9222055555555664,0.3239688888889062,0.9199022222222346,0.0001441981481481,0.4146580481481479,,0.0001449024866281,0.3333333333333332,48766
0.52,ascending,1.0,0.15,20,30,<3>par,1026,0.97,-2.1375481666666665,0.2735050687285223,0.9205111111111212,0.3241133333333507,-0.3237066666666839,0.9206533333333446,0.3234633333333501,0.9180555555555692,0.0001468851851851,0.4138859962962959,,0.0001463389433645,0.3333333333333332,48954
0.52,ascending,1.0,0.15,20,30,<3>par,1026,0.98,-2.141020666666666,0.2762444727891156,0.9188933333333456,0.324056666666684,-0.3237311111111283,0.9185511111111234,0.3232044444444617,0.916207777777792,0.0001419259259259,0.413325342592593,,0.0001442252637515,0.3333333333333332,49087
0.52,ascending,1.0,0.15,20,30,<3>par,1026,0.99,-2.1437383749999994,0.2788202020202019,0.9177088888889032,0.3238100000000169,-0.3233277777777952,0.9179000000000128,0.3230900000000175,0.9152166666666784,0.0001591333333333,0.412844188888888,,0.0001554673411824,0.3333333333333332,49269
0.52,ascending,1.0,0.15,20,30,<3>par,1026,1.0,-2.1462864999999995,0.2817559166666666,0.9147833333333476,0.3235900000000175,-0.3232300000000174,0.9145700000000154,0.322790000000017,0.9118200000000176,0.0001663833333333,0.4116904870370363,,0.0001524381084576,0.3333333333333332,49364
0.52,ascending,1.0,0.15,20,30,<3>par,1026,1.01,-2.1495094166666666,0.2841733498349835,0.9148555555555694,0.3236711111111285,-0.3232400000000171,0.9149133333333472,0.3227588888889059,0.9123922222222371,0.0001464,0.4118929907407405,,0.0001589086153755,0.3333333333333332,49411
0.52,ascending,1.0,0.15,20,30,<3>par,1026,1.02,-2.151511916666666,0.2881942810457516,0.9098855555555704,0.3233877777777947,-0.3226733333333497,0.9100355555555728,0.3225755555555716,0.9068355555555728,0.0001720814814814,0.4098332111111125,,0.0001761840501814,0.3333333333333332,49409
0.52,ascending,1.0,0.15,20,30,<3>par,1026,1.1,-2.175594708333333,0.3099468181818181,0.8979722222222396,0.321746666666683,-0.3209911111111267,0.8972755555555724,0.320627777777793,0.8941588888889048,0.0001967592592592,0.4048876370370375,,0.0002004184749041,0.3333333333333332,50213
0.52,ascending,1.0,0.15,20,30,<3>par,1026,1.2,-2.209809666666666,0.3403504861111111,0.8766500000000019,0.3194144444444592,-0.3181133333333468,0.8768022222222254,0.3174688888889012,0.8713266666666659,0.0002522259259259,0.3961876574074083,,0.0002387472264554,0.3333333333333332,51293
0.52,ascending,1.0,0.15,20,30,<3>par,1027,0.05,-2.00750025,0.0130233333333333,0.9998455555555518,0.3333100000000146,-0.3333100000000146,0.9998455555555518,0.3333100000000146,0.9998455555555518,2.5370370370370337e-07,0.4443854444444318,,2.6040376664583364e-07,0.3333333333333332,40506
0.52,ascending,1.0,0.15,20,30,<3>par,1027,0.1,-2.0083063333333326,0.0276108333333333,0.9990655555555428,0.3332622222222369,-0.3332633333333479,0.9990611111110984,0.3332633333333479,0.9990611111110984,1.572222222222215e-06,0.4441098499999954,,1.574408036828691e-06,0.3333333333333333,41134
0.52,ascending,1.0,0.15,20,30,<3>par,1027,0.2,-2.0108481249999994,0.0545916666666666,0.9966499999999694,0.3329833333333482,-0.3329855555555704,0.9966455555555253,0.3329788888889037,0.996652222222192,5.424074074074082e-06,0.443216262962973,,5.418406012798641e-06,0.3333333333333332,41808
0.52,ascending,1.0,0.15,20,30,<3>par,1027,0.3,-2.019987625,0.0825652777777777,0.9932677777777492,0.3325577777777928,-0.3325533333333484,0.9933011111110824,0.3325522222222373,0.9932499999999714,1.1994444444444918e-05,0.4419512666666725,,1.1365989435604326e-05,0.3333333333333332,42671
0.52,ascending,1.0,0.15,20,30,<3>par,1027,0.4,-2.0294269166666665,0.1106587499999999,0.9870822222221968,0.3318744444444599,-0.3318311111111266,0.9870588888888634,0.3318211111111266,0.987064444444419,2.148703703703797e-05,0.439645318518522,,2.0724757056284984e-05,0.3333333333333332,43602
0.52,ascending,1.0,0.15,20,30,<3>par,1027,0.5,-2.0409610833333334,0.1398684999999999,0.9785077777777604,0.3310155555555714,-0.3310200000000158,0.97847666666665,0.3309988888889048,0.9782599999999836,3.649444444444518e-05,0.4364586537037034,,3.5511918101338165e-05,0.3333333333333332,44296
0.52,ascending,1.0,0.15,20,30,<3>par,1027,0.6,-2.056214333333333,0.1668481944444444,0.96848999999999,0.3298066666666829,-0.3297022222222385,0.9684833333333234,0.3295822222222386,0.9681111111111014,4.946481481481538e-05,0.432647870370369,,5.427214913545832e-05,0.3333333333333332,45509
0.52,ascending,1.0,0.15,20,30,<3>par,1027,0.7,-2.0746469583333327,0.1961330952380952,0.9592022222222172,0.3288722222222387,-0.3288222222222388,0.959375555555552,0.3286733333333499,0.958572222222219,7.630000000000023e-05,0.4291701666666663,,7.044738852476843e-05,0.3333333333333332,46509
0.52,ascending,1.0,0.15,20,30,<3>par,1027,0.8,-2.096791333333333,0.2240933333333332,0.945696666666671,0.3273755555555724,-0.327222222222239,0.9458344444444484,0.3270755555555725,0.9445666666666698,9.720925925925928e-05,0.423947287037037,,9.562390845035844e-05,0.3333333333333332,47161
0.52,ascending,1.0,0.15,20,30,<3>par,1027,0.86,-2.1095977499999994,0.2413788759689922,0.9386300000000014,0.3267244444444616,-0.3266066666666837,0.9385633333333364,0.3264200000000175,0.9374733333333372,0.0001148685185185,0.4214090685185192,,0.000113685705259,0.3333333333333332,47626
0.52,ascending,1.0,0.15,20,30,<3>par,1027,0.87,-2.1118969166666663,0.2437208812260536,0.937091111111118,0.326397777777795,-0.3262066666666839,0.9372055555555616,0.3258822222222395,0.935983333333338,0.0001064722222222,0.4207956259259265,,0.0001047211773605,0.3333333333333332,47866
0.52,ascending,1.0,0.15,20,30,<3>par,1027,0.88,-2.1147427499999987,0.2466670454545454,0.9352033333333414,0.3260400000000172,-0.3258333333333506,0.9351655555555632,0.3256644444444621,0.93400111111112,0.0001153944444444,0.4199175407407417,,0.0001150815865578,0.3333333333333332,48288
0.52,ascending,1.0,0.15,20,30,<3>par,1027,0.89,-2.118068875,0.2498436329588015,0.9343655555555634,0.3258644444444614,-0.3258655555555723,0.9339800000000072,0.3255411111111279,0.9328544444444534,0.0001246259259259,0.4194485537037033,,0.0001191545821025,0.3333333333333332,48376
0.52,ascending,1.0,0.15,20,30,<3>par,1027,0.9,-2.120466499999999,0.2536472222222222,0.9313466666666768,0.3258322222222394,-0.3255977777777948,0.931596666666674,0.3252277777777951,0.9298955555555672,0.0001238685185185,0.4184750851851861,,0.000123137718341,0.3333333333333332,48051
0.52,ascending,1.0,0.15,20,30,<3>par,1027,0.91,-2.1218337916666665,0.2557677655677655,0.9301044444444504,0.3256544444444619,-0.3253711111111285,0.9301377777777844,0.3251244444444619,0.928674444444452,0.000120874074074,0.4179546129629634,,0.0001268802422404,0.3333333333333332,48598
0.52,ascending,1.0,0.15,20,30,<3>par,1027,0.92,-2.1249561666666668,0.2569817934782608,0.9292666666666736,0.3254133333333506,-0.3250577777777953,0.9304200000000058,0.3248322222222398,0.9280522222222304,0.0001266888888888,0.4177089777777777,,0.0001297332944329,0.3333333333333332,48202
0.52,ascending,1.0,0.15,20,30,<3>par,1027,0.93,-2.1279224583333334,0.2620617383512544,0.9273222222222316,0.3248511111111284,-0.3245744444444617,0.9269100000000076,0.3242100000000176,0.9253677777777868,0.0001235722222222,0.4166015592592595,,0.0001321054887385,0.3333333333333332,48553
0.52,ascending,1.0,0.15,20,30,<3>par,1027,0.9351,-2.129339166666666,0.2632738922753359,0.9249644444444536,0.3247122222222396,-0.3244355555555732,0.9251311111111196,0.3242477777777955,0.9228711111111204,0.0001300222222222,0.4158621518518528,,0.0001450421627365,0.3333333333333332,48430
0.52,ascending,1.0,0.15,20,30,<3>par,1027,0.94,-2.129277,0.2637062943262411,0.9269077777777878,0.3252500000000174,-0.3247911111111288,0.9266211111111238,0.3245311111111284,0.9250500000000104,0.0001361611111111,0.4166204870370378,,0.0001326807528105,0.3333333333333332,48954
0.52,ascending,1.0,0.15,20,30,<3>par,1027,0.95,-2.134213333333333,0.2677504385964912,0.922574444444456,0.3246300000000175,-0.3244955555555729,0.9223366666666792,0.3239288888889063,0.9203300000000124,0.0001418425925925,0.4149352666666678,,0.0001439716487099,0.3333333333333332,48584
0.52,ascending,1.0,0.15,20,30,<3>par,1027,0.96,-2.134805583333333,0.2712733506944444,0.9223644444444528,0.3242266666666844,-0.3239377777777956,0.9221277777777868,0.3236288888889067,0.9201500000000112,0.0001365129629629,0.4146962925925926,,0.0001463941375592,0.3333333333333332,48693
0.52,ascending,1.0,0.15,20,30,<3>par,1027,0.97,-2.137252875,0.2735523195876289,0.9205122222222352,0.324046666666684,-0.3236244444444619,0.9201744444444578,0.3233177777777952,0.9177177777777924,0.0001491018518518,0.4137666962962971,,0.0001481740559815,0.3333333333333332,48612
0.52,ascending,1.0,0.15,20,30,<3>par,1027,0.98,-2.1408106666666664,0.2755046768707482,0.9186755555555666,0.3241388888889056,-0.3236111111111281,0.9185388888889016,0.3232111111111275,0.9164900000000158,0.0001481759259259,0.4132858351851846,,0.0001440109676529,0.3333333333333332,49255
0.52,ascending,1.0,0.15,20,30,<3>par,1027,0.99,-2.1439601666666666,0.2790117003367003,0.9162900000000131,0.3241288888889061,-0.3237777777777952,0.9171400000000128,0.3234522222222395,0.9140033333333464,0.0001482518518518,0.4125644629629631,,0.000151689517914,0.3333333333333332,49206
0.52,ascending,1.0,0.15,20,30,<3>par,1027,1.0,-2.146438958333333,0.2823959166666667,0.913521111111124,0.3237511111111281,-0.3232111111111276,0.913686666666681,0.3228055555555721,0.910610000000016,0.0001506222222222,0.4112520833333329,,0.0001653077202418,0.3333333333333332,49339
0.52,ascending,1.0,0.15,20,30,<3>par,1027,1.01,-2.148734541666666,0.2848030528052805,0.9131566666666808,0.3236277777777954,-0.3229855555555733,0.913396666666681,0.3225388888889062,0.9105988888889036,0.0001714648148148,0.4111749351851863,,0.0001590697982157,0.3333333333333332,49380
0.52,ascending,1.0,0.15,20,30,<3>par,1027,1.02,-2.152035958333333,0.2886321895424836,0.9121511111111268,0.3230811111111286,-0.3226688888889062,0.9119166666666813,0.3222744444444614,0.9094122222222356,0.0001751981481481,0.410620681481481,,0.0001749148585048,0.3333333333333332,49645
0.52,ascending,1.0,0.15,20,30,<3>par,1027,1.1,-2.175758541666666,0.3099685606060606,0.8994788888889084,0.3217233333333492,-0.3212888888889051,0.8989700000000179,0.3207944444444599,0.8959944444444634,0.0001951907407407,0.4056055944444448,,0.0001945415446951,0.3333333333333332,50422
0.52,ascending,1.0,0.15,20,30,<3>par,1027,1.2,-2.2084247916666664,0.3399340277777777,0.8766366666666704,0.319000000000014,-0.3179011111111234,0.8765900000000029,0.3172144444444553,0.8710477777777755,0.0002459129629629,0.3959808666666672,,0.0002407045448803,0.3333333333333332,51287
0.52,ascending,1.0,0.15,20,30,<3>par,1028,0.05,-2.0075165416666665,0.0133899999999999,0.9997344444444408,0.3332977777777924,-0.3332977777777924,0.9997344444444408,0.3332977777777924,0.9997344444444408,4.425925925925912e-07,0.4443445166666531,,4.425925925925869e-07,0.3333333333333332,40547
0.52,ascending,1.0,0.15,20,30,<3>par,1028,0.1,-2.0089713333333323,0.0280391666666666,0.9992799999999906,0.3332444444444591,-0.3332444444444591,0.9992799999999906,0.3332444444444591,0.9992799999999906,1.2481481481481424e-06,0.4441761111111005,,1.221952040678239e-06,0.3333333333333332,40838
0.52,ascending,1.0,0.15,20,30,<3>par,1028,0.2,-2.0111105,0.0557916666666666,0.9969088888888588,0.3329766666666815,-0.3329733333333481,0.9968955555555262,0.3329733333333481,0.996892222222193,5.32592592592592e-06,0.4432935648148196,,5.253949522993041e-06,0.3333333333333332,41836
0.52,ascending,1.0,0.15,20,30,<3>par,1028,0.3,-2.0186445833333324,0.08231,0.9928222222221916,0.3324466666666817,-0.332440000000015,0.9928233333333024,0.3324455555555706,0.992828888888858,1.1538888888889353e-05,0.4417654685185226,,1.2470428400432908e-05,0.3333333333333332,42787
0.52,ascending,1.0,0.15,20,30,<3>par,1028,0.4,-2.029060999999999,0.1106468749999999,0.9864322222221984,0.331865555555571,-0.3318622222222377,0.9864544444444208,0.3318500000000154,0.9863833333333096,2.3490740740741667e-05,0.4394278888888902,,2.307497631657646e-05,0.3333333333333332,43390
0.52,ascending,1.0,0.15,20,30,<3>par,1028,0.5,-2.0422692499999995,0.1397585,0.9779422222222064,0.3310200000000158,-0.3309877777777936,0.9779455555555404,0.330991111111127,0.9776811111110956,3.654629629629709e-05,0.4362645240740741,,3.933681558000248e-05,0.3333333333333332,44547
0.52,ascending,1.0,0.15,20,30,<3>par,1028,0.6,-2.0561462916666664,0.1679181944444444,0.9695888888888784,0.329727777777794,-0.329726666666683,0.9697744444444328,0.3296488888889052,0.9693722222222118,5.2068518518518985e-05,0.4330537888888882,,5.258171360173141e-05,0.3333333333333332,45177
0.52,ascending,1.0,0.15,20,30,<3>par,1028,0.7,-2.0756187916666664,0.1945198809523809,0.9608044444444384,0.3288711111111274,-0.3288533333333495,0.960698888888882,0.3287222222222386,0.9600788888888816,6.595000000000023e-05,0.4296913425925921,,6.519177274240733e-05,0.3333333333333332,46157
0.52,ascending,1.0,0.15,20,30,<3>par,1028,0.8,-2.097328291666666,0.2246153124999999,0.9460233333333372,0.3271477777777948,-0.3269400000000171,0.9462588888888948,0.3267933333333506,0.9450977777777836,8.826851851851856e-05,0.4240704870370368,,9.43285467067105e-05,0.3333333333333332,47503
0.52,ascending,1.0,0.15,20,30,<3>par,1028,0.86,-2.1114761666666664,0.2414692829457364,0.9374911111111202,0.3263333333333505,-0.3261155555555728,0.9375155555555652,0.3258433333333507,0.936082222222232,0.0001191925925925,0.4207074351851849,,0.000107754184679,0.3333333333333332,47779
0.52,ascending,1.0,0.15,20,30,<3>par,1028,0.87,-2.112806208333333,0.2445982758620689,0.9361700000000042,0.3262655555555726,-0.3260855555555725,0.9365855555555588,0.3258711111111283,0.934791111111117,0.0001116574074074,0.4203424444444457,,0.0001082937370999,0.3333333333333332,47971
0.52,ascending,1.0,0.15,20,30,<3>par,1028,0.88,-2.1145289166666656,0.2468391098484848,0.935430000000007,0.3258922222222394,-0.325736666666684,0.935571111111119,0.3254711111111286,0.9338700000000066,0.0001197851851851,0.4198806592592596,,0.0001161264972414,0.3333333333333332,48239
0.52,ascending,1.0,0.15,20,30,<3>par,1028,0.89,-2.117741833333333,0.2496874531835206,0.933266666666674,0.3258611111111286,-0.3256144444444621,0.933571111111116,0.3255022222222398,0.931567777777784,0.0001158407407407,0.4191041814814813,,0.0001182639777111,0.3333333333333332,48068
0.52,ascending,1.0,0.15,20,30,<3>par,1028,0.9,-2.120527,0.2534221296296296,0.9308233333333424,0.3255977777777953,-0.3252644444444617,0.930686666666676,0.3249888888889061,0.9290422222222332,0.0001240814814814,0.418179307407408,,0.0001214061517519,0.3333333333333332,48426
0.52,ascending,1.0,0.15,20,30,<3>par,1028,0.91,-2.121937041666666,0.2566138278388278,0.9311711111111186,0.3250311111111281,-0.3248711111111283,0.9314133333333412,0.3244288888889059,0.929763333333341,0.0001292185185185,0.4181197314814813,,0.0001232416473767,0.3333333333333332,48310
0.52,ascending,1.0,0.15,20,30,<3>par,1028,0.92,-2.124156833333333,0.2594523550724637,0.9270988888888952,0.3250066666666837,-0.3247977777777948,0.9271588888888944,0.3243322222222395,0.9254533333333408,0.0001344796296296,0.4166791685185191,,0.0001338269146337,0.3333333333333332,48751
0.52,ascending,1.0,0.15,20,30,<3>par,1028,0.93,-2.1277499166666667,0.2615344982078853,0.9274822222222332,0.3251511111111284,-0.3249344444444618,0.9267977777777864,0.3247366666666836,0.9251688888888976,0.0001427925925925,0.4166645685185186,,0.0001330545793872,0.3333333333333332,48853
0.52,ascending,1.0,0.15,20,30,<3>par,1028,0.9351,-2.127371333333333,0.262815385163797,0.9263844444444552,0.324854444444462,-0.3246100000000174,0.9267122222222328,0.3244611111111282,0.9243577777777876,0.0001384759259259,0.4163209203703713,,0.0001333427149224,0.3333333333333332,48620
0.52,ascending,1.0,0.15,20,30,<3>par,1028,0.94,-2.130086333333332,0.2637170212765957,0.9268533333333424,0.3248833333333508,-0.3247166666666842,0.9265544444444546,0.3243566666666843,0.9247155555555642,0.0001289092592592,0.4164383592592581,,0.0001416827682874,0.3333333333333332,48956
0.52,ascending,1.0,0.15,20,30,<3>par,1028,0.95,-2.1328503333333324,0.2672311403508772,0.922650000000009,0.3243788888889065,-0.3239577777777953,0.9228933333333444,0.3235277777777953,0.920413333333346,0.0001399962962962,0.4148379203703708,,0.0001448671588238,0.3333333333333332,48810
0.52,ascending,1.0,0.15,20,30,<3>par,1028,0.96,-2.136332458333333,0.2707392361111111,0.92311000000001,0.3243877777777952,-0.3241288888889062,0.9223300000000114,0.3237033333333505,0.920534444444456,0.0001482018518518,0.4148524962962976,,0.0001474230439486,0.3333333333333332,48991
0.52,ascending,1.0,0.15,20,30,<3>par,1028,0.97,-2.1365588333333334,0.2727572164948453,0.9186444444444574,0.3242111111111286,-0.3239266666666838,0.917990000000012,0.3234911111111283,0.9160644444444572,0.0001568648148148,0.4131616907407404,,0.0001648036524619,0.3333333333333332,48920
0.52,ascending,1.0,0.15,20,30,<3>par,1028,0.98,-2.1428505416666668,0.2760897959183673,0.919472222222234,0.3243755555555728,-0.323947777777795,0.9194066666666808,0.3236533333333505,0.91695555555557,0.0001594444444444,0.4136636925925924,,0.0001457382647758,0.3333333333333332,49307
0.52,ascending,1.0,0.15,20,30,<3>par,1028,0.99,-2.1449969166666656,0.2788048821548821,0.9186855555555654,0.3239477777777949,-0.323671111111128,0.918941111111122,0.323230000000017,0.9160066666666788,0.0001423537037037,0.4132305388888887,,0.0001540617392971,0.3333333333333332,49512
0.52,ascending,1.0,0.15,20,30,<3>par,1028,1.0,-2.146543416666666,0.2815919166666666,0.9158911111111226,0.3236688888889062,-0.3233511111111283,0.9157277777777916,0.3227933333333505,0.9136188888889046,0.0001533499999999,0.4122666129629627,,0.0001649531728442,0.3333333333333332,49161
0.52,ascending,1.0,0.15,20,30,<3>par,1028,1.01,-2.1492999583333328,0.2850075907590759,0.9116422222222372,0.3235244444444614,-0.3231588888889057,0.9119455555555752,0.322651111111128,0.9086911111111308,0.0001628055555555,0.4106856870370379,,0.0001616289055503,0.3333333333333332,49414
0.52,ascending,1.0,0.15,20,30,<3>par,1028,1.02,-2.152613374999999,0.2873021241830065,0.9128788888889022,0.3230011111111283,-0.3226277777777945,0.9128544444444588,0.3221500000000165,0.910506666666681,0.0001613425925925,0.4109921388888887,,0.0001612471763732,0.3333333333333332,49100
0.52,ascending,1.0,0.15,20,30,<3>par,1028,1.1,-2.1754569166666653,0.3105537878787879,0.9005688888889043,0.3217500000000155,-0.3215088888889049,0.901006666666682,0.3208600000000153,0.8967155555555689,0.0001764037037037,0.4060356851851855,,0.0001771891223668,0.3333333333333332,50095
0.52,ascending,1.0,0.15,20,30,<3>par,1028,1.2,-2.2084558333333333,0.3398409722222222,0.8766811111111187,0.3194200000000137,-0.318382222222234,0.877356666666672,0.3176011111111219,0.871162222222225,0.0002367796296296,0.3962101796296309,,0.0002480711112602,0.3333333333333332,51377
0.52,ascending,1.0,0.15,20,30,<3>par,1029,0.05,-2.0076610833333333,0.0134016666666666,0.9997033333333278,0.3332933333333479,-0.3332933333333479,0.9997033333333278,0.3332933333333479,0.9997033333333278,5.129629629629614e-07,0.4443327203703572,,5.001669813773128e-07,0.3333333333333332,40815
0.52,ascending,1.0,0.15,20,30,<3>par,1029,0.1,-2.008527083333333,0.0277274999999999,0.9990822222222095,0.3332633333333479,-0.3332633333333479,0.9990799999999874,0.3332633333333479,0.9990799999999874,1.54814814814814e-06,0.4441160388888822,,1.5312112999375046e-06,0.3333333333333333,41066
0.52,ascending,1.0,0.15,20,30,<3>par,1029,0.2,-2.011859541666666,0.0555458333333333,0.996552222222191,0.332922222222237,-0.3329200000000148,0.9965444444444131,0.332922222222237,0.996543333333302,5.729629629629696e-06,0.443161418518526,,5.981299443402799e-06,0.3333333333333332,42029
0.52,ascending,1.0,0.15,20,30,<3>par,1029,0.3,-2.018873708333333,0.0827952777777777,0.9922633333333064,0.3323711111111263,-0.3323866666666818,0.9922744444444174,0.3323788888889041,0.9922622222221952,1.1916666666667196e-05,0.4415510185185261,,1.2521274809615857e-05,0.3333333333333332,42832
0.52,ascending,1.0,0.15,20,30,<3>par,1029,0.4,-2.0257587916666657,0.1108537499999999,0.9864644444444228,0.3318933333333487,-0.3318766666666821,0.9867266666666448,0.3318611111111265,0.986324444444422,2.300370370370466e-05,0.4394189314814825,,2.3573393288606776e-05,0.3333333333333332,43530
0.52,ascending,1.0,0.15,20,30,<3>par,1029,0.5,-2.0416764999999995,0.1390201666666666,0.9795644444444254,0.3310777777777935,-0.331082222222238,0.9795233333333144,0.331012222222238,0.9793733333333156,3.427962962963042e-05,0.4368242296296272,,3.4518171695805763e-05,0.3333333333333332,44250
0.52,ascending,1.0,0.15,20,30,<3>par,1029,0.6,-2.0563995833333326,0.1676680555555555,0.9702166666666564,0.3298955555555714,-0.3297433333333493,0.9701122222222124,0.3297644444444603,0.9698488888888792,5.416481481481531e-05,0.4332417111111098,,5.1043290631504674e-05,0.3333333333333332,45449
0.52,ascending,1.0,0.15,20,30,<3>par,1029,0.7,-2.075444416666666,0.1962747619047619,0.959247777777774,0.3288155555555721,-0.3287655555555721,0.9594422222222158,0.3285766666666834,0.9584766666666616,6.961111111111135e-05,0.4290917240740746,,7.086568778299551e-05,0.3333333333333332,46342
0.52,ascending,1.0,0.15,20,30,<3>par,1029,0.8,-2.0968626666666665,0.2234529166666666,0.945923333333338,0.3276566666666836,-0.3273588888889058,0.945833333333338,0.3271444444444615,0.944552222222226,8.806666666666685e-05,0.4239784277777778,,9.82602425364166e-05,0.3333333333333332,48080
0.52,ascending,1.0,0.15,20,30,<3>par,1029,0.86,-2.110417458333333,0.2411590116279069,0.9362966666666716,0.3260477777777949,-0.325728888888906,0.936538888888894,0.3254711111111284,0.9348888888888962,0.0001107314814814,0.4202529629629624,,0.0001132945720068,0.3333333333333332,47757
0.52,ascending,1.0,0.15,20,30,<3>par,1029,0.87,-2.113535708333332,0.2445719348659003,0.9357100000000084,0.3261555555555729,-0.3260388888889062,0.9361400000000066,0.3256511111111285,0.9344111111111196,0.0001128851851851,0.4200934166666656,,0.0001205871585278,0.3333333333333332,47747
0.52,ascending,1.0,0.15,20,30,<3>par,1029,0.88,-2.114849708333333,0.2479339015151514,0.9321800000000062,0.3259177777777954,-0.325674444444462,0.9321000000000068,0.3255322222222398,0.9304655555555637,0.0001239074074074,0.4186676037037045,,0.0001262415726118,0.3333333333333332,47817
0.52,ascending,1.0,0.15,20,30,<3>par,1029,0.89,-2.1168024999999995,0.2491585205992509,0.935430000000006,0.325896666666684,-0.3257744444444618,0.9349866666666736,0.3254800000000172,0.93387222222223,0.0001259222222222,0.4198449314814815,,0.0001152879100052,0.3333333333333332,48740
0.52,ascending,1.0,0.15,20,30,<3>par,1029,0.9,-2.119434083333333,0.2527368518518518,0.9294344444444496,0.3254411111111283,-0.3253011111111282,0.9300055555555602,0.3248511111111284,0.927405555555562,0.000120524074074,0.4175969870370373,,0.0001262661032989,0.3333333333333332,48055
0.52,ascending,1.0,0.15,20,30,<3>par,1029,0.91,-2.121712708333333,0.2557454212454212,0.9293622222222292,0.325576666666684,-0.3251000000000175,0.9294066666666724,0.3249711111111286,0.9275711111111152,0.0001267925925925,0.4175483500000012,,0.0001253501190959,0.3333333333333332,48438
0.52,ascending,1.0,0.15,20,30,<3>par,1029,0.92,-2.1245100000000003,0.2581856884057971,0.9297344444444512,0.3254011111111279,-0.3252033333333505,0.929324444444452,0.3249077777777948,0.9280755555555648,0.0001232777777777,0.4176835000000008,,0.0001289196714923,0.3333333333333332,48422
0.52,ascending,1.0,0.15,20,30,<3>par,1029,0.93,-2.126598708333333,0.2621370071684588,0.9261766666666772,0.3252066666666843,-0.324964444444462,0.9255688888888978,0.3247433333333509,0.9236966666666756,0.0001563259259259,0.4160434370370368,,0.000142246126279,0.3333333333333332,48790
0.52,ascending,1.0,0.15,20,30,<3>par,1029,0.9351,-2.128983916666666,0.2634464228424767,0.9246277777777868,0.3248633333333505,-0.3245988888889061,0.9247222222222308,0.3241333333333503,0.9221677777777872,0.0001485222222222,0.4155286518518518,,0.0001287114711142,0.3333333333333332,49225
0.52,ascending,1.0,0.15,20,30,<3>par,1029,0.94,-2.130028916666666,0.2637512411347518,0.9260122222222305,0.3248144444444618,-0.3245866666666842,0.9263277777777852,0.3242033333333507,0.924412222222231,0.0001357499999999,0.4162554962962961,,0.0001445162948406,0.3333333333333332,48621
0.52,ascending,1.0,0.15,20,30,<3>par,1029,0.95,-2.133609125,0.2669142105263158,0.9233066666666792,0.3247422222222398,-0.3244533333333507,0.9228777777777888,0.3241311111111287,0.9210155555555662,0.0001438814814814,0.4150846962962968,,0.0001476157131824,0.3333333333333332,49101
0.52,ascending,1.0,0.15,20,30,<3>par,1029,0.96,-2.134494624999999,0.2699073784722222,0.9236100000000094,0.3246844444444619,-0.324394444444462,0.9238277777777898,0.3239988888889064,0.9221744444444564,0.0001569425925925,0.4153561851851858,,0.000136618129241,0.3333333333333332,49088
0.52,ascending,1.0,0.15,20,30,<3>par,1029,0.97,-2.138311375,0.2733757731958762,0.9206944444444582,0.3243266666666844,-0.32389222222224,0.9203244444444588,0.3235333333333509,0.9180677777777916,0.0001439148148148,0.4139641018518523,,0.0001549754508997,0.3333333333333332,48521
0.52,ascending,1.0,0.15,20,30,<3>par,1029,0.98,-2.141764291666666,0.2767993197278911,0.9175011111111252,0.3240433333333509,-0.3239811111111284,0.917198888888904,0.323477777777795,0.914947777777793,0.0001459499999999,0.4128928814814815,,0.0001511343918939,0.3333333333333332,49402
0.52,ascending,1.0,0.15,20,30,<3>par,1029,0.99,-2.1439689583333323,0.2793002525252525,0.9173044444444566,0.323625555555573,-0.3233700000000175,0.91636777777779,0.3227900000000175,0.9138822222222376,0.0001360907407407,0.4124124648148158,,0.0001561845722539,0.3333333333333332,48697
0.52,ascending,1.0,0.15,20,30,<3>par,1029,1.0,-2.1463595416666665,0.2818900833333333,0.916437777777791,0.3238700000000168,-0.3234988888889055,0.9158833333333464,0.3227744444444611,0.9139500000000156,0.0001464166666666,0.4123532944444443,,0.0001579927937603,0.3333333333333332,49417
0.52,ascending,1.0,0.15,20,30,<3>par,1029,1.01,-2.150178708333333,0.2843917491749175,0.912103333333349,0.3236111111111282,-0.3232333333333504,0.9130677777777914,0.3229088888889059,0.909702222222236,0.0001616277777777,0.410837544444444,,0.0001677319084997,0.3333333333333332,49187
0.52,ascending,1.0,0.15,20,30,<3>par,1029,1.02,-2.152014124999999,0.2876467320261437,0.9130711111111236,0.3236500000000172,-0.3229688888889061,0.9136400000000132,0.3227955555555725,0.9100855555555728,0.000170737037037,0.4109749629629627,,0.0001674183219423,0.3333333333333332,49222
0.52,ascending,1.0,0.15,20,30,<3>par,1029,1.1,-2.1771143749999995,0.3104915151515151,0.8972888888889068,0.3213822222222378,-0.3209277777777938,0.8970622222222377,0.3203711111111267,0.8932866666666835,0.0001959222222222,0.4046295185185182,,0.0002029050583639,0.3333333333333332,50429
0.52,ascending,1.0,0.15,20,30,<3>par,1029,1.2,-2.209835333333333,0.3408242361111111,0.8774911111111117,0.3189277777777917,-0.3180644444444567,0.8774655555555573,0.3172366666666786,0.8725411111111078,0.0002293574074074,0.3964871111111109,,0.0002460105944692,0.3333333333333332,51333
0.52,ascending,1.0,0.15,20,30,<3>par,1030,0.05,-2.006758333333333,0.0146516666666666,0.9997555555555524,0.3333211111111257,-0.3333211111111257,0.9997555555555524,0.3333211111111257,0.9997555555555524,3.999999999999989e-07,0.4443593037036908,,4.1949604452778513e-07,0.3333333333333332,40154
0.52,ascending,1.0,0.15,20,30,<3>par,1030,0.1,-2.0085276666666663,0.0278024999999999,0.9991477777777636,0.3332244444444591,-0.3332244444444591,0.9991477777777636,0.3332244444444591,0.9991477777777636,1.4833333333333265e-06,0.4441255185185116,,1.4510413072199215e-06,0.3333333333333333,40866
0.52,ascending,1.0,0.15,20,30,<3>par,1030,0.2,-2.013399541666666,0.0553766666666666,0.9968799999999725,0.332992222222237,-0.332992222222237,0.9968788888888612,0.332992222222237,0.9968788888888612,5.461111111111119e-06,0.4432964074074151,,5.1837948585092405e-06,0.3333333333333332,41911
0.52,ascending,1.0,0.15,20,30,<3>par,1030,0.3,-2.019675125,0.0830536111111111,0.9928744444444172,0.3324988888889039,-0.3325022222222372,0.992931111111084,0.3324966666666817,0.9928755555555284,1.168148148148199e-05,0.4418002185185258,,1.177649065126862e-05,0.3333333333333332,42705
0.52,ascending,1.0,0.15,20,30,<3>par,1030,0.4,-2.028599833333333,0.1115149999999999,0.98666444444442,0.331936666666682,-0.3319355555555709,0.9867899999999756,0.3319188888889042,0.9866377777777532,2.087592592592683e-05,0.4395458370370377,,2.1846356523101945e-05,0.3333333333333332,43778
0.52,ascending,1.0,0.15,20,30,<3>par,1030,0.5,-2.041599916666666,0.13871,0.9791755555555376,0.3310355555555713,-0.3310455555555713,0.9793011111110934,0.3309644444444602,0.979132222222204,3.539814814814893e-05,0.4367473537037038,,3.489939010455337e-05,0.3333333333333332,44732
0.52,ascending,1.0,0.15,20,30,<3>par,1030,0.6,-2.05736275,0.1670113888888889,0.969524444444434,0.3302000000000161,-0.3300833333333494,0.9695699999999914,0.3301100000000161,0.9691244444444354,5.184259259259286e-05,0.4331077277777764,,4.99234756809236e-05,0.3333333333333332,45478
0.52,ascending,1.0,0.15,20,30,<3>par,1030,0.7,-2.0744719166666665,0.1959114285714285,0.9583799999999952,0.3288477777777942,-0.3288044444444609,0.958378888888885,0.3287211111111277,0.9576666666666632,7.342407407407429e-05,0.4287917407407392,,7.369536174364795e-05,0.3333333333333332,46287
0.52,ascending,1.0,0.15,20,30,<3>par,1030,0.8,-2.096202249999999,0.2241799999999999,0.9467155555555624,0.3275677777777948,-0.3275666666666835,0.9467488888888942,0.327400000000017,0.945533333333338,9.372592592592593e-05,0.4243428537037048,,9.708860584738672e-05,0.3333333333333332,47295
0.52,ascending,1.0,0.15,20,30,<3>par,1030,0.86,-2.1091387083333326,0.2415847868217054,0.9358755555555586,0.3264700000000172,-0.3262211111111284,0.9358044444444488,0.326068888888906,0.9345844444444484,0.0001160222222222,0.4201639648148148,,0.0001190167800114,0.3333333333333332,47823
0.52,ascending,1.0,0.15,20,30,<3>par,1030,0.87,-2.113165291666666,0.2450568965517241,0.9358100000000024,0.3263500000000172,-0.3261755555555727,0.9358800000000036,0.325826666666684,0.9344522222222276,0.0001205074074074,0.4201685796296298,,0.0001227672518793,0.3333333333333332,47675
0.52,ascending,1.0,0.15,20,30,<3>par,1030,0.88,-2.1143070416666667,0.2464920454545454,0.9340744444444512,0.3259100000000172,-0.3256500000000172,0.9342177777777844,0.3255111111111284,0.93242333333334,0.0001146999999999,0.4193856888888881,,0.0001237924261297,0.3333333333333332,48232
0.52,ascending,1.0,0.15,20,30,<3>par,1030,0.89,-2.117444708333333,0.2504902621722846,0.9319411111111212,0.3258333333333507,-0.3256288888889063,0.9322022222222311,0.3253822222222397,0.9303788888888956,0.0001183518518518,0.4186705037037044,,0.0001229742029941,0.3333333333333332,48362
0.52,ascending,1.0,0.15,20,30,<3>par,1030,0.9,-2.1208936249999994,0.2524894444444444,0.9323766666666704,0.3259022222222392,-0.325647777777795,0.9319633333333388,0.3253322222222392,0.9305400000000053,0.0001237092592592,0.4187764648148153,,0.0001191982371306,0.3333333333333332,48370
0.52,ascending,1.0,0.15,20,30,<3>par,1030,0.91,-2.123003958333332,0.2558319597069596,0.9323822222222288,0.3257111111111289,-0.3255800000000178,0.9322744444444502,0.3253944444444621,0.9306533333333388,0.0001293203703703,0.4187341851851849,,0.0001301416692217,0.3333333333333332,48443
0.52,ascending,1.0,0.15,20,30,<3>par,1030,0.92,-2.1244020416666656,0.2584034420289854,0.926250000000008,0.3252922222222393,-0.3250233333333506,0.926405555555564,0.3245755555555729,0.9247000000000104,0.0001246648148148,0.4165372240740731,,0.0001299396134867,0.3333333333333332,48487
0.52,ascending,1.0,0.15,20,30,<3>par,1030,0.93,-2.1256615,0.2614510752688171,0.928014444444454,0.3252044444444621,-0.3249188888889067,0.9279966666666756,0.3247977777777956,0.9261622222222308,0.0001289166666666,0.4170293518518526,,0.0001347281902579,0.3333333333333332,48740
0.52,ascending,1.0,0.15,20,30,<3>par,1030,0.9351,-2.128420083333333,0.2634734253021066,0.9251544444444504,0.3247955555555729,-0.3245111111111287,0.925098888888898,0.3242011111111285,0.9228733333333432,0.0001294277777777,0.4157386518518509,,0.0001425461722882,0.3333333333333332,48598
0.52,ascending,1.0,0.15,20,30,<3>par,1030,0.94,-2.130013708333333,0.2651470744680851,0.924983333333344,0.3250288888889063,-0.3247422222222396,0.9253777777777862,0.3245000000000174,0.9228611111111203,0.0001373851851851,0.41575987037037,,0.0001459606249031,0.3333333333333332,48684
0.52,ascending,1.0,0.15,20,30,<3>par,1030,0.95,-2.1346020416666653,0.2676818421052631,0.923041111111122,0.324734444444462,-0.3243855555555733,0.9227322222222332,0.3240777777777953,0.9206944444444544,0.0001383981481481,0.4149992092592592,,0.000137512070026,0.3333333333333332,48740
0.52,ascending,1.0,0.15,20,30,<3>par,1030,0.96,-2.1351162083333324,0.2701736979166666,0.9206722222222364,0.3244688888889062,-0.324065555555573,0.9211533333333451,0.3237188888889066,0.9185133333333472,0.0001429481481481,0.4141845185185184,,0.0001429336070692,0.3333333333333332,48947
0.52,ascending,1.0,0.15,20,30,<3>par,1030,0.97,-2.1391036249999997,0.2725762886597938,0.9175766666666774,0.3241855555555726,-0.3240700000000173,0.9178888888889014,0.3234744444444616,0.9150411111111254,0.0001493407407407,0.41300192037037,,0.0001491245232578,0.3333333333333332,49156
0.52,ascending,1.0,0.15,20,30,<3>par,1030,0.98,-2.140754833333333,0.2757003401360544,0.917694444444456,0.3238344444444616,-0.3235166666666838,0.9178255555555666,0.3229900000000171,0.9152466666666774,0.0001527499999999,0.412872075925926,,0.000144296174485,0.3333333333333332,49104
0.52,ascending,1.0,0.15,20,30,<3>par,1030,0.99,-2.142732874999999,0.27843367003367,0.9172966666666804,0.3242211111111287,-0.3238300000000171,0.9177277777777916,0.3235355555555731,0.9151500000000145,0.0001501944444444,0.4130028703703716,,0.0001430574432719,0.3333333333333332,49693
0.52,ascending,1.0,0.15,20,30,<3>par,1030,1.0,-2.1460535,0.2823115,0.9164755555555696,0.3238233333333508,-0.3235155555555729,0.9162477777777892,0.323160000000017,0.9140522222222368,0.0001507166666666,0.4124337074074079,,0.00015898343214,0.3333333333333332,49345
0.52,ascending,1.0,0.15,20,30,<3>par,1030,1.01,-2.149368875,0.2846584158415841,0.915386666666681,0.3238844444444618,-0.3233277777777953,0.915404444444458,0.3228944444444615,0.9124111111111252,0.0001482518518518,0.4118932592592589,,0.0001527288508765,0.3333333333333332,49155
0.52,ascending,1.0,0.15,20,30,<3>par,1030,1.02,-2.151942083333333,0.2871035130718953,0.9131333333333485,0.3234022222222394,-0.3227211111111281,0.9134211111111258,0.3224466666666835,0.9107866666666822,0.0001613907407407,0.4110444092592599,,0.0001595496545349,0.3333333333333332,49348
0.52,ascending,1.0,0.15,20,30,<3>par,1030,1.1,-2.176097791666666,0.3107436363636363,0.8981544444444631,0.3215900000000158,-0.3212577777777936,0.8975044444444611,0.3205133333333478,0.8944588888889046,0.0001881814814814,0.4049978833333343,,0.0002024165688971,0.3333333333333332,50116
0.52,ascending,1.0,0.15,20,30,<3>par,1030,1.2,-2.2084114166666664,0.3398740277777778,0.8763600000000051,0.3187411111111244,-0.318125555555568,0.8764555555555597,0.317375555555568,0.870966666666665,0.0002454999999999,0.3961715629629638,,0.0002473568631694,0.3333333333333332,51516
0.52,ascending,1.0,0.15,20,30,<3>par,1031,0.05,-2.0066381249999994,0.0139099999999999,0.999694444444434,0.3333188888889035,-0.3333188888889035,0.999694444444434,0.3333188888889035,0.999694444444434,5.27777777777776e-07,0.4443383166666593,,5.108409295671226e-07,0.3333333333333332,40519
0.52,ascending,1.0,0.15,20,30,<3>par,1031,0.1,-2.008039666666666,0.0274758333333333,0.9991466666666524,0.3332255555555702,-0.3332255555555702,0.9991466666666524,0.3332255555555702,0.9991466666666524,1.4592592592592534e-06,0.4441255388888818,,1.4490224739907275e-06,0.3333333333333332,41014
0.52,ascending,1.0,0.15,20,30,<3>par,1031,0.2,-2.0126219583333325,0.0554374999999999,0.9966511111110822,0.3329900000000148,-0.3329900000000148,0.9966511111110822,0.3329900000000148,0.9966522222221932,5.688888888888913e-06,0.4432204407407469,,5.54249869797919e-06,0.3333333333333332,41542
0.52,ascending,1.0,0.15,20,30,<3>par,1031,0.3,-2.019822916666665,0.0834247222222222,0.99278111111108,0.3324911111111262,-0.3325011111111262,0.9927522222221912,0.3324900000000151,0.9927922222221908,1.1850000000000503e-05,0.4417604037037123,,1.2215625359446827e-05,0.3333333333333332,42889
0.52,ascending,1.0,0.15,20,30,<3>par,1031,0.4,-2.0302859583333324,0.1113616666666666,0.9864722222221984,0.3318744444444598,-0.3318477777777931,0.9864655555555306,0.3318344444444599,0.9864088888888636,2.338703703703795e-05,0.4394516240740764,,2.269826065386812e-05,0.3333333333333332,43889
0.52,ascending,1.0,0.15,20,30,<3>par,1031,0.5,-2.0415818333333324,0.1404346666666666,0.977496666666649,0.3310066666666826,-0.3310055555555715,0.9776477777777588,0.3309722222222382,0.9773188888888704,3.75351851851858e-05,0.4361370666666668,,3.735234924157892e-05,0.3333333333333332,44443
0.52,ascending,1.0,0.15,20,30,<3>par,1031,0.6,-2.056349416666667,0.1680475,0.9697177777777668,0.3300633333333494,-0.3300288888889049,0.9697311111110996,0.3299500000000161,0.9693611111111008,4.916666666666717e-05,0.4331596351851846,,5.172432480543045e-05,0.3333333333333332,45512
0.52,ascending,1.0,0.15,20,30,<3>par,1031,0.7,-2.074091166666665,0.1958228571428571,0.9584922222222196,0.3286077777777947,-0.3285733333333502,0.958591111111108,0.3284000000000169,0.9577799999999964,6.681481481481507e-05,0.4288179648148149,,7.294572801654875e-05,0.3333333333333332,46278
0.52,ascending,1.0,0.15,20,30,<3>par,1031,0.8,-2.096738916666666,0.2237384374999999,0.9476722222222268,0.3271144444444614,-0.3270311111111279,0.9475755555555598,0.3268444444444613,0.9468044444444486,8.861481481481468e-05,0.4246500148148148,,9.551057701775184e-05,0.3333333333333332,47341
0.52,ascending,1.0,0.15,20,30,<3>par,1031,0.86,-2.110257458333333,0.2415777131782945,0.9389333333333402,0.3265355555555729,-0.3262355555555727,0.9393711111111184,0.3260266666666838,0.9377622222222294,0.0001031777777777,0.4213141111111105,,0.0001055209151269,0.3333333333333332,47785
0.52,ascending,1.0,0.15,20,30,<3>par,1031,0.87,-2.113607875,0.2437516283524904,0.9373911111111194,0.3261333333333505,-0.3259255555555729,0.9376211111111172,0.325777777777795,0.9362333333333398,0.0001208129629629,0.4206801222222231,,0.0001099699217051,0.3333333333333332,47817
0.52,ascending,1.0,0.15,20,30,<3>par,1031,0.88,-2.115496999999998,0.2466426136363636,0.933124444444451,0.3260311111111283,-0.3257588888889062,0.932930000000008,0.3257333333333507,0.9316688888888964,0.0001274907407407,0.4191515222222228,,0.0001199041559233,0.3333333333333332,48162
0.52,ascending,1.0,0.15,20,30,<3>par,1031,0.89,-2.1172103333333334,0.2491184456928839,0.93295444444445,0.3257866666666838,-0.3255333333333505,0.9326955555555612,0.3254222222222392,0.9310588888888944,0.000112974074074,0.4189053500000009,,0.0001283688042753,0.3333333333333332,48072
0.52,ascending,1.0,0.15,20,30,<3>par,1031,0.9,-2.1199019583333323,0.252707037037037,0.93065111111112,0.3255244444444618,-0.325306666666684,0.9306033333333434,0.3250211111111281,0.9291033333333436,0.0001280462962962,0.418070690740741,,0.0001281023073053,0.3333333333333332,48345
0.52,ascending,1.0,0.15,20,30,<3>par,1031,0.91,-2.1227443333333325,0.2562827838827838,0.9291433333333412,0.3251555555555735,-0.3250288888889067,0.9283944444444524,0.3246977777777955,0.9270444444444548,0.0001308277777777,0.4173495425925921,,0.000124850712577,0.3333333333333332,48757
0.52,ascending,1.0,0.15,20,30,<3>par,1031,0.92,-2.124410666666666,0.2592336050724637,0.9269633333333412,0.3252400000000172,-0.3250122222222394,0.9273922222222316,0.3244344444444614,0.9251466666666772,0.0001336759259259,0.4166625000000003,,0.000129352946277,0.3333333333333332,48098
0.52,ascending,1.0,0.15,20,30,<3>par,1031,0.93,-2.1272139166666664,0.2615505376344086,0.930128888888894,0.3252777777777954,-0.3250811111111285,0.9299077777777848,0.3248077777777953,0.9284011111111172,0.000121524074074,0.4177834814814806,,0.00012797088062,0.3333333333333332,48942
0.52,ascending,1.0,0.15,20,30,<3>par,1031,0.9351,-2.1288351666666663,0.2625794923894057,0.9261244444444532,0.3249222222222399,-0.3246088888889068,0.9257566666666764,0.324345555555573,0.9240600000000108,0.0001383796296296,0.4162738814814817,,0.0001384612068819,0.3333333333333332,48692
0.52,ascending,1.0,0.15,20,30,<3>par,1031,0.94,-2.130189166666666,0.2640656914893617,0.9250733333333432,0.3246666666666841,-0.3243333333333507,0.925663333333343,0.3242133333333504,0.9230488888889,0.000130124074074,0.4157601055555556,,0.0001371984174906,0.3333333333333332,48652
0.52,ascending,1.0,0.15,20,30,<3>par,1031,0.95,-2.1320634166666665,0.2663638596491228,0.9232033333333444,0.3246233333333509,-0.3242166666666842,0.9227777777777902,0.3238055555555729,0.9211133333333436,0.0001367666666666,0.4151482814814809,,0.0001415803057011,0.3333333333333332,48621
0.52,ascending,1.0,0.15,20,30,<3>par,1031,0.96,-2.1356988333333327,0.2708388020833333,0.920495555555568,0.3246400000000176,-0.3240877777777955,0.9212122222222334,0.3238033333333512,0.9179955555555684,0.0001624425925925,0.4140300796296298,,0.0001516370468611,0.3333333333333332,49030
0.52,ascending,1.0,0.15,20,30,<3>par,1031,0.97,-2.139968291666666,0.2729335910652921,0.92025777777779,0.3244288888889062,-0.3241233333333508,0.9203722222222332,0.3237611111111287,0.9183588888889028,0.0001493537037037,0.4140656240740741,,0.0001496209980378,0.3333333333333332,49330
0.52,ascending,1.0,0.15,20,30,<3>par,1031,0.98,-2.1412402916666657,0.2757606292517006,0.9194177777777872,0.3242000000000172,-0.3238522222222395,0.9196511111111234,0.3232811111111285,0.9172166666666792,0.0001543925925925,0.4136112648148145,,0.0001531481199109,0.3333333333333332,49068
0.52,ascending,1.0,0.15,20,30,<3>par,1031,0.99,-2.144634583333333,0.2799164141414141,0.915367777777788,0.3241888888889067,-0.3238611111111287,0.9152511111111252,0.3234444444444622,0.9125388888889,0.0001470814814814,0.4120542592592592,,0.0001669793591275,0.3333333333333332,49394
0.52,ascending,1.0,0.15,20,30,<3>par,1031,1.0,-2.146911291666666,0.2829599166666666,0.9144300000000166,0.3236955555555729,-0.3233055555555729,0.914578888888904,0.3229822222222394,0.9114666666666804,0.0001531351851851,0.4115797462962971,,0.0001556696887458,0.3333333333333332,49135
0.52,ascending,1.0,0.15,20,30,<3>par,1031,1.01,-2.151609166666665,0.2845553630363036,0.915627777777789,0.3236822222222392,-0.323391111111128,0.9155133333333444,0.3228477777777945,0.9125133333333468,0.0001515962962962,0.4119594037037032,,0.0001542837425795,0.3333333333333332,49267
0.52,ascending,1.0,0.15,20,30,<3>par,1031,1.02,-2.1511637916666664,0.2886843137254901,0.910491111111127,0.3232677777777953,-0.3225888888889059,0.9110555555555718,0.3222144444444613,0.9078055555555732,0.0001641296296296,0.4100624629629634,,0.000172942617992,0.3333333333333332,49507
0.52,ascending,1.0,0.15,20,30,<3>par,1031,1.1,-2.176470125,0.3113868939393939,0.8976388888889079,0.3213700000000163,-0.3205655555555708,0.8975000000000158,0.3200822222222378,0.8935888888889054,0.0002002259259259,0.4045556851851852,,0.0001930403661994,0.3333333333333332,50850
0.52,ascending,1.0,0.15,20,30,<3>par,1031,1.2,-2.2090039583333327,0.3412546527777778,0.8753322222222232,0.3192655555555688,-0.3183644444444569,0.8745466666666636,0.3173922222222343,0.8700099999999948,0.000243937037037,0.3958183481481486,,0.0002509802392045,0.3333333333333332,51432
0.52,ascending,1.0,0.15,20,30,<3>par,1032,0.05,-2.007288875,0.0140816666666666,0.9998088888888854,0.333304444444459,-0.333304444444459,0.9998088888888854,0.333304444444459,0.9998088888888854,3.222222222222215e-07,0.4443714277777644,,3.15522159280085e-07,0.3333333333333333,40548
0.52,ascending,1.0,0.15,20,30,<3>par,1032,0.1,-2.0072572499999994,0.0279466666666666,0.9990833333333216,0.3332011111111258,-0.3332011111111258,0.9990833333333216,0.3331944444444591,0.9990833333333216,1.5018518518518453e-06,0.4440963925925844,,1.5895568143981542e-06,0.3333333333333332,41332
0.52,ascending,1.0,0.15,20,30,<3>par,1032,0.2,-2.0112743333333327,0.0562891666666666,0.9966999999999688,0.332961111111126,-0.3329600000000148,0.9966999999999688,0.3329600000000148,0.996702222222191,5.396296296296299e-06,0.4432273129629739,,5.392012810548593e-06,0.3333333333333332,41811
0.52,ascending,1.0,0.15,20,30,<3>par,1032,0.3,-2.0184820416666662,0.0835630555555555,0.9927077777777492,0.3323900000000152,-0.332387777777793,0.9927633333333044,0.3323900000000152,0.9926622222221934,1.2150000000000527e-05,0.4416987703703788,,1.287007007542366e-05,0.3333333333333332,42747
0.52,ascending,1.0,0.15,20,30,<3>par,1032,0.4,-2.027807208333332,0.1116904166666666,0.9857611111110884,0.3319033333333488,-0.3318355555555711,0.9858066666666436,0.3318577777777933,0.9857433333333108,2.362592592592672e-05,0.4392029555555575,,2.4547303935708497e-05,0.3333333333333332,43984
0.52,ascending,1.0,0.15,20,30,<3>par,1032,0.5,-2.040078291666666,0.139185,0.9800355555555368,0.3309866666666826,-0.3309744444444603,0.980042222222205,0.3309566666666825,0.9798722222222052,3.426666666666738e-05,0.4369739222222222,,3.369690974614831e-05,0.3333333333333332,43972
0.52,ascending,1.0,0.15,20,30,<3>par,1032,0.6,-2.0571092499999994,0.1670047222222222,0.9707799999999874,0.3300488888889051,-0.3300322222222384,0.9708266666666544,0.3299644444444607,0.9704855555555438,4.687407407407456e-05,0.4335417185185178,,5.258164626611569e-05,0.3333333333333332,45579
0.52,ascending,1.0,0.15,20,30,<3>par,1032,0.7,-2.076413875,0.1955045238095238,0.9594177777777728,0.3289444444444611,-0.3288344444444611,0.9596299999999938,0.3287944444444612,0.958882222222217,7.528703703703727e-05,0.4292571777777779,,7.481435025381436e-05,0.3333333333333332,46249
0.52,ascending,1.0,0.15,20,30,<3>par,1032,0.8,-2.095130999999999,0.2238401041666666,0.9452466666666686,0.326968888888906,-0.3268933333333507,0.9453700000000028,0.3267311111111282,0.9441666666666696,9.551666666666676e-05,0.4237280833333323,,9.51450463919997e-05,0.3333333333333332,47107
0.52,ascending,1.0,0.15,20,30,<3>par,1032,0.86,-2.1104189999999994,0.2399021317829457,0.9396755555555608,0.3263800000000174,-0.3260777777777953,0.9395144444444488,0.3259588888889064,0.938046666666672,0.0001015722222222,0.421414870370371,,0.0001060568333765,0.3333333333333332,47886
0.52,ascending,1.0,0.15,20,30,<3>par,1032,0.87,-2.1121738749999994,0.2444334291187739,0.9344588888888952,0.3257511111111286,-0.325583333333351,0.9345477777777832,0.3253266666666842,0.933103333333338,0.0001142759259259,0.4195292722222223,,0.0001197851772372,0.3333333333333332,48340
0.52,ascending,1.0,0.15,20,30,<3>par,1032,0.88,-2.114155374999999,0.2469494318181817,0.934321111111116,0.325755555555573,-0.3254077777777949,0.9348200000000068,0.3251622222222393,0.9327611111111164,0.0001166629629629,0.419432090740742,,0.0001210574317696,0.3333333333333332,48453
0.52,ascending,1.0,0.15,20,30,<3>par,1032,0.89,-2.116792166666666,0.2495713483146067,0.9342088888888948,0.3260288888889064,-0.325856666666684,0.9346788888888918,0.3254277777777951,0.932902222222226,0.0001194166666666,0.4195569166666666,,0.0001180391683759,0.3333333333333332,48223
0.52,ascending,1.0,0.15,20,30,<3>par,1032,0.9,-2.11844725,0.2521204629629629,0.9307755555555632,0.3258455555555729,-0.3256200000000174,0.9308511111111192,0.3253333333333508,0.929008888888896,0.0001243962962962,0.4181164814814813,,0.0001335165002038,0.3333333333333332,48104
0.52,ascending,1.0,0.15,20,30,<3>par,1032,0.91,-2.122375958333333,0.2552526556776556,0.9291566666666738,0.3256222222222398,-0.3253188888889062,0.9292411111111194,0.3251455555555728,0.9278633333333408,0.0001360907407407,0.4176961333333346,,0.0001256593328646,0.3333333333333332,48527
0.52,ascending,1.0,0.15,20,30,<3>par,1032,0.92,-2.125555999999999,0.2585673913043478,0.92853222222223,0.3251955555555726,-0.3247777777777949,0.9288611111111162,0.3247122222222395,0.926883333333342,0.0001325277777777,0.417252475925926,,0.0001256437349032,0.3333333333333332,48427
0.52,ascending,1.0,0.15,20,30,<3>par,1032,0.93,-2.1267098333333325,0.261380734767025,0.92608222222223,0.3255211111111278,-0.325050000000017,0.9264466666666747,0.3249333333333501,0.9240377777777848,0.000129637037037,0.4163957166666662,,0.0001343792633567,0.3333333333333332,48640
0.52,ascending,1.0,0.15,20,30,<3>par,1032,0.9351,-2.1285738333333333,0.2627503297330053,0.926217777777788,0.3250077777777949,-0.3247900000000173,0.9262122222222312,0.3242388888889061,0.9241033333333456,0.0001255277777777,0.41625235925926,,0.0001448027614012,0.3333333333333332,48340
0.52,ascending,1.0,0.15,20,30,<3>par,1032,0.94,-2.1315020833333325,0.2643044326241134,0.9270844444444524,0.3246922222222393,-0.3244866666666836,0.9265900000000048,0.3241711111111282,0.9248933333333422,0.0001385981481481,0.4164391074074078,,0.0001346005310575,0.3333333333333332,48735
0.52,ascending,1.0,0.15,20,30,<3>par,1032,0.95,-2.133292291666667,0.2675470175438597,0.9232011111111206,0.3245366666666838,-0.3241400000000172,0.922937777777788,0.3239066666666839,0.9209822222222336,0.0001551851851851,0.4150412166666675,,0.0001441600100956,0.3333333333333332,48630
0.52,ascending,1.0,0.15,20,30,<3>par,1032,0.96,-2.134870083333333,0.2711871527777777,0.9213177777777882,0.3245000000000176,-0.3241822222222397,0.9207144444444542,0.3238411111111289,0.919183333333346,0.0001457055555555,0.4144063074074083,,0.0001554517195754,0.3333333333333332,48834
0.52,ascending,1.0,0.15,20,30,<3>par,1032,0.97,-2.137345083333332,0.2725461340206185,0.921790000000012,0.3242644444444613,-0.3240333333333506,0.9221822222222344,0.3235322222222389,0.919516666666681,0.0001503333333333,0.4143684055555566,,0.0001423287339773,0.3333333333333332,48735
0.52,ascending,1.0,0.15,20,30,<3>par,1032,0.98,-2.142256375,0.2778681122448979,0.916376666666679,0.3243366666666842,-0.3239066666666841,0.9164288888889008,0.3236055555555729,0.9133433333333476,0.0001500629629629,0.4124268574074068,,0.0001434607755926,0.3333333333333332,49537
0.52,ascending,1.0,0.15,20,30,<3>par,1032,0.99,-2.144600833333332,0.2793223063973064,0.9167633333333456,0.3240600000000174,-0.3237266666666838,0.9173511111111248,0.3233055555555725,0.9141988888889048,0.0001343629629629,0.412637483333333,,0.000147092061535,0.3333333333333332,49117
0.52,ascending,1.0,0.15,20,30,<3>par,1032,1.0,-2.1465497083333327,0.2817459166666666,0.9133177777777916,0.3238766666666833,-0.3235666666666839,0.9123544444444588,0.3231055555555723,0.9104055555555722,0.0001660351851851,0.4111821518518513,,0.0001602934528988,0.3333333333333332,49152
0.52,ascending,1.0,0.15,20,30,<3>par,1032,1.01,-2.150000874999999,0.2842833333333333,0.9119466666666812,0.3228877777777941,-0.3223977777777939,0.91213555555557,0.3220000000000158,0.9095100000000162,0.0001639259259259,0.4105246092592591,,0.000156601322991,0.3333333333333332,49680
0.52,ascending,1.0,0.15,20,30,<3>par,1032,1.02,-2.1518605416666667,0.2876453431372548,0.912358888888904,0.323240000000017,-0.3228166666666838,0.9118600000000144,0.3222300000000166,0.9094288888889048,0.0001704333333333,0.4107509388888895,,0.0001565055503229,0.3333333333333332,49822
0.52,ascending,1.0,0.15,20,30,<3>par,1032,1.1,-2.176539374999999,0.310982803030303,0.8973366666666814,0.3216333333333495,-0.321170000000016,0.8978744444444589,0.3203977777777934,0.893545555555567,0.0001979166666666,0.404816109259259,,0.0002004777079249,0.3333333333333332,50456
0.52,ascending,1.0,0.15,20,30,<3>par,1032,1.2,-2.2104296249999997,0.3407600694444444,0.8758600000000036,0.3188511111111242,-0.317696666666678,0.8745666666666693,0.317174444444455,0.8701488888888883,0.0002489222222222,0.3957509907407414,,0.0002512403198697,0.3333333333333332,51297
0.52,ascending,1.0,0.15,20,30,<3>par,1033,0.05,-2.0062466666666667,0.0137966666666666,0.999847777777774,0.3333155555555701,-0.3333155555555701,0.999847777777774,0.3333155555555701,0.999847777777774,2.6481481481481456e-07,0.4443880499999871,,2.5457802954629024e-07,0.3333333333333332,40500
0.52,ascending,1.0,0.15,20,30,<3>par,1033,0.1,-2.0072274166666664,0.0274641666666666,0.9994222222222108,0.3332322222222369,-0.3332322222222369,0.9994222222222108,0.3332322222222369,0.9994222222222108,9.407407407407368e-07,0.444219129629622,,9.649817961921256e-07,0.3333333333333332,40399
0.52,ascending,1.0,0.15,20,30,<3>par,1033,0.2,-2.012363916666666,0.0556104166666666,0.9965999999999696,0.3330055555555704,-0.3330077777777925,0.9966222222221918,0.3330077777777925,0.9966033333333026,5.733333333333358e-06,0.4432087462963045,,5.480828612673663e-06,0.3333333333333332,41417
0.52,ascending,1.0,0.15,20,30,<3>par,1033,0.3,-2.01914225,0.0830352777777777,0.9921855555555268,0.3325455555555706,-0.3325477777777928,0.9921944444444158,0.3325477777777928,0.9921622222221932,1.3172222222222762e-05,0.4415759759259319,,1.2717133942990871e-05,0.3333333333333332,43052
0.52,ascending,1.0,0.15,20,30,<3>par,1033,0.4,-2.0288803749999995,0.1107387499999999,0.9875255555555316,0.3318177777777932,-0.3318044444444599,0.9875022222221976,0.3317900000000155,0.9874622222221976,2.1948148148148965e-05,0.439775470370373,,1.9889571871099627e-05,0.3333333333333332,43640
0.52,ascending,1.0,0.15,20,30,<3>par,1033,0.5,-2.04080575,0.1391721666666666,0.9785255555555384,0.3311200000000157,-0.3310988888889046,0.9784455555555382,0.3310211111111269,0.9783122222222056,3.63277777777785e-05,0.436479614814816,,3.573343517583818e-05,0.3333333333333332,44320
0.52,ascending,1.0,0.15,20,30,<3>par,1033,0.6,-2.0560771249999994,0.1675937499999999,0.9702099999999894,0.3298388888889051,-0.3298022222222384,0.970286666666656,0.3297800000000162,0.9700511111111004,5.144074074074122e-05,0.4332991259259264,,5.0632978562729145e-05,0.3333333333333332,45373
0.52,ascending,1.0,0.15,20,30,<3>par,1033,0.7,-2.074584874999999,0.195325119047619,0.9575111111111082,0.3287977777777943,-0.3286666666666832,0.9577033333333304,0.3286255555555721,0.9568766666666652,7.496851851851864e-05,0.4285489851851851,,7.575549804407351e-05,0.3333333333333332,46410
0.52,ascending,1.0,0.15,20,30,<3>par,1033,0.8,-2.095737458333333,0.2236954166666666,0.9467855555555575,0.327270000000017,-0.3270655555555726,0.946913333333336,0.3269033333333505,0.945725555555559,9.383703703703688e-05,0.424344133333334,,9.550575975914548e-05,0.3333333333333332,47167
0.52,ascending,1.0,0.15,20,30,<3>par,1033,0.86,-2.110475375,0.2416748062015503,0.9362277777777824,0.3265411111111284,-0.3264211111111286,0.9362655555555592,0.3261088888889062,0.9348711111111166,0.0001221685185185,0.4203808481481488,,0.0001110315302059,0.3333333333333332,47834
0.52,ascending,1.0,0.15,20,30,<3>par,1033,0.87,-2.112497583333332,0.2444370689655172,0.9341922222222308,0.3261388888889064,-0.3260300000000176,0.9340100000000076,0.3257911111111286,0.9326611111111198,0.0001264722222222,0.419549672222223,,0.0001150991163686,0.3333333333333332,48035
0.52,ascending,1.0,0.15,20,30,<3>par,1033,0.88,-2.1147288333333334,0.247981534090909,0.9340844444444484,0.3260400000000175,-0.3257000000000175,0.9331855555555608,0.3255155555555727,0.9321522222222268,0.0001236499999999,0.4192824870370377,,0.0001232054386563,0.3333333333333332,47717
0.52,ascending,1.0,0.15,20,30,<3>par,1033,0.89,-2.117317583333333,0.2501233146067416,0.9315033333333416,0.3253911111111285,-0.3251333333333511,0.9317266666666728,0.3248988888889064,0.930015555555564,0.0001292259259259,0.418257566666667,,0.0001287163269527,0.3333333333333332,47946
0.52,ascending,1.0,0.15,20,30,<3>par,1033,0.9,-2.119577625,0.2525830555555555,0.9325566666666708,0.3254188888889061,-0.325307777777795,0.932071111111116,0.3248944444444617,0.930623333333339,0.0001170851851851,0.4185947259259266,,0.0001240478886298,0.3333333333333332,48094
0.52,ascending,1.0,0.15,20,30,<3>par,1033,0.91,-2.121379708333332,0.2558136446886446,0.9291988888888962,0.3256500000000173,-0.325461111111128,0.9299988888888964,0.3251655555555727,0.9276411111111176,0.000123724074074,0.4177172518518524,,0.0001307223932765,0.3333333333333332,48487
0.52,ascending,1.0,0.15,20,30,<3>par,1033,0.92,-2.1249141666666658,0.2586132246376811,0.9285111111111184,0.3255422222222391,-0.3251377777777949,0.9285100000000084,0.3249511111111284,0.9266511111111204,0.0001389574074074,0.4172553962962967,,0.0001259115628121,0.3333333333333332,48339
0.52,ascending,1.0,0.15,20,30,<3>par,1033,0.93,-2.12745975,0.2617681003584229,0.9277800000000044,0.324997777777795,-0.3245833333333507,0.9279511111111152,0.3243377777777952,0.925741111111117,0.0001403629629629,0.4167851277777779,,0.0001333637899219,0.3333333333333332,49062
0.52,ascending,1.0,0.15,20,30,<3>par,1033,0.9351,-2.129245291666666,0.2637355184828716,0.924397777777788,0.3250366666666842,-0.3246200000000173,0.924246666666677,0.3242744444444612,0.9224400000000114,0.0001378333333333,0.415669985185186,,0.0001455607223521,0.3333333333333332,48861
0.52,ascending,1.0,0.15,20,30,<3>par,1033,0.94,-2.128684583333332,0.264171719858156,0.9259188888889004,0.3250977777777951,-0.3249455555555728,0.9257933333333448,0.3245777777777949,0.923856666666678,0.0001286185185185,0.4162581388888898,,0.0001351365338961,0.3333333333333332,48675
0.52,ascending,1.0,0.15,20,30,<3>par,1033,0.95,-2.133917625,0.2670752631578947,0.9257888888889,0.3247822222222398,-0.3246311111111288,0.9253533333333438,0.3242777777777954,0.9234900000000092,0.0001300999999999,0.4160323814814817,,0.0001345996712698,0.3333333333333332,49266
0.52,ascending,1.0,0.15,20,30,<3>par,1033,0.96,-2.1354767916666657,0.2692759548611111,0.9226044444444544,0.3243722222222397,-0.3240088888889065,0.9222788888888974,0.3236477777777948,0.9203222222222348,0.0001372277777777,0.4146604351851845,,0.0001552110754446,0.3333333333333332,48958
0.52,ascending,1.0,0.15,20,30,<3>par,1033,0.97,-2.1388082083333324,0.273271735395189,0.9206244444444552,0.3243322222222397,-0.3239633333333506,0.919828888888901,0.3237266666666842,0.918174444444456,0.0001506999999999,0.4140230351851857,,0.0001494304880596,0.3333333333333332,48949
0.52,ascending,1.0,0.15,20,30,<3>par,1033,0.98,-2.1406791249999992,0.2759162414965986,0.919195555555569,0.3245666666666841,-0.3240800000000174,0.9192288888888994,0.3237711111111287,0.9170088888889012,0.0001443666666666,0.4136773444444441,,0.0001476038884571,0.3333333333333332,48815
0.52,ascending,1.0,0.15,20,30,<3>par,1033,0.99,-2.143957916666666,0.2789824074074074,0.9174988888888996,0.3239411111111285,-0.3235455555555727,0.9180777777777892,0.3232466666666835,0.9152244444444586,0.0001491333333333,0.4128701962962954,,0.0001553210410112,0.3333333333333332,48908
0.52,ascending,1.0,0.15,20,30,<3>par,1033,1.0,-2.1456602499999997,0.281185,0.9143188888889048,0.3237177777777952,-0.3232788888889062,0.9139100000000172,0.3226277777777947,0.9114511111111288,0.000171424074074,0.411437651851852,,0.0001598318022637,0.3333333333333332,49259
0.52,ascending,1.0,0.15,20,30,<3>par,1033,1.01,-2.1500752083333325,0.2842437293729373,0.9147933333333468,0.323854444444462,-0.3235488888889067,0.9147855555555696,0.3229211111111287,0.9124611111111278,0.0001626018518518,0.4118867574074064,,0.0001564863740235,0.3333333333333332,49545
0.52,ascending,1.0,0.15,20,30,<3>par,1033,1.02,-2.151302291666666,0.2872390522875817,0.9121244444444596,0.3232688888889057,-0.3225733333333497,0.9114300000000142,0.322147777777794,0.9086311111111264,0.0001800055555555,0.4103871740740734,,0.000174401446358,0.3333333333333332,49383
0.52,ascending,1.0,0.15,20,30,<3>par,1033,1.1,-2.174707541666667,0.3107491666666666,0.8973200000000189,0.3217700000000169,-0.321092222222239,0.8981322222222391,0.3204455555555717,0.8935133333333527,0.0001993944444444,0.4047361240740741,,0.0001937382055861,0.3333333333333332,50139
0.52,ascending,1.0,0.15,20,30,<3>par,1033,1.2,-2.208928291666666,0.3403304861111111,0.8773022222222246,0.3189388888889022,-0.3183033333333463,0.8772777777777813,0.3170922222222339,0.871651111111107,0.0002330962962962,0.396289083333334,,0.0002562939127459,0.3333333333333332,51508
0.52,ascending,1.0,0.15,20,30,<3>par,1034,0.05,-2.007302541666667,0.0142816666666666,0.999719999999998,0.3332733333333479,-0.3332733333333479,0.999719999999998,0.3332733333333479,0.999719999999998,4.925925925925912e-07,0.4443315907407256,,4.925925925925971e-07,0.3333333333333332,40630
0.52,ascending,1.0,0.15,20,30,<3>par,1034,0.1,-2.00834475,0.0282766666666666,0.9989122222222084,0.3332700000000146,-0.3332700000000146,0.9989122222222084,0.3332700000000146,0.9989122222222084,1.8129629629629536e-06,0.4440626018518426,,1.7995628370786803e-06,0.3333333333333332,41062
0.52,ascending,1.0,0.15,20,30,<3>par,1034,0.2,-2.0109634999999995,0.0549199999999999,0.9965922222221943,0.3329800000000149,-0.3329788888889037,0.9966011111110832,0.3329800000000149,0.9966022222221944,5.727777777777828e-06,0.4431975148148217,,5.537902057326437e-06,0.3333333333333332,41583
0.52,ascending,1.0,0.15,20,30,<3>par,1034,0.3,-2.0188848749999995,0.0830716666666666,0.9927111111110823,0.3325877777777928,-0.3325733333333484,0.9927244444444157,0.3325755555555706,0.9927022222221936,1.2114814814815385e-05,0.4417714092592661,,1.2109377516127409e-05,0.3333333333333332,42741
0.52,ascending,1.0,0.15,20,30,<3>par,1034,0.4,-2.028344374999999,0.1113910416666666,0.986406666666642,0.3316611111111266,-0.331665555555571,0.986452222222198,0.3315888888889044,0.9863166666666424,2.4346296296297065e-05,0.4393432629629639,,2.3517586162613685e-05,0.3333333333333332,43496
0.52,ascending,1.0,0.15,20,30,<3>par,1034,0.5,-2.041607708333333,0.1392578333333333,0.979046666666646,0.3310155555555714,-0.3310511111111268,0.979111111111091,0.3310133333333491,0.979032222222203,3.527407407407478e-05,0.4367101648148152,,3.449603186590058e-05,0.3333333333333332,44396
0.52,ascending,1.0,0.15,20,30,<3>par,1034,0.6,-2.056419916666666,0.1679288888888889,0.9692711111110992,0.3301622222222383,-0.3301055555555718,0.9694211111111,0.3300355555555718,0.9687688888888784,5.490185185185213e-05,0.4329926611111117,,5.3026837473981456e-05,0.3333333333333332,45392
0.52,ascending,1.0,0.15,20,30,<3>par,1034,0.7,-2.0743795,0.1958275,0.9595533333333316,0.3286677777777944,-0.3286266666666833,0.95981333333333,0.3284955555555723,0.9591688888888856,7.352222222222248e-05,0.4292495314814815,,6.766453888212255e-05,0.3333333333333332,46328
0.52,ascending,1.0,0.15,20,30,<3>par,1034,0.8,-2.096503249999999,0.2246085416666666,0.9453366666666696,0.3275211111111279,-0.3272455555555724,0.9451977777777804,0.3271766666666837,0.9439333333333364,0.0001000555555555,0.4237691722222221,,9.879698063616872e-05,0.3333333333333332,47229
0.52,ascending,1.0,0.15,20,30,<3>par,1034,0.86,-2.111463416666666,0.2406114341085271,0.9389488888888924,0.3264733333333504,-0.3262555555555729,0.938824444444447,0.326027777777795,0.9380500000000008,0.0001140333333333,0.4214316296296296,,0.0001070372354894,0.3333333333333332,48222
0.52,ascending,1.0,0.15,20,30,<3>par,1034,0.87,-2.113093,0.2440144636015326,0.9380522222222272,0.3263988888889061,-0.3261488888889065,0.9384488888888944,0.3258966666666843,0.936970000000003,0.0001127851851851,0.4210188351851854,,0.0001167154974765,0.3333333333333332,47993
0.52,ascending,1.0,0.15,20,30,<3>par,1034,0.88,-2.115737333333333,0.2480701704545454,0.93247333333334,0.3261111111111285,-0.3257900000000174,0.9323188888888976,0.3255822222222397,0.9303400000000098,0.0001205611111111,0.418675974074075,,0.000125367130068,0.3333333333333332,48220
0.52,ascending,1.0,0.15,20,30,<3>par,1034,0.89,-2.116621708333333,0.2507498127340823,0.9328466666666724,0.325861111111128,-0.3256700000000171,0.9329188888888972,0.3253944444444617,0.9312300000000074,0.0001216351851851,0.4190120425925934,,0.0001273913662114,0.3333333333333332,48345
0.52,ascending,1.0,0.15,20,30,<3>par,1034,0.9,-2.1195430416666667,0.2528524074074074,0.9327577777777842,0.325513333333351,-0.3253811111111286,0.9325511111111195,0.3251011111111286,0.930917777777785,0.0001270888888888,0.4187661370370372,,0.0001196338183816,0.3333333333333332,48136
0.52,ascending,1.0,0.15,20,30,<3>par,1034,0.91,-2.1228286249999995,0.255764652014652,0.9316566666666752,0.3255588888889061,-0.3252066666666839,0.9325811111111189,0.3250233333333507,0.9303800000000068,0.0001269833333333,0.418488724074074,,0.0001222315515324,0.3333333333333332,48256
0.52,ascending,1.0,0.15,20,30,<3>par,1034,0.92,-2.125439583333333,0.2582755434782608,0.9277433333333398,0.3251588888889062,-0.3248122222222396,0.9278288888888934,0.3247400000000172,0.9261277777777864,0.0001249222222222,0.4170435462962962,,0.0001342013845755,0.3333333333333332,48182
0.52,ascending,1.0,0.15,20,30,<3>par,1034,0.93,-2.1277157916666662,0.261804211469534,0.9295111111111172,0.3250011111111284,-0.3248200000000172,0.9291211111111198,0.3244844444444618,0.9277044444444528,0.0001332203703703,0.4174914203703706,,0.0001277095343528,0.3333333333333332,48616
0.52,ascending,1.0,0.15,20,30,<3>par,1034,0.9351,-2.129109708333333,0.2628126225359141,0.9268122222222304,0.3250055555555731,-0.3247333333333506,0.926696666666675,0.3242733333333507,0.9249933333333424,0.0001354092592592,0.416559062962963,,0.0001389357088134,0.3333333333333332,48637
0.52,ascending,1.0,0.15,20,30,<3>par,1034,0.94,-2.129034208333333,0.2659094858156028,0.923747777777788,0.3249133333333502,-0.324530000000017,0.923673333333342,0.3241955555555725,0.9218333333333432,0.0001357629629629,0.4154874740740741,,0.0001354977216484,0.3333333333333332,48869
0.52,ascending,1.0,0.15,20,30,<3>par,1034,0.95,-2.1335863333333327,0.2681200877192982,0.9234155555555646,0.3244177777777952,-0.3241333333333505,0.9239622222222322,0.3237955555555725,0.9214177777777892,0.0001513333333333,0.4151449481481487,,0.0001404334400879,0.3333333333333332,48729
0.52,ascending,1.0,0.15,20,30,<3>par,1034,0.96,-2.134312458333332,0.2696737847222222,0.9234766666666764,0.3247633333333509,-0.3245044444444618,0.9237544444444536,0.3238122222222394,0.9216755555555654,0.0001309833333333,0.4153183481481494,,0.0001356101442483,0.3333333333333332,48576
0.52,ascending,1.0,0.15,20,30,<3>par,1034,0.97,-2.138197999999999,0.272951116838488,0.920203333333342,0.3241433333333507,-0.3239833333333506,0.920566666666676,0.3234011111111285,0.9183377777777892,0.0001431148148148,0.413972262962963,,0.0001478048478905,0.3333333333333332,49344
0.52,ascending,1.0,0.15,20,30,<3>par,1034,0.98,-2.1408915416666665,0.2753149659863946,0.9185866666666814,0.3243855555555729,-0.3239933333333505,0.9193755555555716,0.3235022222222398,0.916296666666682,0.0001635925925925,0.4133391185185183,,0.0001523298817186,0.3333333333333332,49146
0.52,ascending,1.0,0.15,20,30,<3>par,1034,0.99,-2.1436050833333327,0.2781350168350168,0.9157444444444548,0.3237644444444622,-0.323374444444462,0.9156900000000128,0.3228711111111286,0.9131466666666808,0.0001567722222222,0.412075351851852,,0.0001769009037982,0.3333333333333332,49283
0.52,ascending,1.0,0.15,20,30,<3>par,1034,1.0,-2.14633125,0.281634,0.9151822222222366,0.3236622222222395,-0.3232122222222394,0.9157555555555704,0.3228766666666839,0.9127277777777932,0.0001641851851851,0.4120262740740741,,0.0001527068927642,0.3333333333333332,49252
0.52,ascending,1.0,0.15,20,30,<3>par,1034,1.01,-2.150568583333332,0.2845958745874587,0.9133644444444584,0.3237588888889062,-0.3231055555555731,0.9136511111111248,0.3227422222222392,0.9106088888889032,0.0001593333333333,0.4112227148148151,,0.0001674511573673,0.3333333333333332,49235
0.52,ascending,1.0,0.15,20,30,<3>par,1034,1.02,-2.151871958333333,0.2888040849673202,0.9099311111111276,0.3232355555555731,-0.3226822222222394,0.9092266666666828,0.3225577777777947,0.9059033333333496,0.0001833888888888,0.4095253018518519,,0.0001685539500415,0.3333333333333332,49584
0.52,ascending,1.0,0.15,20,30,<3>par,1034,1.1,-2.176728458333333,0.3107797727272727,0.8987266666666872,0.3218977777777946,-0.3214366666666832,0.8987833333333519,0.3208366666666825,0.8944411111111311,0.0001958203703703,0.4051656425925938,,0.0001931992017967,0.3333333333333332,50489
0.52,ascending,1.0,0.15,20,30,<3>par,1034,1.2,-2.2078834166666663,0.3402655555555555,0.8782811111111173,0.3192255555555696,-0.318307777777791,0.8790966666666742,0.3177400000000122,0.8725833333333365,0.0002476981481481,0.3966039259259273,,0.0002412562507567,0.3333333333333332,51397
0.52,ascending,1.0,0.15,20,30,<3>par,1035,0.05,-2.0064972916666663,0.0130649999999999,0.9997511111111042,0.3333011111111257,-0.3333011111111257,0.9997511111111042,0.3333011111111257,0.9997511111111042,4.148148148148137e-07,0.4443511555555448,,4.14814814814821e-07,0.3333333333333332,40733
0.52,ascending,1.0,0.15,20,30,<3>par,1035,0.1,-2.0081319166666662,0.0277724999999999,0.9991277777777656,0.3332688888889035,-0.3332688888889035,0.9991277777777656,0.3332688888889035,0.9991277777777656,1.3981481481481416e-06,0.4441337259259189,,1.447146259884262e-06,0.3333333333333332,41017
0.52,ascending,1.0,0.15,20,30,<3>par,1035,0.2,-2.013234749999999,0.0562374999999999,0.9968644444444176,0.3329777777777925,-0.3329788888889036,0.9968644444444176,0.3329733333333481,0.9968644444444176,5.096296296296269e-06,0.4432866111111162,,5.277428758321736e-06,0.3333333333333332,41830
0.52,ascending,1.0,0.15,20,30,<3>par,1035,0.3,-2.0193680833333323,0.0834838888888888,0.9920677777777512,0.332497777777793,-0.3324611111111263,0.9920955555555288,0.3324811111111263,0.9920355555555292,1.3385185185185832e-05,0.4415204740740792,,1.409887410371998e-05,0.3333333333333332,42623
0.52,ascending,1.0,0.15,20,30,<3>par,1035,0.4,-2.0284442499999997,0.1108731249999999,0.9872866666666416,0.3317666666666822,-0.3317811111111266,0.9874633333333076,0.3317511111111266,0.9872122222221968,2.1501851851852776e-05,0.4396798240740766,,2.1626199661875096e-05,0.3333333333333332,43483
0.52,ascending,1.0,0.15,20,30,<3>par,1035,0.5,-2.0414020833333333,0.1391341666666666,0.9792999999999832,0.3310766666666823,-0.3310055555555712,0.9794788888888714,0.331013333333349,0.9792499999999827,3.459814814814896e-05,0.4367891185185177,,3.490082560133348e-05,0.3333333333333332,44632
0.52,ascending,1.0,0.15,20,30,<3>par,1035,0.6,-2.0555377916666666,0.1675206944444444,0.9695244444444348,0.330000000000016,-0.3299077777777939,0.9694799999999903,0.3298144444444605,0.9692177777777674,5.330370370370423e-05,0.4330424925925917,,5.286746570900208e-05,0.3333333333333332,45417
0.52,ascending,1.0,0.15,20,30,<3>par,1035,0.7,-2.075001458333333,0.196257738095238,0.9587144444444432,0.3288600000000166,-0.32876333333335,0.9584799999999988,0.3286255555555722,0.9576322222222208,7.564814814814846e-05,0.428855005555555,,7.498259859078896e-05,0.3333333333333332,46554
0.52,ascending,1.0,0.15,20,30,<3>par,1035,0.8,-2.0965828333333327,0.2237105208333333,0.9450088888888936,0.3271988888889059,-0.3270555555555728,0.9445544444444466,0.3268922222222395,0.9436711111111143,0.0001062129629629,0.4235598888888879,,0.0001012349429203,0.3333333333333332,47497
0.52,ascending,1.0,0.15,20,30,<3>par,1035,0.86,-2.10942425,0.2406249031007751,0.9395500000000072,0.3264200000000175,-0.3263211111111284,0.9393333333333396,0.3259277777777951,0.938174444444449,0.000109637037037,0.4215085148148143,,0.0001137438824344,0.3333333333333332,47840
0.52,ascending,1.0,0.15,20,30,<3>par,1035,0.87,-2.113364916666666,0.2448295977011494,0.93496888888889,0.3262422222222392,-0.3259533333333503,0.9354644444444458,0.3255555555555728,0.933571111111114,0.0001172814814814,0.4198106074074065,,0.0001151923790834,0.3333333333333332,48024
0.52,ascending,1.0,0.15,20,30,<3>par,1035,0.88,-2.114248625,0.2466428030303029,0.9344544444444508,0.3261744444444612,-0.3260088888889054,0.9342244444444516,0.325624444444461,0.9324333333333402,0.0001227592592592,0.4195029629629632,,0.0001161934846904,0.3333333333333332,48300
0.52,ascending,1.0,0.15,20,30,<3>par,1035,0.89,-2.1166525000000003,0.2491154494382022,0.933140000000004,0.3260277777777953,-0.3257677777777953,0.9331266666666695,0.325407777777795,0.9316688888888937,0.0001173148148148,0.4191513351851861,,0.0001260541024848,0.3333333333333332,48599
0.52,ascending,1.0,0.15,20,30,<3>par,1035,0.9,-2.119911416666666,0.2518932407407407,0.931165555555566,0.325695555555573,-0.3253900000000173,0.9313811111111228,0.3249755555555729,0.9297266666666758,0.0001274018518518,0.4183490740740743,,0.0001267454734102,0.3333333333333332,48320
0.52,ascending,1.0,0.15,20,30,<3>par,1035,0.91,-2.120311125,0.2561667582417582,0.9286888888888984,0.3257244444444617,-0.3253133333333508,0.928603333333343,0.3249500000000176,0.9268322222222296,0.0001335351851851,0.4174076907407419,,0.0001275299529291,0.3333333333333332,48493
0.52,ascending,1.0,0.15,20,30,<3>par,1035,0.92,-2.1251240833333327,0.2576127717391304,0.9266755555555652,0.3256400000000176,-0.3252222222222398,0.9258355555555638,0.3249344444444622,0.9243400000000076,0.0001340851851851,0.4165193666666669,,0.0001383860936974,0.3333333333333332,48721
0.52,ascending,1.0,0.15,20,30,<3>par,1035,0.93,-2.128502875,0.2615628136200716,0.9281700000000116,0.3256022222222391,-0.3253577777777945,0.9279088888888996,0.3248677777777948,0.9261866666666784,0.0001213962962962,0.4171796370370367,,0.0001243130541422,0.3333333333333332,48894
0.52,ascending,1.0,0.15,20,30,<3>par,1035,0.9351,-2.129643249999999,0.2650589954728549,0.9253955555555656,0.324874444444462,-0.3246966666666843,0.9256288888888994,0.324403333333351,0.9233311111111212,0.0001416481481481,0.4159764203703699,,0.0001368643209794,0.3333333333333332,48660
0.52,ascending,1.0,0.15,20,30,<3>par,1035,0.94,-2.130520208333333,0.2645937943262411,0.926206666666676,0.3247122222222395,-0.3244933333333506,0.9257688888888976,0.324157777777795,0.9235022222222316,0.0001294555555555,0.4160035851851856,,0.000138879456058,0.3333333333333332,49321
0.52,ascending,1.0,0.15,20,30,<3>par,1035,0.95,-2.131671749999999,0.2672530701754386,0.921054444444458,0.3245366666666839,-0.3242555555555729,0.921606666666676,0.3238277777777948,0.9189888888888992,0.0001323851851851,0.414319774074074,,0.0001531278382026,0.3333333333333332,48748
0.52,ascending,1.0,0.15,20,30,<3>par,1035,0.96,-2.135059625,0.2697709201388888,0.9221000000000108,0.3247388888889059,-0.3243855555555729,0.9226100000000118,0.3240288888889061,0.9198477777777913,0.0001395796296296,0.4147479888888887,,0.0001471129377616,0.3333333333333332,48787
0.52,ascending,1.0,0.15,20,30,<3>par,1035,0.97,-2.1389223333333325,0.2722768900343643,0.922018888888901,0.3241511111111283,-0.3237833333333502,0.9228800000000104,0.3235177777777951,0.9196511111111232,0.0001300555555555,0.4145387092592607,,0.0001299943031829,0.3333333333333332,49228
0.52,ascending,1.0,0.15,20,30,<3>par,1035,0.98,-2.1416614166666665,0.2757164115646258,0.9167166666666798,0.3241444444444619,-0.3235766666666843,0.916515555555571,0.3231744444444613,0.9143300000000156,0.0001682444444444,0.4125323555555549,,0.0001481408921468,0.3333333333333332,49407
0.52,ascending,1.0,0.15,20,30,<3>par,1035,0.99,-2.145082458333333,0.2791349326599326,0.9149888888889048,0.3240244444444616,-0.3236200000000173,0.9154911111111248,0.3229677777777948,0.9122711111111254,0.0001561259259259,0.4119512370370359,,0.0001544670635715,0.3333333333333332,49089
0.52,ascending,1.0,0.15,20,30,<3>par,1035,1.0,-2.147555583333333,0.2816309999999999,0.9147455555555696,0.3238366666666843,-0.323315555555573,0.914253333333348,0.3228388888889065,0.911762222222238,0.0001724666666666,0.4116210259259255,,0.0001530097788144,0.3333333333333332,49258
0.52,ascending,1.0,0.15,20,30,<3>par,1035,1.01,-2.1489463333333334,0.2841296204620462,0.9149355555555696,0.323948888888906,-0.3233477777777947,0.9149100000000124,0.3230000000000168,0.9121033333333476,0.0001638388888888,0.4117813462962955,,0.0001538838342774,0.3333333333333332,49238
0.52,ascending,1.0,0.15,20,30,<3>par,1035,1.02,-2.153001875,0.2873556372549019,0.9111066666666836,0.3234077777777947,-0.3228411111111275,0.9118144444444612,0.3222800000000162,0.9084855555555728,0.0001594759259259,0.4103561925925935,,0.0001723102742055,0.3333333333333332,49457
0.52,ascending,1.0,0.15,20,30,<3>par,1035,1.1,-2.176019791666666,0.311092196969697,0.8978544444444622,0.3213977777777937,-0.3208222222222379,0.8983655555555756,0.3202733333333479,0.8944788888889058,0.0001810944444444,0.4050472666666674,,0.0002102535897179,0.3333333333333332,50400
0.52,ascending,1.0,0.15,20,30,<3>par,1035,1.2,-2.2085044583333326,0.3393585416666667,0.8817066666666789,0.3193722222222372,-0.3189366666666813,0.8819555555555662,0.3177388888889004,0.8774066666666746,0.000220074074074,0.3984414759259259,,0.0002239307413082,0.3333333333333332,51922
0.52,ascending,1.0,0.15,20,30,<3>par,1036,0.05,-2.007076083333333,0.0145399999999999,0.9997699999999966,0.3333077777777923,-0.3333077777777923,0.9997699999999966,0.3333077777777923,0.9997699999999966,4.018518518518509e-07,0.4443596574073944,,3.890558702661981e-07,0.3333333333333332,40706
0.52,ascending,1.0,0.15,20,30,<3>par,1036,0.1,-2.0077027916666665,0.0270783333333333,0.9992644444444302,0.3332322222222368,-0.3332322222222368,0.9992644444444302,0.3332322222222368,0.9992644444444302,1.2370370370370312e-06,0.4441668203703649,,1.2338736964212924e-06,0.3333333333333332,40856
0.52,ascending,1.0,0.15,20,30,<3>par,1036,0.2,-2.0120705,0.0550966666666666,0.9971288888888624,0.3329777777777926,-0.3329788888889037,0.9971188888888622,0.3329788888889037,0.997114444444418,4.679629629629604e-06,0.4433697185185292,,5.0142593950254285e-06,0.3333333333333332,41942
0.52,ascending,1.0,0.15,20,30,<3>par,1036,0.3,-2.0193427083333337,0.0843905555555555,0.9928766666666392,0.3325855555555704,-0.3325855555555704,0.9929122222221944,0.3325844444444593,0.9928933333333056,1.0872222222222644e-05,0.4418339296296356,,1.1973876979293962e-05,0.3333333333333332,42780
0.52,ascending,1.0,0.15,20,30,<3>par,1036,0.4,-2.028576624999999,0.1109381249999999,0.98712333333331,0.3318822222222377,-0.3318766666666822,0.9870555555555326,0.33185444444446,0.9869633333333104,2.0474074074075047e-05,0.4396324574074101,,2.238871835310669e-05,0.3333333333333332,43747
0.52,ascending,1.0,0.15,20,30,<3>par,1036,0.5,-2.040393166666666,0.1396331666666666,0.9791733333333136,0.3312266666666822,-0.3311977777777934,0.979255555555536,0.3311477777777933,0.9791211111110916,3.5611111111111816e-05,0.4367977648148134,,3.4477592185294164e-05,0.3333333333333332,44557
0.52,ascending,1.0,0.15,20,30,<3>par,1036,0.6,-2.056881249999999,0.1678513888888888,0.9700566666666558,0.3299322222222384,-0.3298533333333495,0.970077777777767,0.3298588888889051,0.9699599999999888,5.144444444444496e-05,0.4332963907407409,,5.099957214263199e-05,0.3333333333333332,45272
0.52,ascending,1.0,0.15,20,30,<3>par,1036,0.7,-2.0748034166666662,0.195872738095238,0.9583688888888848,0.3288822222222389,-0.3287488888889054,0.9583444444444416,0.3285855555555721,0.957721111111106,7.591111111111122e-05,0.4288283055555562,,7.394193533029849e-05,0.3333333333333332,46325
0.52,ascending,1.0,0.15,20,30,<3>par,1036,0.8,-2.095854416666666,0.2226463541666666,0.9452611111111142,0.327008888888906,-0.3267566666666837,0.9453922222222272,0.3265000000000172,0.9442900000000034,9.608703703703708e-05,0.423737862962964,,9.852419013419876e-05,0.3333333333333332,47553
0.52,ascending,1.0,0.15,20,30,<3>par,1036,0.86,-2.110344208333333,0.2419437984496124,0.9386688888888942,0.3264566666666841,-0.3262066666666839,0.9384533333333376,0.3259222222222395,0.9370988888888926,0.0001075666666666,0.4211318555555566,,0.0001098348295754,0.3333333333333332,48198
0.52,ascending,1.0,0.15,20,30,<3>par,1036,0.87,-2.1124987083333333,0.2449783524904214,0.934364444444448,0.3261433333333506,-0.3258511111111283,0.9347033333333366,0.3256722222222397,0.932631111111116,0.0001170907407407,0.419512757407407,,0.0001235956639148,0.3333333333333332,47924
0.52,ascending,1.0,0.15,20,30,<3>par,1036,0.88,-2.114024208333333,0.2469169507575757,0.9346777777777836,0.3259166666666838,-0.3258266666666839,0.9354811111111142,0.3254822222222395,0.9332655555555616,0.0001179648148148,0.4196551537037036,,0.000115782344305,0.3333333333333332,48431
0.52,ascending,1.0,0.15,20,30,<3>par,1036,0.89,-2.1175722916666664,0.2499468164794007,0.9335700000000038,0.3260766666666841,-0.3256744444444618,0.9339577777777828,0.325475555555573,0.9321944444444492,0.0001216592592592,0.4193144166666663,,0.0001198758569121,0.3333333333333332,48168
0.52,ascending,1.0,0.15,20,30,<3>par,1036,0.9,-2.121024916666666,0.2534316666666666,0.9309177777777824,0.3259044444444617,-0.3256533333333504,0.9307766666666706,0.3254444444444618,0.9290633333333388,0.0001228462962962,0.4182190296296298,,0.0001240921890974,0.3333333333333332,48605
0.52,ascending,1.0,0.15,20,30,<3>par,1036,0.91,-2.123774249999999,0.2551696886446886,0.9299366666666736,0.3255288888889063,-0.3252000000000177,0.9297511111111189,0.3249188888889066,0.9278977777777856,0.0001369777777777,0.4177030648148143,,0.0001286643842421,0.3333333333333332,48824
0.52,ascending,1.0,0.15,20,30,<3>par,1036,0.92,-2.1251420833333325,0.2584865942028985,0.9282266666666736,0.3254722222222393,-0.3252766666666838,0.928854444444452,0.3249300000000169,0.926837777777786,0.0001302314814814,0.4173471722222225,,0.0001340589000951,0.3333333333333332,48739
0.52,ascending,1.0,0.15,20,30,<3>par,1036,0.93,-2.1288379166666664,0.2620871863799283,0.9271977777777858,0.3248822222222396,-0.3245688888889061,0.9276122222222294,0.3242588888889059,0.9254244444444534,0.0001353203703703,0.4166712722222219,,0.0001340249604207,0.3333333333333332,48519
0.52,ascending,1.0,0.15,20,30,<3>par,1036,0.9351,-2.1279975416666663,0.2645352546964674,0.9251033333333404,0.3246555555555728,-0.3244311111111285,0.9258477777777864,0.324216666666684,0.9229511111111208,0.0001498462962962,0.4158215055555554,,0.0001298202893357,0.3333333333333332,48604
0.52,ascending,1.0,0.15,20,30,<3>par,1036,0.94,-2.131278541666666,0.2651471631205673,0.9252600000000084,0.3248866666666838,-0.3245888888889064,0.9251700000000088,0.3241788888889059,0.923118888888898,0.000144087037037,0.4158603518518522,,0.0001435693571778,0.3333333333333332,48414
0.52,ascending,1.0,0.15,20,30,<3>par,1036,0.95,-2.131089791666666,0.2665414912280702,0.9218822222222314,0.3244966666666843,-0.3242922222222399,0.9220433333333437,0.3236622222222396,0.9196477777777896,0.0001447129629629,0.4146513370370376,,0.0001431143675072,0.3333333333333332,48722
0.52,ascending,1.0,0.15,20,30,<3>par,1036,0.96,-2.136416708333333,0.2707934027777777,0.9225300000000096,0.3246622222222397,-0.3243033333333509,0.921941111111122,0.3239933333333507,0.9201900000000116,0.0001407388888888,0.4147761222222241,,0.0001385945725254,0.3333333333333332,48842
0.52,ascending,1.0,0.15,20,30,<3>par,1036,0.97,-2.137484458333333,0.2726730240549828,0.921075555555565,0.3243411111111278,-0.3242066666666831,0.921368888888901,0.3237633333333498,0.9188500000000134,0.0001515481481481,0.4143435703703705,,0.0001437816489814,0.3333333333333332,49056
0.52,ascending,1.0,0.15,20,30,<3>par,1036,0.98,-2.14066575,0.275660119047619,0.9172244444444582,0.3239933333333505,-0.3237733333333507,0.9174433333333444,0.3234088888889059,0.9143944444444588,0.0001491462962962,0.4127127888888895,,0.0001502600963628,0.3333333333333332,49139
0.52,ascending,1.0,0.15,20,30,<3>par,1036,0.99,-2.143757958333332,0.2799254208754208,0.9153588888889044,0.3237322222222399,-0.3232833333333511,0.915124444444459,0.3230022222222397,0.9126800000000148,0.0001496777777777,0.4119491833333341,,0.0001564468796327,0.3333333333333332,49164
0.52,ascending,1.0,0.15,20,30,<3>par,1036,1.0,-2.1463199583333337,0.281431,0.9150988888889008,0.3234655555555725,-0.3230400000000168,0.91559666666668,0.3224944444444616,0.9130533333333494,0.0001482055555555,0.411931164814815,,0.0001543232339346,0.3333333333333332,49171
0.52,ascending,1.0,0.15,20,30,<3>par,1036,1.01,-2.14951425,0.2850989273927392,0.914908888888902,0.3237844444444621,-0.3234844444444622,0.9147644444444588,0.3230822222222396,0.912347777777794,0.0001732333333333,0.4118192907407408,,0.0001513759045994,0.3333333333333332,49205
0.52,ascending,1.0,0.15,20,30,<3>par,1036,1.02,-2.1516759583333327,0.2872493464052287,0.9114177777777926,0.3232577777777951,-0.3227955555555728,0.9108266666666824,0.3223966666666835,0.9084188888889068,0.0001520962962962,0.4102373999999992,,0.0001699681234898,0.3333333333333332,49835
0.52,ascending,1.0,0.15,20,30,<3>par,1036,1.1,-2.1762565,0.3102594696969697,0.897855555555574,0.3218388888889051,-0.3210900000000162,0.8979677777777962,0.3208366666666815,0.8941222222222394,0.0001915055555555,0.404975594444445,,0.0002012063739256,0.3333333333333332,50128
0.52,ascending,1.0,0.15,20,30,<3>par,1036,1.2,-2.209871333333333,0.3406786111111111,0.8771733333333352,0.3187444444444583,-0.3177677777777898,0.8770155555555593,0.3168444444444561,0.8719888888888871,0.0002361407407407,0.3962413388888887,,0.0002519026351964,0.3333333333333332,51140
0.52,ascending,1.0,0.15,20,30,<3>par,1037,0.05,-2.0071199166666664,0.0136833333333333,0.9997933333333308,0.333314444444459,-0.333314444444459,0.9997933333333308,0.333314444444459,0.9997933333333308,3.4444444444444365e-07,0.4443696037036901,,3.444444444444409e-07,0.3333333333333332,40888
0.52,ascending,1.0,0.15,20,30,<3>par,1037,0.1,-2.0074199583333323,0.0282074999999999,0.9993455555555462,0.3332255555555702,-0.3332255555555702,0.9993455555555462,0.3332255555555702,0.9993466666666574,1.0833333333333284e-06,0.4441915129629535,,1.089055870266186e-06,0.3333333333333333,40949
0.52,ascending,1.0,0.15,20,30,<3>par,1037,0.2,-2.0127994999999994,0.0556366666666666,0.9970411111110804,0.3329433333333482,-0.3329433333333482,0.9970533333333028,0.3329433333333482,0.9970422222221916,5.229629629629606e-06,0.4433333222222327,,4.943570118601841e-06,0.3333333333333332,42060
0.52,ascending,1.0,0.15,20,30,<3>par,1037,0.3,-2.020079125,0.0830044444444444,0.99245999999997,0.3324844444444595,-0.3324777777777928,0.9924822222221924,0.3324833333333484,0.9924588888888592,1.1962962962963482e-05,0.4416606648148226,,1.1822601355081113e-05,0.3333333333333332,42634
0.52,ascending,1.0,0.15,20,30,<3>par,1037,0.4,-2.028631333333333,0.1108354166666666,0.9865811111110872,0.331745555555571,-0.3317411111111267,0.9866044444444204,0.3317288888889044,0.986487777777754,2.2544444444445307e-05,0.4394331333333357,,2.299512742665512e-05,0.3333333333333332,43741
0.52,ascending,1.0,0.15,20,30,<3>par,1037,0.5,-2.041540874999999,0.138716,0.9800688888888688,0.3311566666666823,-0.3311411111111268,0.9800344444444236,0.3311188888889046,0.9798944444444236,3.238703703703778e-05,0.4370492925925936,,3.456269058467594e-05,0.3333333333333332,44324
0.52,ascending,1.0,0.15,20,30,<3>par,1037,0.6,-2.0556091249999997,0.1663875,0.9694155555555444,0.3301766666666827,-0.3301144444444605,0.9694588888888772,0.3300633333333494,0.9691777777777664,5.1572222222222645e-05,0.4331180314814817,,5.265695299104155e-05,0.3333333333333332,45194
0.52,ascending,1.0,0.15,20,30,<3>par,1037,0.7,-2.0743010833333324,0.195255119047619,0.9588888888888876,0.3287077777777942,-0.3286411111111276,0.958696666666665,0.3285388888889054,0.9581444444444414,7.230555555555565e-05,0.4289677759259264,,7.380673017634501e-05,0.3333333333333332,46544
0.52,ascending,1.0,0.15,20,30,<3>par,1037,0.8,-2.0960748333333328,0.2242877083333332,0.9455466666666672,0.3272933333333504,-0.3270833333333504,0.9458911111111146,0.3269833333333504,0.9443222222222272,0.0001029518518518,0.4238374814814813,,9.676221180605512e-05,0.3333333333333332,47245
0.52,ascending,1.0,0.15,20,30,<3>par,1037,0.86,-2.110240875,0.2412553294573643,0.9381511111111172,0.326436666666684,-0.3262211111111286,0.9384922222222304,0.3260566666666843,0.936881111111119,0.0001023055555555,0.4210605407407412,,0.0001119751468523,0.3333333333333332,47730
0.52,ascending,1.0,0.15,20,30,<3>par,1037,0.87,-2.113682791666666,0.2451167624521072,0.937711111111118,0.3262255555555723,-0.3260266666666835,0.9377100000000068,0.3258744444444613,0.9362622222222282,0.000113087037037,0.4208267925925925,,0.0001103662814621,0.3333333333333332,48248
0.52,ascending,1.0,0.15,20,30,<3>par,1037,0.88,-2.1153679999999992,0.2477336174242423,0.9334055555555604,0.3260155555555731,-0.3256700000000176,0.9341900000000048,0.3255711111111286,0.9318177777777849,0.0001242499999999,0.4192443814814813,,0.0001258090495026,0.3333333333333332,48209
0.52,ascending,1.0,0.15,20,30,<3>par,1037,0.89,-2.117517541666666,0.25075,0.932100000000006,0.3261277777777948,-0.3258944444444615,0.931781111111116,0.3257177777777948,0.930358888888896,0.0001204018518518,0.4187650314814817,,0.0001278365259482,0.3333333333333332,48397
0.52,ascending,1.0,0.15,20,30,<3>par,1037,0.9,-2.1184096666666665,0.252434537037037,0.933112222222226,0.3255788888889062,-0.3254277777777948,0.9331788888888904,0.325126666666684,0.9313800000000036,0.0001312944444444,0.4189017518518528,,0.0001159771567005,0.3333333333333332,48539
0.52,ascending,1.0,0.15,20,30,<3>par,1037,0.91,-2.1227472916666663,0.2556809523809523,0.9318377777777844,0.3256333333333505,-0.325297777777795,0.9310866666666738,0.324957777777795,0.9297277777777868,0.0001360185185185,0.4183853037037029,,0.0001233389915704,0.3333333333333332,48018
0.52,ascending,1.0,0.15,20,30,<3>par,1037,0.92,-2.1264815,0.2602487318840579,0.9287922222222308,0.3254888888889062,-0.3251155555555728,0.9287122222222288,0.3248611111111283,0.9270188888888948,0.0001202537037037,0.4173572055555566,,0.0001280824425931,0.3333333333333332,48509
0.52,ascending,1.0,0.15,20,30,<3>par,1037,0.93,-2.128843791666666,0.2615346774193548,0.9256344444444508,0.3253400000000171,-0.3249333333333504,0.9264244444444516,0.3246100000000174,0.9238755555555638,0.0001335999999999,0.4162695351851861,,0.0001362369417847,0.3333333333333332,48494
0.52,ascending,1.0,0.15,20,30,<3>par,1037,0.9351,-2.1290875416666664,0.2629769543364346,0.925947777777786,0.3249477777777951,-0.3246477777777953,0.9256900000000092,0.3243888888889065,0.924134444444456,0.0001295722222222,0.4161692703703708,,0.0001287380827377,0.3333333333333332,48746
0.52,ascending,1.0,0.15,20,30,<3>par,1037,0.94,-2.128466875,0.2639117021276596,0.925906666666674,0.3251011111111284,-0.3246977777777954,0.9253266666666786,0.3245011111111288,0.9235288888888988,0.0001398703703703,0.4160853722222232,,0.0001314630412822,0.3333333333333332,48345
0.52,ascending,1.0,0.15,20,30,<3>par,1037,0.95,-2.132552291666667,0.2675207017543859,0.9227966666666768,0.3244533333333501,-0.3241944444444615,0.9227811111111224,0.3236922222222389,0.9205844444444562,0.0001383685185185,0.4148392000000007,,0.0001384535731054,0.3333333333333332,48681
0.52,ascending,1.0,0.15,20,30,<3>par,1037,0.96,-2.135631416666666,0.2699045138888889,0.9205388888889006,0.3244266666666839,-0.3240788888889061,0.920807777777787,0.3235622222222393,0.918165555555566,0.0001519537037037,0.4140311370370381,,0.0001446074030139,0.3333333333333332,48623
0.52,ascending,1.0,0.15,20,30,<3>par,1037,0.97,-2.138672375,0.2733467353951889,0.9195666666666787,0.3243300000000174,-0.3239133333333506,0.919315555555568,0.323716666666684,0.9172333333333456,0.000160637037037,0.4136979611111102,,0.0001500013678406,0.3333333333333332,48943
0.52,ascending,1.0,0.15,20,30,<3>par,1037,0.98,-2.140188749999999,0.2754499149659864,0.9186555555555668,0.324073333333351,-0.3237066666666838,0.9186588888888984,0.323226666666684,0.9166455555555664,0.0001401685185185,0.4134201148148143,,0.000145972264677,0.3333333333333332,49311
0.52,ascending,1.0,0.15,20,30,<3>par,1037,0.99,-2.1451887083333325,0.27850867003367,0.9179955555555668,0.3240277777777954,-0.3237244444444617,0.91754777777779,0.323447777777795,0.9158544444444574,0.0001567092592592,0.4131032777777786,,0.0001510829662213,0.3333333333333332,49400
0.52,ascending,1.0,0.15,20,30,<3>par,1037,1.0,-2.146244791666666,0.2807978333333333,0.9147600000000132,0.3236088888889059,-0.3232400000000164,0.9144677777777928,0.322582222222239,0.9124311111111268,0.0001508314814814,0.4117729129629628,,0.0001628465661573,0.3333333333333332,49229
0.52,ascending,1.0,0.15,20,30,<3>par,1037,1.01,-2.1522227499999995,0.2852660066006601,0.9157977777777924,0.3234500000000173,-0.3230966666666838,0.9151688888889016,0.3224566666666835,0.912780000000012,0.0001537259259259,0.4118958481481474,,0.0001638496665558,0.3333333333333332,49416
0.52,ascending,1.0,0.15,20,30,<3>par,1037,1.02,-2.1518219583333327,0.2872276960784313,0.9112533333333488,0.3231188888889059,-0.3226622222222385,0.9111166666666832,0.3222577777777942,0.9084255555555728,0.0001665907407407,0.4102338833333337,,0.0001682766359857,0.3333333333333332,49410
0.52,ascending,1.0,0.15,20,30,<3>par,1037,1.1,-2.175637291666667,0.3108610606060606,0.8994088888889088,0.3213566666666833,-0.3208500000000155,0.8992444444444632,0.3203166666666817,0.8959888888889096,0.0001924666666666,0.4053313981481479,,0.0001971725024259,0.3333333333333332,50337
0.52,ascending,1.0,0.15,20,30,<3>par,1037,1.2,-2.2099495,0.3413393055555556,0.8765622222222246,0.3190788888889025,-0.3185977777777897,0.8772022222222281,0.3174766666666784,0.8714033333333323,0.0002509444444444,0.3963355796296308,,0.0002296925071644,0.3333333333333332,51616
0.52,ascending,1.0,0.15,20,30,<3>par,1038,0.05,-2.0068065416666667,0.0132649999999999,0.999798888888884,0.3333033333333479,-0.3333033333333479,0.999798888888884,0.3333033333333479,0.999798888888884,3.351851851851845e-07,0.4443677425925789,,3.3518518518518266e-07,0.3333333333333332,40455
0.52,ascending,1.0,0.15,20,30,<3>par,1038,0.1,-2.007029083333333,0.0272316666666666,0.9991833333333232,0.3332500000000146,-0.3332500000000146,0.9991833333333232,0.3332500000000146,0.9991844444444342,1.2870370370370311e-06,0.4441458833333255,,1.2813145001041795e-06,0.3333333333333333,40871
0.52,ascending,1.0,0.15,20,30,<3>par,1038,0.2,-2.0124018333333336,0.0553379166666666,0.9969966666666424,0.3329400000000149,-0.3329400000000149,0.9969988888888646,0.3329400000000149,0.9969888888888644,5.172222222222193e-06,0.4433148185185208,,4.95819358978471e-06,0.3333333333333332,42080
0.52,ascending,1.0,0.15,20,30,<3>par,1038,0.3,-2.0204171666666664,0.0828188888888888,0.9922311111110832,0.3325311111111262,-0.3325155555555706,0.9922122222221944,0.3325222222222374,0.9922022222221946,1.232407407407462e-05,0.4415864555555637,,1.379115709581261e-05,0.3333333333333332,42587
0.52,ascending,1.0,0.15,20,30,<3>par,1038,0.4,-2.02978525,0.1105056249999999,0.987411111111085,0.3319966666666821,-0.3319744444444599,0.9874555555555298,0.3319833333333488,0.9873522222221972,2.057777777777873e-05,0.4397974611111141,,2.216212230492832e-05,0.3333333333333332,43255
0.52,ascending,1.0,0.15,20,30,<3>par,1038,0.5,-2.041138583333333,0.1381473333333333,0.980215555555536,0.3310766666666825,-0.3310544444444602,0.9802311111110932,0.3309622222222381,0.980061111111094,3.69777777777785e-05,0.4370437814814815,,3.302539131398625e-05,0.3333333333333332,44491
0.52,ascending,1.0,0.15,20,30,<3>par,1038,0.6,-2.0585189583333325,0.1676736111111111,0.9698633333333206,0.3298233333333495,-0.3298466666666828,0.969811111111099,0.329658888888905,0.9695855555555438,4.884074074074122e-05,0.4331338277777771,,5.355592318611797e-05,0.3333333333333332,45655
0.52,ascending,1.0,0.15,20,30,<3>par,1038,0.7,-2.075114249999999,0.1963355952380952,0.958725555555552,0.3287044444444612,-0.3285788888889057,0.9587777777777718,0.3285388888889057,0.95798444444444,7.232222222222247e-05,0.4288809666666666,,6.872436370580555e-05,0.3333333333333332,46329
0.52,ascending,1.0,0.15,20,30,<3>par,1038,0.8,-2.096015125,0.2243366666666666,0.946070000000002,0.3275388888889057,-0.3272944444444612,0.9466199999999996,0.3271666666666836,0.9449977777777804,9.544074074074082e-05,0.4241506962962972,,9.824887817670556e-05,0.3333333333333332,47239
0.52,ascending,1.0,0.15,20,30,<3>par,1038,0.86,-2.110551833333332,0.2407396317829457,0.9372566666666724,0.3261555555555727,-0.325927777777795,0.937877777777784,0.3257955555555727,0.9362988888888965,0.0001203962962962,0.4207589777777782,,0.0001099657214508,0.3333333333333332,47894
0.52,ascending,1.0,0.15,20,30,<3>par,1038,0.87,-2.1112634583333327,0.2436441570881226,0.9349011111111164,0.3263500000000173,-0.326144444444462,0.9356122222222272,0.3258622222222397,0.93318111111112,0.000120124074074,0.4198137722222227,,0.000131582246215,0.3333333333333332,48636
0.52,ascending,1.0,0.15,20,30,<3>par,1038,0.88,-2.1152290416666664,0.2484381628787878,0.9338888888888937,0.3261255555555727,-0.3259611111111283,0.9337622222222276,0.3256822222222393,0.9322377777777842,0.0001336629629629,0.4193313518518521,,0.0001194052933219,0.3333333333333332,48208
0.52,ascending,1.0,0.15,20,30,<3>par,1038,0.89,-2.117685458333333,0.2501580524344569,0.93180222222223,0.3261866666666841,-0.325814444444462,0.9318388888888968,0.3256055555555729,0.9303377777777848,0.0001232907407407,0.4187093888888893,,0.0001186870348402,0.3333333333333332,48117
0.52,ascending,1.0,0.15,20,30,<3>par,1038,0.9,-2.1191416666666663,0.2529203703703703,0.9318211111111188,0.3257022222222392,-0.3255066666666837,0.931760000000005,0.3252744444444614,0.9302288888888972,0.0001223592592592,0.418498281481482,,0.0001205787153662,0.3333333333333332,48606
0.52,ascending,1.0,0.15,20,30,<3>par,1038,0.91,-2.1242513333333326,0.2555687728937728,0.930962222222232,0.3255955555555733,-0.3253833333333508,0.9313722222222311,0.3250822222222397,0.9295977777777884,0.0001236166666666,0.4182995240740739,,0.0001195775448184,0.3333333333333332,48157
0.52,ascending,1.0,0.15,20,30,<3>par,1038,0.92,-2.124888124999999,0.2584898550724637,0.927021111111122,0.3250077777777951,-0.3248477777777951,0.9273155555555632,0.3244522222222392,0.924814444444454,0.0001397148148148,0.4164465925925925,,0.0001380270159576,0.3333333333333332,48480
0.52,ascending,1.0,0.15,20,30,<3>par,1038,0.93,-2.127589083333333,0.2609894265232975,0.9257055555555648,0.3250477777777953,-0.3247177777777954,0.9258766666666768,0.3243266666666842,0.9239666666666784,0.0001307611111111,0.4162057462962971,,0.000130051747294,0.3333333333333332,48758
0.52,ascending,1.0,0.15,20,30,<3>par,1038,0.9351,-2.1286897083333325,0.2642726268135315,0.925206666666676,0.324778888888906,-0.3244377777777949,0.9253911111111224,0.324080000000017,0.9235400000000112,0.0001429888888888,0.416001464814815,,0.0001336161197133,0.3333333333333332,49200
0.52,ascending,1.0,0.15,20,30,<3>par,1038,0.94,-2.129161583333333,0.263735195035461,0.926494444444454,0.325184444444462,-0.3249200000000175,0.9260911111111207,0.3245377777777956,0.9247333333333436,0.0001264037037037,0.416583350000001,,0.0001326699531762,0.3333333333333332,48729
0.52,ascending,1.0,0.15,20,30,<3>par,1038,0.95,-2.131871791666666,0.2677888596491228,0.9234200000000105,0.3245455555555729,-0.3242288888889063,0.9230377777777868,0.323855555555573,0.9210866666666784,0.0001378592592592,0.4150231759259267,,0.0001449335096202,0.3333333333333332,48951
0.52,ascending,1.0,0.15,20,30,<3>par,1038,0.96,-2.135988833333333,0.2705028645833333,0.9225633333333444,0.3247055555555727,-0.3244677777777952,0.9225477777777868,0.3238988888889059,0.9202766666666788,0.0001433166666666,0.414859481481482,,0.0001572021058171,0.3333333333333332,48959
0.52,ascending,1.0,0.15,20,30,<3>par,1038,0.97,-2.1390082083333324,0.2739047250859107,0.9204333333333448,0.3246866666666838,-0.3243622222222396,0.921021111111122,0.3241444444444618,0.918516666666681,0.0001441462962962,0.4142250481481493,,0.0001498608299458,0.3333333333333332,48673
0.52,ascending,1.0,0.15,20,30,<3>par,1038,0.98,-2.141059916666665,0.2759477891156462,0.9179344444444584,0.3245611111111283,-0.3242644444444617,0.918162222222236,0.3235922222222394,0.9151288888889044,0.000178737037037,0.4130152481481478,,0.0001504617878235,0.3333333333333332,49101
0.52,ascending,1.0,0.15,20,30,<3>par,1038,0.99,-2.1446687499999992,0.2789260101010101,0.9164477777777889,0.323966666666684,-0.3233144444444617,0.9155122222222332,0.3230277777777952,0.9136822222222338,0.0001641462962962,0.412241705555556,,0.0001589549576809,0.3333333333333332,49043
0.52,ascending,1.0,0.15,20,30,<3>par,1038,1.0,-2.147402625,0.2824528333333333,0.9148777777777908,0.3237855555555727,-0.3234711111111284,0.9144177777777912,0.3229211111111282,0.912288888888901,0.0001766703703703,0.4117058111111111,,0.0001656048621082,0.3333333333333332,49364
0.52,ascending,1.0,0.15,20,30,<3>par,1038,1.01,-2.149298333333333,0.2851943894389439,0.9135666666666802,0.3233833333333505,-0.3230000000000172,0.9143277777777928,0.3224966666666835,0.9110533333333496,0.0001535796296296,0.4112739796296296,,0.0001711152858436,0.3333333333333332,49336
0.52,ascending,1.0,0.15,20,30,<3>par,1038,1.02,-2.152779208333333,0.2882527777777777,0.9110355555555716,0.3233455555555727,-0.3228344444444618,0.911778888888904,0.322587777777795,0.908198888888907,0.0001545796296296,0.4103530574074078,,0.0001712588811635,0.3333333333333332,49315
0.52,ascending,1.0,0.15,20,30,<3>par,1038,1.1,-2.17612925,0.3110037121212121,0.8959411111111256,0.3214833333333496,-0.3206844444444604,0.8966377777777942,0.3202044444444598,0.8915700000000132,0.0002112296296296,0.4040846537037047,,0.0002196083388018,0.3333333333333332,50352
0.52,ascending,1.0,0.15,20,30,<3>par,1038,1.2,-2.2090767916666665,0.3411792361111111,0.8786688888888954,0.3191077777777921,-0.3182300000000131,0.8787788888888939,0.3174688888889016,0.8726288888888909,0.0002275314814814,0.396748337037038,,0.0002309539153366,0.3333333333333332,51177
0.52,ascending,1.0,0.15,20,30,<3>par,1039,0.05,-2.007732083333333,0.0138649999999999,0.9998077777777736,0.3333055555555702,-0.3333055555555702,0.9998077777777736,0.3333055555555702,0.9998077777777736,3.203703703703697e-07,0.4443714314814683,,3.203703703703756e-07,0.3333333333333332,40657
0.52,ascending,1.0,0.15,20,30,<3>par,1039,0.1,-2.0090909166666657,0.0276041666666666,0.9992766666666556,0.3332611111111258,-0.3332611111111258,0.9992811111111,0.3332611111111258,0.9992766666666556,1.1574074074074023e-06,0.4441804981481415,,1.1890952892222203e-06,0.3333333333333332,41459
0.52,ascending,1.0,0.15,20,30,<3>par,1039,0.2,-2.0130691249999995,0.0561524999999999,0.996693333333308,0.3329877777777926,-0.3329811111111259,0.9966922222221968,0.3329877777777926,0.9966922222221968,5.042592592592565e-06,0.4432331185185232,,5.354244066791711e-06,0.3333333333333332,41846
0.52,ascending,1.0,0.15,20,30,<3>par,1039,0.3,-2.0192577916666665,0.0835224999999999,0.9921866666666402,0.3324911111111261,-0.3325077777777928,0.9921255555555292,0.3324866666666817,0.992144444444418,1.3661111111111706e-05,0.4415578685185244,,1.2772826366520972e-05,0.3333333333333332,42949
0.52,ascending,1.0,0.15,20,30,<3>par,1039,0.4,-2.028340791666666,0.1110535416666666,0.9866588888888648,0.3318722222222376,-0.3318777777777932,0.9865811111110876,0.331866666666682,0.986515555555532,2.5505555555556373e-05,0.4394811000000022,,2.37890895380742e-05,0.3333333333333332,43284
0.52,ascending,1.0,0.15,20,30,<3>par,1039,0.5,-2.0410720416666663,0.139484,0.9790922222222036,0.3308900000000159,-0.3308544444444604,0.9791166666666484,0.3308366666666826,0.9789055555555372,3.799444444444515e-05,0.4366104074074069,,3.482118666615066e-05,0.3333333333333332,43793
0.52,ascending,1.0,0.15,20,30,<3>par,1039,0.6,-2.055371833333333,0.1663766666666666,0.9704533333333204,0.3300055555555715,-0.3299733333333493,0.970426666666653,0.3299544444444605,0.9702933333333218,5.069629629629664e-05,0.433448181481481,,5.0345950831245424e-05,0.3333333333333332,45178
0.52,ascending,1.0,0.15,20,30,<3>par,1039,0.7,-2.0750270416666656,0.1953254761904762,0.9595744444444386,0.3286500000000165,-0.3286222222222387,0.9595599999999956,0.3285855555555721,0.9591166666666624,6.85666666666669e-05,0.4292703666666666,,7.21016990880946e-05,0.3333333333333332,46229
0.52,ascending,1.0,0.15,20,30,<3>par,1039,0.8,-2.096391958333332,0.2235849999999999,0.9441111111111122,0.3275566666666838,-0.3272222222222394,0.9440088888888916,0.3272266666666839,0.9429455555555596,9.583333333333342e-05,0.4234379851851862,,9.72902756611595e-05,0.3333333333333332,47055
0.52,ascending,1.0,0.15,20,30,<3>par,1039,0.86,-2.1100509999999995,0.2408626937984496,0.9378166666666712,0.3261888888889063,-0.3259488888889062,0.9379277777777824,0.3257300000000173,0.9365500000000042,0.0001135796296296,0.4208379222222232,,0.0001152447036422,0.3333333333333332,48006
0.52,ascending,1.0,0.15,20,30,<3>par,1039,0.87,-2.1114662916666664,0.2438877394636015,0.9375611111111172,0.3262688888889062,-0.326077777777795,0.9381833333333396,0.3258277777777951,0.9362911111111172,0.0001122685185185,0.4208192000000003,,0.0001165318115693,0.3333333333333332,47753
0.52,ascending,1.0,0.15,20,30,<3>par,1039,0.88,-2.114907375,0.247702462121212,0.9341188888888916,0.3262755555555727,-0.3260366666666835,0.9337677777777792,0.3257000000000173,0.9324866666666692,0.0001188907407407,0.4194640407407407,,0.0001192732148049,0.3333333333333332,48319
0.52,ascending,1.0,0.15,20,30,<3>par,1039,0.89,-2.117453875,0.2491436329588015,0.9355744444444494,0.3260711111111284,-0.3258188888889062,0.9356244444444488,0.3256477777777951,0.93426555555556,0.0001196296296296,0.4200119407407419,,0.0001130369825613,0.3333333333333332,48061
0.52,ascending,1.0,0.15,20,30,<3>par,1039,0.9,-2.1198609166666667,0.2521039814814815,0.9327166666666736,0.3255822222222395,-0.3254466666666841,0.9326788888888954,0.3251122222222394,0.931162222222231,0.0001219685185185,0.4188626000000017,,0.0001164684719907,0.3333333333333332,48191
0.52,ascending,1.0,0.15,20,30,<3>par,1039,0.91,-2.122381041666666,0.2559723443223443,0.9280855555555624,0.3254222222222396,-0.3252066666666837,0.9278577777777862,0.3248766666666839,0.9261500000000084,0.000139537037037,0.4170660314814824,,0.0001306654840979,0.3333333333333332,48489
0.52,ascending,1.0,0.15,20,30,<3>par,1039,0.92,-2.1247322916666658,0.258588768115942,0.927723333333341,0.325385555555573,-0.324985555555573,0.9277188888888992,0.324744444444462,0.9256466666666756,0.0001339166666666,0.4168850666666679,,0.0001337637704717,0.3333333333333332,48668
0.52,ascending,1.0,0.15,20,30,<3>par,1039,0.93,-2.128128291666667,0.2622331541218638,0.9287222222222288,0.3249622222222397,-0.3247322222222395,0.9286677777777858,0.3243666666666842,0.9269477777777876,0.0001241537037037,0.4171496222222213,,0.0001385681497283,0.3333333333333332,48609
0.52,ascending,1.0,0.15,20,30,<3>par,1039,0.9351,-2.128940375,0.2629288311410543,0.927017777777786,0.3249611111111284,-0.3246666666666834,0.926580000000009,0.3242933333333505,0.9246733333333446,0.0001362407407407,0.4164290499999998,,0.0001414445742036,0.3333333333333332,48251
0.52,ascending,1.0,0.15,20,30,<3>par,1039,0.94,-2.1308057916666665,0.2638749999999999,0.924753333333344,0.3247488888889064,-0.3245844444444618,0.9248988888888984,0.3242900000000177,0.9226777777777888,0.0001418129629629,0.4157383944444443,,0.0001399280692857,0.3333333333333332,48852
0.52,ascending,1.0,0.15,20,30,<3>par,1039,0.95,-2.133577291666666,0.2668333333333333,0.9262800000000072,0.3246288888889063,-0.324396666666684,0.9263744444444524,0.324085555555573,0.9244722222222288,0.0001298796296296,0.4162996092592599,,0.0001384074074074,0.3333333333333332,48741
0.52,ascending,1.0,0.15,20,30,<3>par,1039,0.96,-2.136018833333333,0.2703981770833333,0.9220533333333458,0.3244655555555732,-0.3241000000000172,0.9215277777777912,0.3237777777777951,0.9196788888889018,0.0001397648148148,0.414510668518519,,0.0001403449798954,0.3333333333333332,48995
0.52,ascending,1.0,0.15,20,30,<3>par,1039,0.97,-2.138444,0.2733415807560137,0.9212455555555668,0.324207777777795,-0.3238400000000176,0.9210711111111224,0.3236066666666841,0.9184544444444576,0.0001474777777777,0.4140688444444435,,0.0001561366775524,0.3333333333333332,48848
0.52,ascending,1.0,0.15,20,30,<3>par,1039,0.98,-2.141231583333333,0.2767135204081632,0.919085555555566,0.323866666666684,-0.3236066666666837,0.9190888888889002,0.3230766666666834,0.9166722222222358,0.0001493703703703,0.4133947333333336,,0.0001443380140444,0.3333333333333332,49272
0.52,ascending,1.0,0.15,20,30,<3>par,1039,0.99,-2.1429488333333326,0.2787816498316497,0.9180188888889008,0.3239855555555725,-0.3237366666666835,0.9181166666666783,0.3234011111111279,0.9153100000000116,0.0001534759259259,0.4130045462962968,,0.0001556122011428,0.3333333333333332,48998
0.52,ascending,1.0,0.15,20,30,<3>par,1039,1.0,-2.1454185416666665,0.2809711666666666,0.9144100000000138,0.3238266666666838,-0.3233100000000172,0.914740000000014,0.3231133333333503,0.9120944444444582,0.0001537888888888,0.4118284944444447,,0.0001556339029707,0.3333333333333332,49164
0.52,ascending,1.0,0.15,20,30,<3>par,1039,1.01,-2.1498484583333326,0.284664603960396,0.9157955555555682,0.3238222222222396,-0.3233177777777953,0.9157811111111251,0.3228777777777947,0.9132188888889026,0.0001495018518518,0.4121701481481469,,0.0001622481168751,0.3333333333333332,49448
0.52,ascending,1.0,0.15,20,30,<3>par,1039,1.02,-2.1518944166666656,0.2879606209150326,0.9107088888889036,0.3234166666666839,-0.3226988888889059,0.9104755555555708,0.3223488888889059,0.9077533333333488,0.0001554185185185,0.4101605111111122,,0.0001635425621586,0.3333333333333332,49241
0.52,ascending,1.0,0.15,20,30,<3>par,1039,1.1,-2.1756005833333325,0.3110178787878788,0.8976911111111245,0.3216877777777942,-0.3210788888889047,0.8978888888889035,0.3202877777777927,0.894094444444455,0.0002036407407407,0.4048543592592591,,0.0002003542405123,0.3333333333333332,50653
0.52,ascending,1.0,0.15,20,30,<3>par,1039,1.2,-2.208452749999999,0.3415065277777777,0.8785000000000031,0.3193855555555696,-0.3185488888889023,0.8792211111111129,0.3176644444444564,0.8731011111111091,0.0002336981481481,0.3969496425925935,,0.000235114472065,0.3333333333333332,51893
0.52,ascending,1.0,0.15,20,30,<3>par,1040,0.05,-2.0072151666666667,0.0144433333333333,0.9998277777777764,0.3333166666666812,-0.3333166666666812,0.9998277777777764,0.3333166666666812,0.9998277777777764,2.870370370370366e-07,0.4443817685185044,,2.870370370370331e-07,0.3333333333333332,40445
0.52,ascending,1.0,0.15,20,30,<3>par,1040,0.1,-2.0097629583333325,0.0275966666666666,0.999378888888877,0.3332344444444591,-0.3332344444444591,0.999378888888877,0.3332344444444591,0.999378888888877,1.020370370370366e-06,0.4442054759259193,,1.0564298813981502e-06,0.3333333333333333,41199
0.52,ascending,1.0,0.15,20,30,<3>par,1040,0.2,-2.013021791666666,0.0549187499999999,0.9968322222221996,0.3329744444444593,-0.3329766666666815,0.9968244444444214,0.3329766666666815,0.9968344444444216,4.933333333333306e-06,0.4432735092592612,,5.573749416872704e-06,0.3333333333333332,41839
0.52,ascending,1.0,0.15,20,30,<3>par,1040,0.3,-2.018957625,0.0831286111111111,0.9923366666666388,0.3325188888889039,-0.3325177777777928,0.992348888888861,0.3325033333333484,0.9923177777777498,1.297407407407459e-05,0.4416236611111166,,1.2847716736375068e-05,0.3333333333333332,42763
0.52,ascending,1.0,0.15,20,30,<3>par,1040,0.4,-2.029624624999999,0.1117164583333333,0.9858999999999754,0.3317688888889045,-0.3317833333333489,0.9859022222221976,0.3317500000000156,0.9858355555555312,2.432962962963036e-05,0.4392296592592624,,2.4997076727525458e-05,0.3333333333333332,43753
0.52,ascending,1.0,0.15,20,30,<3>par,1040,0.5,-2.0418631666666656,0.1388461666666667,0.9779111111110927,0.3309111111111267,-0.3309377777777934,0.9779766666666488,0.3308077777777934,0.977784444444427,3.8164814814815496e-05,0.436251125925926,,3.704712545203481e-05,0.3333333333333332,44609
0.52,ascending,1.0,0.15,20,30,<3>par,1040,0.6,-2.056837875,0.1680005555555555,0.9691311111111032,0.3298444444444606,-0.3298344444444606,0.968951111111104,0.3297288888889049,0.9686488888888806,5.8966666666667154e-05,0.432850774074075,,5.247194053838184e-05,0.3333333333333332,45118
0.52,ascending,1.0,0.15,20,30,<3>par,1040,0.7,-2.074435083333333,0.195405119047619,0.9589166666666638,0.3286222222222387,-0.3285155555555722,0.9587611111111084,0.3284822222222389,0.9583377777777752,7.498333333333374e-05,0.4289722074074074,,7.772470090246458e-05,0.3333333333333332,46375
0.52,ascending,1.0,0.15,20,30,<3>par,1040,0.8,-2.096551708333333,0.2236570833333333,0.9467455555555592,0.3272855555555726,-0.3270066666666837,0.9465522222222236,0.3269800000000169,0.9455888888888924,0.0001025092592592,0.424269992592592,,9.015283680717135e-05,0.3333333333333332,47488
0.52,ascending,1.0,0.15,20,30,<3>par,1040,0.86,-2.109513208333333,0.2421961240310077,0.9364411111111164,0.3263155555555726,-0.3258755555555728,0.9364800000000052,0.3257555555555728,0.935206666666673,0.0001098259259259,0.4203636777777788,,0.0001184949437104,0.3333333333333332,48095
0.52,ascending,1.0,0.15,20,30,<3>par,1040,0.87,-2.110659916666666,0.2450163793103448,0.9350477777777814,0.326570000000017,-0.3262233333333506,0.9346488888888932,0.3259544444444616,0.9336044444444502,0.0001050592592592,0.4199688481481491,,0.0001140550767769,0.3333333333333332,48258
0.52,ascending,1.0,0.15,20,30,<3>par,1040,0.88,-2.1154585833333326,0.2468744318181817,0.9356722222222296,0.3262133333333505,-0.3259777777777948,0.9352766666666738,0.3258100000000172,0.9340311111111188,0.0001232833333333,0.4200287740740737,,0.0001117626290002,0.3333333333333332,48085
0.52,ascending,1.0,0.15,20,30,<3>par,1040,0.89,-2.1176175833333324,0.2492628277153558,0.9337188888888974,0.3259300000000174,-0.3255644444444619,0.9337511111111196,0.3254177777777952,0.931895555555562,0.0001202555555555,0.4192247833333328,,0.000112487187604,0.3333333333333332,48368
0.52,ascending,1.0,0.15,20,30,<3>par,1040,0.9,-2.1185063749999995,0.2530761111111111,0.930657777777788,0.325197777777795,-0.3249522222222396,0.9301122222222316,0.3247788888889062,0.9286911111111218,0.0001237537037037,0.4178761907407411,,0.0001325215526185,0.3333333333333332,48168
0.52,ascending,1.0,0.15,20,30,<3>par,1040,0.91,-2.122866624999999,0.2553423992673992,0.9322766666666752,0.3259711111111284,-0.3256566666666841,0.9322288888888948,0.3253533333333507,0.9306700000000084,0.0001131074074074,0.4187538333333341,,0.0001248617374209,0.3333333333333332,48350
0.52,ascending,1.0,0.15,20,30,<3>par,1040,0.92,-2.124296291666666,0.2593799818840579,0.928435555555564,0.325734444444462,-0.3254288888889066,0.9286433333333404,0.32497222222224,0.9266044444444544,0.0001340425925925,0.4172793574074088,,0.0001360553616946,0.3333333333333332,48664
0.52,ascending,1.0,0.15,20,30,<3>par,1040,0.93,-2.1271715416666668,0.2612232974910394,0.9265544444444516,0.3250511111111288,-0.3247111111111287,0.9261944444444532,0.3245244444444623,0.9244622222222308,0.0001272277777777,0.4163621685185185,,0.0001392802600124,0.3333333333333332,48924
0.52,ascending,1.0,0.15,20,30,<3>par,1040,0.9351,-2.1291111666666658,0.2632133818129968,0.9252244444444552,0.3248266666666843,-0.3244177777777951,0.9251366666666768,0.324296666666684,0.9231411111111212,0.0001416166666666,0.415829142592592,,0.0001424723037754,0.3333333333333332,48665
0.52,ascending,1.0,0.15,20,30,<3>par,1040,0.94,-2.1299139166666663,0.2646265957446808,0.9252277777777874,0.325148888888906,-0.3248077777777949,0.9256233333333432,0.3244455555555727,0.9233033333333452,0.0001459722222222,0.4160375240740729,,0.0001337090785788,0.3333333333333332,48876
0.52,ascending,1.0,0.15,20,30,<3>par,1040,0.95,-2.1329743749999994,0.2674157017543859,0.921847777777789,0.3247255555555728,-0.3244188888889061,0.9219411111111212,0.3240455555555729,0.9194433333333468,0.0001535314814814,0.4146012259259271,,0.0001405878897159,0.3333333333333332,48934
0.52,ascending,1.0,0.15,20,30,<3>par,1040,0.96,-2.134691666666666,0.2699230034722222,0.9202644444444537,0.3246488888889064,-0.324234444444462,0.9217544444444544,0.3241100000000171,0.9182144444444572,0.0001450129629629,0.4141347203703697,,0.0001535185001054,0.3333333333333332,49096
0.52,ascending,1.0,0.15,20,30,<3>par,1040,0.97,-2.139004291666666,0.2745469072164948,0.920143333333345,0.3242411111111281,-0.3239833333333502,0.920126666666678,0.3236500000000166,0.9177911111111234,0.0001393259259259,0.413804668518518,,0.000139515993829,0.3333333333333332,48853
0.52,ascending,1.0,0.15,20,30,<3>par,1040,0.98,-2.1399732083333327,0.2750612244897959,0.918613333333347,0.3236588888889063,-0.3234433333333507,0.9185388888889018,0.322916666666684,0.9164077777777904,0.0001413314814814,0.4132362925925934,,0.0001502556225706,0.3333333333333332,49203
0.52,ascending,1.0,0.15,20,30,<3>par,1040,0.99,-2.143466958333333,0.2796860269360269,0.9180444444444558,0.3241866666666839,-0.3239011111111283,0.9179211111111212,0.3233655555555726,0.9154022222222344,0.0001507907407407,0.4130735666666662,,0.0001522519586064,0.3333333333333332,49091
0.52,ascending,1.0,0.15,20,30,<3>par,1040,1.0,-2.14622175,0.28132025,0.9162455555555672,0.3238455555555731,-0.3234866666666841,0.9164111111111256,0.3229744444444612,0.9134811111111268,0.0001684814814814,0.4122422018518519,,0.0001614663589424,0.3333333333333332,49325
0.52,ascending,1.0,0.15,20,30,<3>par,1040,1.01,-2.150077125,0.2854066831683168,0.9130533333333474,0.323561111111128,-0.3231711111111283,0.9136022222222386,0.3225955555555727,0.910541111111126,0.0001555222222222,0.4111287129629636,,0.0001660692622461,0.3333333333333332,49430
0.52,ascending,1.0,0.15,20,30,<3>par,1040,1.02,-2.151497833333333,0.2878575980392157,0.9114255555555728,0.323318888888906,-0.3227544444444611,0.9113811111111244,0.3223955555555717,0.9086055555555702,0.0001591092592592,0.4103561277777776,,0.0001799780694838,0.3333333333333332,49238
0.52,ascending,1.0,0.15,20,30,<3>par,1040,1.1,-2.175930999999999,0.3109392424242424,0.8980522222222398,0.3215344444444606,-0.321143333333349,0.897648888888906,0.3204200000000142,0.8942888888889067,0.0001861666666666,0.4049252851851851,,0.0001903055604676,0.3333333333333332,50386
0.52,ascending,1.0,0.15,20,30,<3>par,1040,1.2,-2.2086312916666664,0.3400221527777777,0.8791877777777822,0.3190677777777909,-0.3182622222222344,0.8791677777777848,0.3173844444444551,0.874346666666669,0.0002391796296296,0.3972592203703706,,0.000246904908834,0.3333333333333332,51102
0.52,ascending,1.0,0.15,20,30,<3>par,1041,0.05,-2.006731458333333,0.0138499999999999,0.9997233333333304,0.3333022222222368,-0.3333022222222368,0.9997233333333304,0.3333022222222368,0.9997233333333304,4.611111111111096e-07,0.4443423129629492,,4.611111111111078e-07,0.3333333333333333,40357
0.52,ascending,1.0,0.15,20,30,<3>par,1041,0.1,-2.0087790833333323,0.0272524999999999,0.9992044444444322,0.3332377777777924,-0.3332366666666813,0.9992044444444322,0.3332377777777924,0.9992044444444322,1.322222222222216e-06,0.444148770370363,,1.3180813555972194e-06,0.3333333333333333,41191
0.52,ascending,1.0,0.15,20,30,<3>par,1041,0.2,-2.013278958333333,0.0556195833333333,0.9964788888888622,0.333022222222237,-0.333022222222237,0.9964833333333064,0.3330200000000148,0.9964744444444176,5.764814814814869e-06,0.4431718222222289,,5.768582299729137e-06,0.3333333333333332,41896
0.52,ascending,1.0,0.15,20,30,<3>par,1041,0.3,-2.020382,0.0829880555555555,0.9930355555555254,0.3325655555555706,-0.3325633333333485,0.9930422222221922,0.3325600000000151,0.99302999999997,1.0770370370370732e-05,0.4418760000000073,,1.179717062213894e-05,0.3333333333333332,42358
0.52,ascending,1.0,0.15,20,30,<3>par,1041,0.4,-2.028037333333333,0.1113885416666666,0.9868177777777544,0.3319755555555709,-0.3319777777777931,0.9868688888888656,0.3319044444444599,0.9868099999999764,2.1077777777778704e-05,0.4396073092592614,,2.1829359448085717e-05,0.3333333333333332,43263
0.52,ascending,1.0,0.15,20,30,<3>par,1041,0.5,-2.0407647916666662,0.139178,0.9793688888888704,0.3309022222222382,-0.330868888888905,0.979386666666648,0.3308811111111271,0.979284444444426,3.385185185185264e-05,0.4367605611111101,,3.3967199920944506e-05,0.3333333333333332,44346
0.52,ascending,1.0,0.15,20,30,<3>par,1041,0.6,-2.057044958333333,0.1674123611111111,0.9693277777777664,0.3299344444444607,-0.329967777777794,0.9693499999999896,0.3298988888889052,0.9689199999999903,5.009074074074133e-05,0.4330053259259265,,5.611808762532609e-05,0.3333333333333332,45185
0.52,ascending,1.0,0.15,20,30,<3>par,1041,0.7,-2.073659083333333,0.1965044047619047,0.9591622222222196,0.3285755555555723,-0.3284822222222391,0.9590011111111088,0.3283544444444612,0.9583855555555528,6.787962962962996e-05,0.4290052222222224,,6.90827163290763e-05,0.3333333333333332,46984
0.52,ascending,1.0,0.15,20,30,<3>par,1041,0.8,-2.095252708333333,0.2237691666666666,0.9459000000000068,0.3273733333333503,-0.3272611111111282,0.94604444444445,0.3271633333333505,0.9448455555555614,9.503703703703698e-05,0.4240468944444439,,9.775112014513216e-05,0.3333333333333332,47588
0.52,ascending,1.0,0.15,20,30,<3>par,1041,0.86,-2.110035541666666,0.2427036821705426,0.9364011111111146,0.3262377777777951,-0.3260844444444619,0.936404444444447,0.3259600000000174,0.9348566666666692,0.0001081814814814,0.4203366629629626,,0.0001178885346368,0.3333333333333332,47919
0.52,ascending,1.0,0.15,20,30,<3>par,1041,0.87,-2.1118266666666665,0.2456037356321839,0.93490555555556,0.3261755555555726,-0.3259788888889058,0.9349000000000044,0.3258433333333502,0.9332700000000064,0.0001144851851851,0.4197537481481485,,0.0001177085820281,0.3333333333333332,48451
0.52,ascending,1.0,0.15,20,30,<3>par,1041,0.88,-2.114071166666666,0.2480734848484848,0.9330988888888936,0.3263333333333506,-0.3261877777777951,0.9330377777777844,0.3257055555555731,0.9313555555555624,0.0001246111111111,0.4190339518518528,,0.000131767488393,0.3333333333333332,48020
0.52,ascending,1.0,0.15,20,30,<3>par,1041,0.89,-2.117384083333333,0.2499544007490636,0.933496666666672,0.3256400000000175,-0.3253677777777949,0.9334011111111172,0.3251077777777948,0.93169333333334,0.0001340833333333,0.419048887037038,,0.0001143847559701,0.3333333333333332,48461
0.52,ascending,1.0,0.15,20,30,<3>par,1041,0.9,-2.121034708333333,0.2536232407407407,0.9316588888888956,0.3256422222222394,-0.3255100000000174,0.9318444444444512,0.3252655555555727,0.9299677777777848,0.0001243481481481,0.4184191759259259,,0.0001296815873969,0.3333333333333332,48467
0.52,ascending,1.0,0.15,20,30,<3>par,1041,0.91,-2.1211964999999995,0.2557241758241758,0.9313544444444498,0.3254055555555729,-0.3251411111111285,0.930880000000007,0.3248933333333504,0.929520000000006,0.0001247185185185,0.4181765666666657,,0.0001229178475571,0.3333333333333332,48468
0.52,ascending,1.0,0.15,20,30,<3>par,1041,0.92,-2.1243846666666664,0.2577423007246376,0.9294855555555646,0.3256911111111283,-0.3253711111111279,0.9296277777777884,0.3250622222222396,0.9278588888888976,0.0001280944444444,0.4176995777777781,,0.0001224832531377,0.3333333333333332,48219
0.52,ascending,1.0,0.15,20,30,<3>par,1041,0.93,-2.127791416666666,0.2623741039426523,0.9264722222222296,0.3252111111111283,-0.3247244444444612,0.9272655555555658,0.3245377777777948,0.9245955555555664,0.0001300907407407,0.416418838888889,,0.0001398710636952,0.3333333333333332,48915
0.52,ascending,1.0,0.15,20,30,<3>par,1041,0.9351,-2.1301524999999994,0.262768955191958,0.927334444444454,0.3252600000000176,-0.3250244444444618,0.9277155555555648,0.3247311111111285,0.9258877777777876,0.0001363074074074,0.4169501574074076,,0.0001353104587608,0.3333333333333332,48217
0.52,ascending,1.0,0.15,20,30,<3>par,1041,0.94,-2.1304052083333334,0.2647994680851063,0.9251222222222308,0.3250544444444613,-0.3246500000000168,0.9252811111111192,0.3244411111111278,0.9235588888889,0.0001318796296296,0.4160483037037043,,0.000131908288842,0.3333333333333332,48540
0.52,ascending,1.0,0.15,20,30,<3>par,1041,0.95,-2.1326400833333325,0.2671251754385965,0.9250455555555656,0.3248533333333511,-0.3243244444444622,0.9247877777777878,0.3240377777777951,0.9229455555555652,0.000139787037037,0.4157262759259257,,0.0001425896104509,0.3333333333333332,48883
0.52,ascending,1.0,0.15,20,30,<3>par,1041,0.96,-2.1351958749999995,0.2690006076388889,0.9209066666666776,0.3244355555555733,-0.3241377777777954,0.9209722222222344,0.323625555555573,0.918830000000012,0.0001407759259259,0.4142314518518526,,0.0001477714741011,0.3333333333333332,48834
0.52,ascending,1.0,0.15,20,30,<3>par,1041,0.97,-2.1372406666666666,0.2735694158075601,0.9191366666666788,0.3246044444444617,-0.3241733333333511,0.9199077777777892,0.3239722222222398,0.917411111111124,0.0001482351851851,0.4137459981481478,,0.000146413773187,0.3333333333333332,49301
0.52,ascending,1.0,0.15,20,30,<3>par,1041,0.98,-2.141517041666666,0.2758387755102041,0.9184444444444566,0.3240422222222394,-0.3235344444444618,0.9188466666666776,0.3231544444444613,0.9161877777777908,0.0001485333333333,0.4131776907407422,,0.0001568946819953,0.3333333333333332,48904
0.52,ascending,1.0,0.15,20,30,<3>par,1041,0.99,-2.1433585416666663,0.279376936026936,0.9157700000000132,0.3239744444444614,-0.3234500000000168,0.9156644444444568,0.3231100000000165,0.9126933333333463,0.0001684148148148,0.4119708407407413,,0.0001614367966483,0.3333333333333332,49364
0.52,ascending,1.0,0.15,20,30,<3>par,1041,1.0,-2.1446514583333327,0.2818180833333333,0.9147155555555664,0.3237466666666841,-0.3232411111111284,0.91476777777779,0.3230688888889062,0.912252222222236,0.0001697833333333,0.4117741500000006,,0.0001620805159763,0.3333333333333332,49111
0.52,ascending,1.0,0.15,20,30,<3>par,1041,1.01,-2.1495648333333324,0.2852577557755775,0.9124388888889032,0.3234544444444614,-0.323302222222239,0.9122344444444578,0.3227311111111275,0.9094800000000148,0.0001604055555555,0.4109327574074078,,0.0001576424289675,0.3333333333333332,49776
0.52,ascending,1.0,0.15,20,30,<3>par,1041,1.02,-2.151400541666667,0.2877604575163398,0.9116255555555705,0.3234900000000171,-0.323135555555573,0.9118100000000144,0.3227777777777951,0.9084722222222402,0.0001505833333333,0.4104468537037034,,0.0001639429894974,0.3333333333333332,49845
0.52,ascending,1.0,0.15,20,30,<3>par,1041,1.1,-2.175939708333333,0.3102891666666666,0.8968611111111242,0.3214133333333491,-0.3207666666666821,0.8977244444444568,0.3201666666666813,0.8933244444444557,0.0001928555555555,0.4045919000000008,,0.0002054875173713,0.3333333333333332,50338
0.52,ascending,1.0,0.15,20,30,<3>par,1041,1.2,-2.2086687083333323,0.3411202083333333,0.8766400000000061,0.3192022222222357,-0.317980000000013,0.8771311111111165,0.317437777777789,0.87046555555555,0.0002508333333333,0.3960125907407413,,0.0002572330192169,0.3333333333333332,51382
0.52,ascending,1.0,0.15,20,30,<3>par,1042,0.05,-2.005930166666666,0.0138983333333333,0.9997666666666584,0.3333155555555701,-0.3333155555555701,0.9997666666666584,0.3333155555555701,0.9997666666666584,3.962962962962952e-07,0.4443611259259128,,3.82896170412039e-07,0.3333333333333332,40425
0.52,ascending,1.0,0.15,20,30,<3>par,1042,0.1,-2.0090147499999995,0.0276308333333333,0.9991422222222068,0.3332166666666813,-0.3332166666666813,0.9991422222222068,0.3332166666666813,0.9991422222222068,1.2814814814814751e-06,0.4441210574074007,,1.4386581263009466e-06,0.3333333333333332,40930
0.52,ascending,1.0,0.15,20,30,<3>par,1042,0.2,-2.0132440833333325,0.0556391666666666,0.996617777777748,0.3329977777777926,-0.3329944444444593,0.9965977777777484,0.3330000000000148,0.9966022222221924,6.307407407407489e-06,0.4432047037037124,,5.839095289222272e-06,0.3333333333333332,41917
0.52,ascending,1.0,0.15,20,30,<3>par,1042,0.3,-2.0197238333333334,0.0826280555555555,0.9934366666666342,0.3325222222222373,-0.3325200000000151,0.993435555555523,0.3325133333333484,0.993443333333301,1.0940740740741223e-05,0.4419969277777865,,1.0814702309094956e-05,0.3333333333333332,42619
0.52,ascending,1.0,0.15,20,30,<3>par,1042,0.4,-2.0282508749999995,0.1109243749999999,0.986835555555532,0.3318477777777932,-0.3318266666666821,0.9867522222221984,0.3318400000000154,0.9867377777777536,2.272777777777866e-05,0.4395466055555579,,2.1539341108511725e-05,0.3333333333333332,43709
0.52,ascending,1.0,0.15,20,30,<3>par,1042,0.5,-2.041667291666666,0.1394505,0.9788266666666504,0.3309444444444603,-0.3309100000000158,0.9788333333333163,0.3308633333333491,0.9786433333333168,3.729629629629703e-05,0.4365261685185181,,3.708162190386119e-05,0.3333333333333332,44330
0.52,ascending,1.0,0.15,20,30,<3>par,1042,0.6,-2.057117583333332,0.1670606944444444,0.9694677777777702,0.3298144444444607,-0.3297800000000162,0.9694133333333254,0.3297155555555717,0.9690355555555484,5.953333333333379e-05,0.4329811481481466,,5.400011825686825e-05,0.3333333333333332,45208
0.52,ascending,1.0,0.15,20,30,<3>par,1042,0.7,-2.073916041666666,0.1951377380952381,0.959986666666663,0.3287000000000167,-0.3286488888889057,0.9599622222222174,0.3284611111111278,0.9592877777777736,6.695925925925952e-05,0.4293692796296292,,6.984366756762033e-05,0.3333333333333332,46121
0.52,ascending,1.0,0.15,20,30,<3>par,1042,0.8,-2.0959435416666663,0.2246686458333333,0.945612222222226,0.327380000000017,-0.3273500000000167,0.9456666666666692,0.3271655555555725,0.944672222222226,8.569259259259284e-05,0.4240118092592595,,9.421854507751608e-05,0.3333333333333332,47090
0.52,ascending,1.0,0.15,20,30,<3>par,1042,0.86,-2.109335083333333,0.2407397286821705,0.938312222222227,0.3264544444444617,-0.3262500000000172,0.9382544444444494,0.3261111111111284,0.9367511111111176,0.0001134499999999,0.4210160537037041,,0.0001104009700966,0.3333333333333332,47760
0.52,ascending,1.0,0.15,20,30,<3>par,1042,0.87,-2.111919833333333,0.2437671455938697,0.9361355555555632,0.3259933333333507,-0.3256800000000171,0.9358711111111178,0.3254600000000172,0.934830000000006,0.0001214148148148,0.4201377444444445,,0.000116005519691,0.3333333333333332,48069
0.52,ascending,1.0,0.15,20,30,<3>par,1042,0.88,-2.114577708333333,0.2462742424242423,0.9345322222222276,0.3259955555555727,-0.3256422222222396,0.9352144444444498,0.3252988888889064,0.9332000000000048,0.0001169499999999,0.4195808518518522,,0.000125066537426,0.3333333333333332,47832
0.52,ascending,1.0,0.15,20,30,<3>par,1042,0.89,-2.117691166666666,0.2497094569288389,0.9340155555555614,0.325967777777795,-0.3257922222222394,0.933704444444451,0.3255400000000172,0.9324033333333396,0.0001095999999999,0.4194044203703703,,0.0001174800287312,0.3333333333333332,48370
0.52,ascending,1.0,0.15,20,30,<3>par,1042,0.9,-2.120762166666666,0.2535837037037037,0.9311011111111184,0.3257233333333508,-0.3254211111111287,0.9313033333333408,0.3251200000000175,0.9295211111111192,0.0001283574074074,0.4182347259259256,,0.0001198180786402,0.3333333333333332,48466
0.52,ascending,1.0,0.15,20,30,<3>par,1042,0.91,-2.122617708333333,0.2564037545787545,0.9286655555555624,0.3256088888889061,-0.3251700000000173,0.928870000000006,0.324818888888906,0.9265666666666764,0.0001302129629629,0.4171841555555569,,0.0001347274000025,0.3333333333333332,48715
0.52,ascending,1.0,0.15,20,30,<3>par,1042,0.92,-2.1259109999999994,0.258676268115942,0.9269888888888974,0.3251400000000172,-0.3248144444444616,0.9262800000000072,0.3243466666666839,0.9250266666666742,0.0001249518518518,0.4165340814814818,,0.0001320044748293,0.3333333333333332,48798
0.52,ascending,1.0,0.15,20,30,<3>par,1042,0.93,-2.1276751666666662,0.2618590501792114,0.9268000000000076,0.3248044444444621,-0.3245388888889064,0.9269322222222284,0.3242100000000172,0.9247566666666732,0.0001264722222222,0.4164621814814821,,0.000134131371691,0.3333333333333332,48369
0.52,ascending,1.0,0.15,20,30,<3>par,1042,0.9351,-2.128358791666667,0.2625589063558264,0.9269077777777872,0.3251833333333508,-0.3248666666666844,0.926673333333342,0.3245677777777956,0.9250366666666756,0.0001349629629629,0.4166302111111111,,0.0001410269159913,0.3333333333333332,48699
0.52,ascending,1.0,0.15,20,30,<3>par,1042,0.94,-2.1294599166666663,0.2649278368794326,0.9254044444444528,0.3248555555555729,-0.3245355555555727,0.9254166666666758,0.3243066666666839,0.9234000000000095,0.0001286203703703,0.4159113277777785,,0.0001352667703854,0.3333333333333332,49159
0.52,ascending,1.0,0.15,20,30,<3>par,1042,0.95,-2.133697875,0.2669821929824561,0.9245377777777876,0.3245711111111288,-0.3242088888889062,0.9248655555555666,0.3237311111111285,0.9226988888888992,0.0001269351851851,0.4156690592592594,,0.0001380754556137,0.3333333333333332,48936
0.52,ascending,1.0,0.15,20,30,<3>par,1042,0.96,-2.1355169583333327,0.2690442708333333,0.9224466666666752,0.32434222222224,-0.3240588888889067,0.922482222222233,0.32370222222224,0.9206344444444546,0.0001466592592592,0.4148367259259253,,0.0001448446593112,0.3333333333333332,48662
0.52,ascending,1.0,0.15,20,30,<3>par,1042,0.97,-2.138619833333333,0.272728178694158,0.921438888888901,0.3244244444444617,-0.3240766666666841,0.9208988888889008,0.3236166666666838,0.9192822222222334,0.0001508944444444,0.4144355037037037,,0.0001365272453625,0.3333333333333332,49225
0.52,ascending,1.0,0.15,20,30,<3>par,1042,0.98,-2.140880916666666,0.2757830782312925,0.9186933333333464,0.3239644444444618,-0.3234844444444614,0.918018888888899,0.3232122222222395,0.9162444444444576,0.0001436018518518,0.4131827111111112,,0.000145962128056,0.3333333333333332,49372
0.52,ascending,1.0,0.15,20,30,<3>par,1042,0.99,-2.143194708333333,0.2779563973063972,0.9157888888889012,0.324246666666684,-0.3237833333333504,0.9160200000000124,0.3233355555555726,0.912991111111123,0.000162837037037,0.4122418925925926,,0.0001513819279499,0.3333333333333332,48817
0.52,ascending,1.0,0.15,20,30,<3>par,1042,1.0,-2.1476448749999992,0.2816550833333333,0.9154633333333464,0.3238066666666835,-0.323438888888906,0.9156300000000134,0.3230088888889061,0.9127322222222354,0.0001664314814814,0.4119575425925926,,0.0001584586887827,0.3333333333333332,49587
0.52,ascending,1.0,0.15,20,30,<3>par,1042,1.01,-2.148884875,0.2841089108910891,0.9122833333333492,0.3234933333333502,-0.3229900000000171,0.9123544444444608,0.322761111111128,0.9096855555555736,0.0001633166666666,0.4108701611111127,,0.0001660253480201,0.3333333333333332,49243
0.52,ascending,1.0,0.15,20,30,<3>par,1042,1.02,-2.151483458333333,0.2875235294117647,0.9088722222222372,0.3230866666666839,-0.3227188888889061,0.9089088888889062,0.3220777777777947,0.9058733333333526,0.0001713481481481,0.4093997796296296,,0.0001678017814804,0.3333333333333332,49663
0.52,ascending,1.0,0.15,20,30,<3>par,1042,1.1,-2.1763622083333325,0.3112334090909091,0.8956088888889072,0.321721111111128,-0.3212944444444607,0.8961133333333502,0.3205288888889047,0.8918511111111288,0.0001973962962962,0.4041219870370367,,0.0002110903839714,0.3333333333333332,50581
0.52,ascending,1.0,0.15,20,30,<3>par,1042,1.2,-2.208382375,0.3401481944444444,0.8785466666666679,0.3189733333333476,-0.3179711111111243,0.87785777777778,0.3174444444444573,0.8739088888888871,0.0002275333333333,0.3971370314814824,,0.0002329315317617,0.3333333333333332,51402
0.52,ascending,1.0,0.15,20,30,<3>par,1043,0.05,-2.0083243333333325,0.0142316666666666,0.9997955555555508,0.3332911111111257,-0.3332911111111257,0.9997955555555508,0.3332911111111257,0.9997955555555508,3.4074074074074e-07,0.4443625629629499,,3.407407407407337e-07,0.3333333333333332,40683
0.52,ascending,1.0,0.15,20,30,<3>par,1043,0.1,-2.008426833333333,0.0279199999999999,0.9992388888888724,0.333253333333348,-0.333253333333348,0.9992388888888724,0.333253333333348,0.9992388888888724,1.2425925925925872e-06,0.4441653703703643,,1.24552517062037e-06,0.3333333333333332,41439
0.52,ascending,1.0,0.15,20,30,<3>par,1043,0.2,-2.012697916666666,0.0554941666666666,0.9966855555555284,0.3329966666666815,-0.3329966666666815,0.9966855555555284,0.3329977777777926,0.9966988888888612,5.56851851851855e-06,0.4432341944444491,,5.862947906261547e-06,0.3333333333333332,41735
0.52,ascending,1.0,0.15,20,30,<3>par,1043,0.3,-2.0197204166666656,0.0836316666666666,0.992362222222197,0.3324600000000151,-0.3324522222222373,0.9923466666666412,0.3324655555555706,0.9923455555555302,1.232222222222279e-05,0.4416136129629706,,1.2830273192884294e-05,0.3333333333333332,43049
0.52,ascending,1.0,0.15,20,30,<3>par,1043,0.4,-2.028481374999999,0.1110643749999999,0.9865844444444222,0.3318422222222376,-0.3318533333333488,0.9863388888888668,0.3318088888889044,0.9863588888888668,2.3724074074074974e-05,0.4394209222222235,,2.3412653362462957e-05,0.3333333333333332,43278
0.52,ascending,1.0,0.15,20,30,<3>par,1043,0.5,-2.0415315416666657,0.1397601666666666,0.9793688888888704,0.3311111111111266,-0.3310922222222378,0.9794788888888706,0.3310277777777933,0.9793133333333152,3.587222222222302e-05,0.4368264314814802,,3.647781280324768e-05,0.3333333333333332,44191
0.52,ascending,1.0,0.15,20,30,<3>par,1043,0.6,-2.057535833333333,0.1682697222222222,0.9698099999999888,0.3299522222222383,-0.3300122222222383,0.9699199999999882,0.3298866666666826,0.9695833333333226,5.152222222222262e-05,0.4332192629629618,,5.2376524319076574e-05,0.3333333333333332,45413
0.52,ascending,1.0,0.15,20,30,<3>par,1043,0.7,-2.075079166666666,0.1950772619047618,0.9584044444444424,0.3287133333333497,-0.3286300000000163,0.9583099999999964,0.3285188888889053,0.957685555555552,7.458703703703726e-05,0.4287895574074074,,7.471888614908097e-05,0.3333333333333332,46633
0.52,ascending,1.0,0.15,20,30,<3>par,1043,0.8,-2.0977218749999995,0.2243278124999999,0.9460055555555562,0.3272755555555723,-0.3270955555555725,0.9458022222222208,0.3269844444444615,0.9449344444444444,9.355925925925918e-05,0.423990520370371,,0.0001056722312072,0.3333333333333332,47359
0.52,ascending,1.0,0.15,20,30,<3>par,1043,0.86,-2.109779375,0.2409140503875969,0.9390288888888936,0.3262722222222394,-0.325968888888906,0.9392200000000038,0.325818888888906,0.9374588888888928,0.0001105148148148,0.4211735370370377,,0.0001077413958062,0.3333333333333332,47954
0.52,ascending,1.0,0.15,20,30,<3>par,1043,0.87,-2.1136918749999998,0.2443969348659003,0.9382588888888972,0.3266033333333503,-0.3264733333333505,0.938447777777782,0.3262666666666837,0.9371800000000048,0.0001081611111111,0.4211890185185195,,0.0001096621480248,0.3333333333333332,48088
0.52,ascending,1.0,0.15,20,30,<3>par,1043,0.88,-2.1154825416666663,0.2475999053030302,0.9340477777777844,0.3261155555555728,-0.325817777777795,0.9343755555555624,0.3252977777777951,0.9319200000000072,0.0001360666666666,0.4192946148148164,,0.0001209248886916,0.3333333333333332,47764
0.52,ascending,1.0,0.15,20,30,<3>par,1043,0.89,-2.1183169583333323,0.2504408239700374,0.933945555555562,0.3259166666666837,-0.325620000000017,0.9342677777777848,0.325458888888906,0.9325444444444532,0.0001307537037037,0.4194749888888885,,0.0001136609268762,0.3333333333333332,47548
0.52,ascending,1.0,0.15,20,30,<3>par,1043,0.9,-2.119802208333333,0.253846574074074,0.9298100000000072,0.325748888888906,-0.3254000000000172,0.9295755555555636,0.3252977777777949,0.9281633333333416,0.0001219703703703,0.4177641462962958,,0.0001299898138154,0.3333333333333332,48189
0.52,ascending,1.0,0.15,20,30,<3>par,1043,0.91,-2.1211420833333325,0.2557123626373626,0.9291466666666734,0.3253933333333506,-0.3252300000000171,0.9293188888888958,0.3248466666666839,0.9274977777777847,0.0001225129629629,0.4175172629629634,,0.000126786625594,0.3333333333333332,48340
0.52,ascending,1.0,0.15,20,30,<3>par,1043,0.92,-2.124431499999999,0.2582682971014492,0.9280055555555629,0.3252600000000172,-0.3250233333333505,0.9281511111111193,0.3247966666666841,0.9256955555555644,0.0001314814814814,0.4169732407407405,,0.0001291928915298,0.3333333333333332,48789
0.52,ascending,1.0,0.15,20,30,<3>par,1043,0.93,-2.125852333333333,0.2620058243727598,0.9254833333333417,0.3248288888889062,-0.3243777777777952,0.9257688888888964,0.3242100000000175,0.923692222222232,0.000132237037037,0.4160553814814816,,0.0001340608179249,0.3333333333333332,48451
0.52,ascending,1.0,0.15,20,30,<3>par,1043,0.9351,-2.1286801666666664,0.2637905928064734,0.924686666666676,0.3250422222222391,-0.3248088888889059,0.9252733333333408,0.3242466666666835,0.9229733333333424,0.0001319407407407,0.4158704111111126,,0.0001417396317774,0.3333333333333332,48804
0.52,ascending,1.0,0.15,20,30,<3>par,1043,0.94,-2.12900475,0.2645743794326241,0.9251844444444534,0.325250000000017,-0.3249100000000169,0.9249733333333424,0.3245544444444614,0.9227611111111222,0.0001349185185185,0.4159435777777784,,0.0001305587117873,0.3333333333333332,48815
0.52,ascending,1.0,0.15,20,30,<3>par,1043,0.95,-2.132866916666667,0.2675848245614035,0.9226400000000096,0.3246566666666841,-0.3242177777777951,0.9226022222222312,0.3240000000000173,0.9201866666666773,0.0001438222222222,0.4148893740740747,,0.0001496108893335,0.3333333333333332,48845
0.52,ascending,1.0,0.15,20,30,<3>par,1043,0.96,-2.134337041666666,0.2699313368055555,0.9236422222222356,0.3241488888889064,-0.3238366666666838,0.9239977777777888,0.3235733333333506,0.9215844444444576,0.000142637037037,0.4150311851851846,,0.0001450860184139,0.3333333333333332,48949
0.52,ascending,1.0,0.15,20,30,<3>par,1043,0.97,-2.1383885416666657,0.2732176116838488,0.9195355555555684,0.3241577777777952,-0.3237722222222399,0.9192500000000128,0.323316666666684,0.9170500000000148,0.000140324074074,0.41347107962963,,0.0001528978152225,0.3333333333333332,49128
0.52,ascending,1.0,0.15,20,30,<3>par,1043,0.98,-2.141890291666666,0.2767284013605442,0.9182488888889012,0.3239266666666839,-0.3235788888889058,0.9188211111111254,0.3231522222222394,0.9161100000000124,0.0001439425925925,0.4131305685185193,,0.0001578675398329,0.3333333333333332,49074
0.52,ascending,1.0,0.15,20,30,<3>par,1043,0.99,-2.1445512916666667,0.2790648989898989,0.917402222222236,0.3242711111111288,-0.3236966666666839,0.917428888888904,0.3235133333333503,0.9147866666666832,0.0001524592592592,0.4127714685185188,,0.0001556871030149,0.3333333333333332,49194
0.52,ascending,1.0,0.15,20,30,<3>par,1043,1.0,-2.1467853333333333,0.2824650833333333,0.91459444444446,0.3240366666666838,-0.3238000000000168,0.9141955555555696,0.3233855555555725,0.9117988888889051,0.0001563666666666,0.4118771981481477,,0.0001545174076789,0.3333333333333332,49117
0.52,ascending,1.0,0.15,20,30,<3>par,1043,1.01,-2.1512440416666663,0.284758498349835,0.913640000000016,0.3235033333333501,-0.3229788888889061,0.9132877777777896,0.3227588888889056,0.9108711111111276,0.0001630537037037,0.4112274277777782,,0.0001636365051404,0.3333333333333332,49584
0.52,ascending,1.0,0.15,20,30,<3>par,1043,1.02,-2.1527480416666664,0.2874665849673202,0.913270000000016,0.3236433333333507,-0.3232955555555726,0.9138022222222352,0.3227533333333503,0.910836666666681,0.0001614037037037,0.4112277722222228,,0.0001607011140734,0.3333333333333332,49362
0.52,ascending,1.0,0.15,20,30,<3>par,1043,1.1,-2.1759200416666657,0.3113848484848485,0.8975433333333499,0.3218922222222393,-0.3212111111111278,0.8976466666666825,0.3205955555555719,0.8934911111111266,0.0002061666666666,0.404713994444444,,0.0001962218170489,0.3333333333333332,50299
0.52,ascending,1.0,0.15,20,30,<3>par,1043,1.2,-2.2081739166666665,0.3400574305555555,0.8784955555555591,0.3195688888889042,-0.3184722222222357,0.8785111111111159,0.317773333333346,0.8733488888888872,0.0002422851851851,0.3969770925925926,,0.0002365036062546,0.3333333333333332,51391
0.52,ascending,1.0,0.15,20,30,<3>par,1044,0.05,-2.0065667499999997,0.0129849999999999,0.999806666666664,0.3333011111111257,-0.3333011111111257,0.999806666666664,0.3333011111111257,0.9998111111111082,3.370370370370364e-07,0.4443695962962826,,3.37037037037038e-07,0.3333333333333332,40574
0.52,ascending,1.0,0.15,20,30,<3>par,1044,0.1,-2.0082667916666668,0.0272108333333333,0.9992299999999882,0.3332322222222369,-0.3332322222222369,0.9992299999999882,0.3332322222222369,0.9992299999999882,1.2351851851851792e-06,0.444155383333325,,1.3124225998749963e-06,0.3333333333333333,41223
0.52,ascending,1.0,0.15,20,30,<3>par,1044,0.2,-2.011087166666666,0.0549099999999999,0.9963744444444186,0.3329644444444593,-0.3329566666666815,0.9963533333333068,0.3329511111111259,0.9963633333333072,6.174074074074195e-06,0.4431091574074108,,5.810370098837994e-06,0.3333333333333332,41936
0.52,ascending,1.0,0.15,20,30,<3>par,1044,0.3,-2.0206914999999994,0.0835325,0.9920866666666376,0.3324922222222374,-0.3324666666666818,0.9920933333333044,0.3324633333333485,0.9920655555555266,1.2770370370370972e-05,0.4415227148148229,,1.331156908188212e-05,0.3333333333333332,42561
0.52,ascending,1.0,0.15,20,30,<3>par,1044,0.4,-2.028639458333333,0.1116660416666666,0.9860988888888668,0.331855555555571,-0.3318311111111266,0.9860244444444216,0.3318600000000153,0.9860277777777549,2.252592592592685e-05,0.4393129055555569,,2.28054279931345e-05,0.3333333333333332,43552
0.52,ascending,1.0,0.15,20,30,<3>par,1044,0.5,-2.0419188333333325,0.1393841666666666,0.9794766666666492,0.3310688888889047,-0.3310244444444603,0.9794177777777596,0.3309977777777936,0.9792911111110936,3.651481481481554e-05,0.4367942907407401,,3.554948975031494e-05,0.3333333333333332,44191
0.52,ascending,1.0,0.15,20,30,<3>par,1044,0.6,-2.0564955416666657,0.1674652777777777,0.9695055555555452,0.3300222222222384,-0.3300077777777939,0.9693211111110996,0.3299444444444606,0.9691155555555452,4.9461111111111664e-05,0.433077396296297,,5.15167707059147e-05,0.3333333333333332,45393
0.52,ascending,1.0,0.15,20,30,<3>par,1044,0.7,-2.0759159166666663,0.1956505952380952,0.9583422222222182,0.3288433333333498,-0.3287122222222388,0.9583366666666628,0.3286166666666832,0.957831111111107,7.338333333333344e-05,0.4288583962962954,,7.398313404181007e-05,0.3333333333333332,46475
0.52,ascending,1.0,0.15,20,30,<3>par,1044,0.8,-2.0964645833333333,0.2235895833333333,0.9477066666666674,0.3272322222222391,-0.3270877777777947,0.9476811111111112,0.3269177777777947,0.9466055555555566,9.37574074074073e-05,0.4246023888888895,,9.402537625728452e-05,0.3333333333333332,47768
0.52,ascending,1.0,0.15,20,30,<3>par,1044,0.86,-2.1115985,0.2419911821705426,0.9376388888888936,0.326568888888906,-0.3262611111111282,0.9375822222222266,0.3262111111111284,0.93617444444445,0.0001115222222222,0.4208387055555559,,0.0001123271002262,0.3333333333333332,48130
0.52,ascending,1.0,0.15,20,30,<3>par,1044,0.87,-2.1126999166666662,0.2435359195402298,0.9362400000000064,0.3259900000000173,-0.3258200000000171,0.9356633333333388,0.3255711111111285,0.9345811111111176,0.0001210314814814,0.4201253148148158,,0.000118337744061,0.3333333333333332,48245
0.52,ascending,1.0,0.15,20,30,<3>par,1044,0.88,-2.1151189583333334,0.2477859848484848,0.9337911111111163,0.3259888888889063,-0.3258411111111286,0.9335566666666716,0.3254433333333505,0.9321533333333416,0.0001128833333333,0.4192847037037039,,0.000123746015131,0.3333333333333332,48075
0.52,ascending,1.0,0.15,20,30,<3>par,1044,0.89,-2.1180973333333326,0.2494029026217228,0.93365222222223,0.3261533333333508,-0.325965555555573,0.9335322222222296,0.3255355555555727,0.931867777777786,0.0001199277777777,0.4192847592592589,,0.000119801601639,0.3333333333333332,48265
0.52,ascending,1.0,0.15,20,30,<3>par,1044,0.9,-2.1198297083333326,0.2527512962962963,0.9311277777777828,0.3255011111111286,-0.3251622222222399,0.9316500000000064,0.3248222222222399,0.9290344444444514,0.0001254537037037,0.4181042259259271,,0.0001299805266395,0.3333333333333332,48676
0.52,ascending,1.0,0.15,20,30,<3>par,1044,0.91,-2.1221080416666664,0.2563117216117215,0.9313066666666762,0.325247777777795,-0.3249477777777952,0.931387777777788,0.3247211111111285,0.929426666666676,0.0001222277777777,0.4182092925925926,,0.0001253992567909,0.3333333333333332,48466
0.52,ascending,1.0,0.15,20,30,<3>par,1044,0.92,-2.12520325,0.2583770833333333,0.9260611111111208,0.3251066666666843,-0.3248466666666839,0.9255833333333422,0.324564444444462,0.923771111111122,0.0001413685185185,0.4161705648148152,,0.0001393680698533,0.3333333333333332,48307
0.52,ascending,1.0,0.15,20,30,<3>par,1044,0.93,-2.1275448749999994,0.2615913978494624,0.926404444444452,0.3245944444444616,-0.3244233333333506,0.926197777777786,0.324145555555573,0.924333333333342,0.0001406074074074,0.4162386648148152,,0.00013286873067,0.3333333333333332,48493
0.52,ascending,1.0,0.15,20,30,<3>par,1044,0.9351,-2.129424916666666,0.2628592307418101,0.9245100000000114,0.3249611111111283,-0.3243444444444616,0.9242833333333438,0.3241711111111283,0.9222277777777892,0.0001522537037037,0.4155060703703704,,0.0001398002258505,0.3333333333333332,48533
0.52,ascending,1.0,0.15,20,30,<3>par,1044,0.94,-2.130827708333333,0.2650035460992908,0.92596222222223,0.3247300000000175,-0.3245266666666842,0.9260544444444518,0.3242711111111287,0.9238000000000096,0.0001355907407407,0.4161662240740745,,0.0001344965744257,0.3333333333333332,48854
0.52,ascending,1.0,0.15,20,30,<3>par,1044,0.95,-2.133416499999999,0.2666944736842105,0.92458000000001,0.324965555555573,-0.3245311111111283,0.92482111111112,0.3242288888889061,0.9226000000000094,0.0001383425925925,0.4157332574074064,,0.0001343370592025,0.3333333333333332,48730
0.52,ascending,1.0,0.15,20,30,<3>par,1044,0.96,-2.134712625,0.269518923611111,0.9221711111111206,0.3245766666666839,-0.3242933333333509,0.9224088888889004,0.3238933333333507,0.9200555555555684,0.0001449888888888,0.4147434574074078,,0.0001376402181496,0.3333333333333332,49245
0.52,ascending,1.0,0.15,20,30,<3>par,1044,0.97,-2.1387069999999992,0.2729329037800687,0.9211155555555676,0.3246144444444619,-0.3242933333333506,0.9206666666666778,0.323956666666684,0.9186288888889004,0.0001449777777777,0.4143012925925922,,0.0001462118233676,0.3333333333333332,49132
0.52,ascending,1.0,0.15,20,30,<3>par,1044,0.98,-2.141088291666666,0.2758178571428571,0.9187300000000104,0.3243822222222395,-0.3237566666666843,0.919332222222234,0.3235233333333501,0.916686666666678,0.0001506277777777,0.4135362203703704,,0.0001496471202194,0.3333333333333332,49029
0.52,ascending,1.0,0.15,20,30,<3>par,1044,0.99,-2.143762083333333,0.2790415824915824,0.9163255555555674,0.323908888888906,-0.3233911111111286,0.9157988888889008,0.3230266666666836,0.9135722222222356,0.0001543277777777,0.4122651907407397,,0.0001619490522668,0.3333333333333332,49493
0.52,ascending,1.0,0.15,20,30,<3>par,1044,1.0,-2.147720708333333,0.2823293333333334,0.9140788888889012,0.3236622222222395,-0.3234355555555731,0.9143422222222362,0.3228444444444622,0.9114155555555709,0.0001522074074074,0.4115066185185191,,0.0001502016126227,0.3333333333333332,49379
0.52,ascending,1.0,0.15,20,30,<3>par,1044,1.01,-2.1500108749999995,0.2843631188118812,0.9142577777777924,0.3233755555555729,-0.3230444444444617,0.914621111111126,0.3226633333333505,0.9115188888889036,0.0001544796296296,0.4115439777777783,,0.0001617465028947,0.3333333333333332,48656
0.52,ascending,1.0,0.15,20,30,<3>par,1044,1.02,-2.152421833333333,0.286955065359477,0.9113577777777938,0.3231911111111281,-0.3228255555555723,0.9113955555555712,0.3224566666666837,0.9083677777777942,0.0001593555555555,0.4104023888888898,,0.0001659220163404,0.3333333333333332,49693
0.52,ascending,1.0,0.15,20,30,<3>par,1044,1.1,-2.1759447499999998,0.3104665909090909,0.8977222222222374,0.3219633333333503,-0.321372222222239,0.8978866666666854,0.320584444444461,0.8942433333333493,0.0001856629629629,0.4050901574074077,,0.0001963224668819,0.3333333333333332,50392
0.52,ascending,1.0,0.15,20,30,<3>par,1044,1.2,-2.2098407083333327,0.3400825,0.879373333333341,0.3190344444444592,-0.3184300000000139,0.8791833333333394,0.3174211111111233,0.8744200000000044,0.0002396981481481,0.3972952666666675,,0.0002331486468955,0.3333333333333332,51406
0.52,ascending,1.0,0.15,20,30,<3>par,1045,0.05,-2.0066483333333336,0.0127483333333333,0.99980444444444,0.3333122222222368,-0.3333122222222368,0.99980444444444,0.3333122222222368,0.99980444444444,3.407407407407401e-07,0.4443725555555448,,3.139404889722233e-07,0.3333333333333332,40469
0.52,ascending,1.0,0.15,20,30,<3>par,1045,0.1,-2.008698999999999,0.0280333333333333,0.9992011111110978,0.3332444444444591,-0.3332444444444591,0.9992011111110978,0.3332444444444591,0.9992011111110978,1.34629629629629e-06,0.4441498907407326,,1.282459007490731e-06,0.3333333333333333,40959
0.52,ascending,1.0,0.15,20,30,<3>par,1045,0.2,-2.0111081666666664,0.0546587499999999,0.9965611111110824,0.3328488888889037,-0.3328544444444593,0.9965633333333048,0.3328533333333482,0.9965633333333048,5.664814814814818e-06,0.4431447000000117,,5.899690399499998e-06,0.3333333333333332,41562
0.52,ascending,1.0,0.15,20,30,<3>par,1045,0.3,-2.01986725,0.0837538888888888,0.992364444444416,0.3325022222222373,-0.3325144444444595,0.99237888888886,0.332498888888904,0.9923244444444158,1.3175925925926618e-05,0.4416280851851918,,1.2648630481173798e-05,0.3333333333333332,42711
0.52,ascending,1.0,0.15,20,30,<3>par,1045,0.4,-2.029119708333333,0.1113860416666666,0.9874144444444196,0.3318833333333488,-0.3318733333333487,0.9873855555555304,0.3318411111111266,0.9873677777777532,2.0105555555556543e-05,0.4397594370370388,,2.122025786465061e-05,0.3333333333333332,43715
0.52,ascending,1.0,0.15,20,30,<3>par,1045,0.5,-2.0410999583333327,0.1391123333333333,0.9800111111110928,0.3309711111111268,-0.3309744444444602,0.9800366666666482,0.330942222222238,0.9798888888888708,3.413888888888961e-05,0.4369817092592592,,3.4525449344048785e-05,0.3333333333333332,44626
0.52,ascending,1.0,0.15,20,30,<3>par,1045,0.6,-2.057393583333333,0.1670822222222222,0.9690455555555446,0.3299544444444607,-0.3298588888889052,0.9688388888888784,0.3298433333333496,0.9686099999999904,5.063888888888935e-05,0.4328670759259253,,5.709863894764571e-05,0.3333333333333332,45196
0.52,ascending,1.0,0.15,20,30,<3>par,1045,0.7,-2.0738960833333326,0.195895119047619,0.958666666666663,0.3287166666666836,-0.3285944444444613,0.958451111111108,0.3286311111111279,0.9578722222222192,7.094074074074089e-05,0.4289101333333334,,7.464626178940738e-05,0.3333333333333332,46575
0.52,ascending,1.0,0.15,20,30,<3>par,1045,0.8,-2.096150208333333,0.2245189583333333,0.946958888888892,0.3269322222222394,-0.3268455555555729,0.947271111111114,0.3267355555555729,0.946175555555559,9.924444444444456e-05,0.42438725925926,,8.909944981277803e-05,0.3333333333333332,47335
0.52,ascending,1.0,0.15,20,30,<3>par,1045,0.86,-2.110037374999999,0.2429014534883721,0.9363377777777836,0.3262288888889056,-0.3261300000000169,0.9367588888888948,0.3258744444444612,0.9347600000000036,0.0001233018518518,0.4203084185185184,,0.0001161309035756,0.3333333333333332,47903
0.52,ascending,1.0,0.15,20,30,<3>par,1045,0.87,-2.1129762916666666,0.2446390804597701,0.935488888888898,0.3260311111111282,-0.3258388888889058,0.9354877777777868,0.3257433333333503,0.9338600000000084,0.0001131055555555,0.4199008185185187,,0.0001179464109987,0.3333333333333332,48286
0.52,ascending,1.0,0.15,20,30,<3>par,1045,0.88,-2.114791041666666,0.2470998106060605,0.9343044444444512,0.325773333333351,-0.3254277777777956,0.934235555555562,0.3252777777777955,0.9326500000000064,0.0001175444444444,0.4194236870370373,,0.000118484299357,0.3333333333333332,48025
0.52,ascending,1.0,0.15,20,30,<3>par,1045,0.89,-2.1164675,0.2496970973782771,0.9344511111111148,0.3258411111111285,-0.3256100000000176,0.934506666666672,0.3253211111111287,0.933164444444452,0.0001208666666666,0.4195440611111126,,0.0001132023651373,0.3333333333333332,48278
0.52,ascending,1.0,0.15,20,30,<3>par,1045,0.9,-2.119174624999999,0.2526102777777778,0.9324611111111192,0.3254433333333508,-0.3252566666666842,0.9329477777777851,0.3250422222222396,0.9310911111111166,0.0001265018518518,0.4188355777777784,,0.0001160853584362,0.3333333333333332,48309
0.52,ascending,1.0,0.15,20,30,<3>par,1045,0.91,-2.122121541666666,0.2561596153846153,0.931977777777785,0.3256811111111282,-0.325237777777795,0.9314033333333418,0.3250611111111282,0.9299700000000072,0.0001276129629629,0.4183881203703715,,0.0001264126325546,0.3333333333333332,48164
0.52,ascending,1.0,0.15,20,30,<3>par,1045,0.92,-2.125416083333333,0.2599113224637681,0.9286522222222314,0.3254277777777951,-0.3251200000000174,0.9290888888888964,0.324777777777795,0.9270988888888986,0.0001360703703703,0.4173434018518523,,0.0001325140827875,0.3333333333333332,48034
0.52,ascending,1.0,0.15,20,30,<3>par,1045,0.93,-2.1273896249999997,0.2616559139784946,0.9274888888888964,0.3251633333333508,-0.324806666666684,0.9275800000000084,0.3245077777777953,0.9253377777777866,0.0001339814814814,0.4167126370370376,,0.000132433569847,0.3333333333333332,48452
0.52,ascending,1.0,0.15,20,30,<3>par,1045,0.9351,-2.1275113333333326,0.2620584251238726,0.9269100000000084,0.3246255555555727,-0.3243344444444617,0.9272066666666722,0.324108888888906,0.9251344444444534,0.0001331925925925,0.4165264574074065,,0.0001301939385882,0.3333333333333332,48621
0.52,ascending,1.0,0.15,20,30,<3>par,1045,0.94,-2.129070458333332,0.2645129432624113,0.9243444444444556,0.3248066666666842,-0.324455555555573,0.9243188888888978,0.3242344444444618,0.9217833333333446,0.0001385166666666,0.415379748148148,,0.0001407280112556,0.3333333333333332,48437
0.52,ascending,1.0,0.15,20,30,<3>par,1045,0.95,-2.1331815833333327,0.2673048245614035,0.9231555555555648,0.3246211111111284,-0.3242233333333499,0.9236388888888988,0.3239255555555722,0.9215644444444552,0.0001456314814814,0.4152758444444453,,0.0001357745993804,0.3333333333333332,49017
0.52,ascending,1.0,0.15,20,30,<3>par,1045,0.96,-2.135061666666666,0.2708842881944445,0.9206366666666798,0.3246811111111282,-0.3242366666666836,0.920657777777792,0.3238433333333499,0.9179300000000128,0.000139874074074,0.4140789759259266,,0.0001465201294631,0.3333333333333332,49175
0.52,ascending,1.0,0.15,20,30,<3>par,1045,0.97,-2.139131958333333,0.2738180412371134,0.919821111111122,0.3242888888889061,-0.3240455555555732,0.9201055555555668,0.3237622222222399,0.9170811111111232,0.0001421981481481,0.4137508425925911,,0.0001533760646701,0.3333333333333332,49145
0.52,ascending,1.0,0.15,20,30,<3>par,1045,0.98,-2.140675708333333,0.2754722789115646,0.9185277777777892,0.3238288888889058,-0.3236055555555728,0.9184155555555684,0.323131111111128,0.916317777777792,0.0001491407407407,0.413195894444445,,0.0001463380167597,0.3333333333333332,49413
0.52,ascending,1.0,0.15,20,30,<3>par,1045,0.99,-2.142034708333332,0.2787556397306396,0.9175033333333468,0.3237411111111284,-0.3234288888889062,0.917874444444458,0.3232722222222397,0.914962222222238,0.0001546018518518,0.4127904148148156,,0.0001527478240095,0.3333333333333332,49172
0.52,ascending,1.0,0.15,20,30,<3>par,1045,1.0,-2.1455181249999997,0.28180525,0.9150644444444592,0.3239588888889064,-0.3236111111111281,0.9158144444444588,0.3230577777777948,0.9127611111111296,0.000154187037037,0.4120660870370368,,0.0001554090175129,0.3333333333333332,49214
0.52,ascending,1.0,0.15,20,30,<3>par,1045,1.01,-2.1493108333333324,0.2850862211221122,0.913121111111126,0.3231800000000175,-0.3229044444444618,0.9140188888889028,0.3224344444444617,0.9103277777777934,0.0001552907407407,0.4110596685185191,,0.0001584278171967,0.3333333333333332,49292
0.52,ascending,1.0,0.15,20,30,<3>par,1045,1.02,-2.152595791666666,0.2889915849673202,0.9117588888889044,0.3233622222222395,-0.3228633333333506,0.9113966666666814,0.3222500000000167,0.9092611111111256,0.0001571944444444,0.4105763685185192,,0.0001738129497825,0.3333333333333332,49455
0.52,ascending,1.0,0.15,20,30,<3>par,1045,1.1,-2.1749844166666663,0.3108959848484848,0.8979866666666848,0.3217288888889055,-0.3210755555555715,0.8982166666666856,0.3204277777777928,0.894616666666686,0.0001879277777777,0.4050026833333334,,0.0001933568382885,0.3333333333333332,50404
0.52,ascending,1.0,0.15,20,30,<3>par,1045,1.2,-2.207777374999999,0.3403291666666666,0.87704444444445,0.3191111111111249,-0.3182011111111232,0.8779377777777819,0.317418888888899,0.872262222222221,0.0002438407407407,0.3965338574074076,,0.0002322983624963,0.3333333333333332,51535
0.52,ascending,1.0,0.15,20,30,<3>par,1046,0.05,-2.0067867500000003,0.0149416666666666,0.9998344444444432,0.3333133333333479,-0.3333133333333479,0.9998344444444432,0.3333133333333479,0.9998344444444432,2.759259259259256e-07,0.444382868518504,,2.7592592592592856e-07,0.3333333333333333,40689
0.52,ascending,1.0,0.15,20,30,<3>par,1046,0.1,-2.0079168749999994,0.0274641666666666,0.9990055555555356,0.3332300000000147,-0.3332300000000147,0.9990055555555356,0.3332300000000147,0.9990055555555356,1.6981481481481396e-06,0.4440802351851851,,1.6999605810439736e-06,0.3333333333333332,40796
0.52,ascending,1.0,0.15,20,30,<3>par,1046,0.2,-2.012457499999999,0.0550645833333333,0.9969155555555272,0.333032222222237,-0.333032222222237,0.996913333333305,0.333032222222237,0.996913333333305,5.114814814814788e-06,0.4433208166666727,,4.917437792342547e-06,0.3333333333333332,41984
0.52,ascending,1.0,0.15,20,30,<3>par,1046,0.3,-2.0199543333333327,0.0838975,0.992721111111082,0.3325033333333484,-0.3325066666666818,0.9927066666666378,0.3324955555555706,0.9927222222221932,1.2333333333333876e-05,0.4417476277777851,,1.2355103335932968e-05,0.3333333333333332,43042
0.52,ascending,1.0,0.15,20,30,<3>par,1046,0.4,-2.0271832083333328,0.1103583333333333,0.9871622222221988,0.3318566666666821,-0.3318400000000154,0.9870733333333102,0.3318011111111266,0.9870811111110882,2.1140740740741668e-05,0.439648744444446,,2.2431952312210656e-05,0.3333333333333332,43688
0.52,ascending,1.0,0.15,20,30,<3>par,1046,0.5,-2.041985791666666,0.1398771666666666,0.9781911111110942,0.3312011111111268,-0.3311866666666823,0.9783122222222038,0.3311644444444601,0.9780966666666484,3.5938888888889585e-05,0.4364588833333317,,3.745207111214352e-05,0.3333333333333332,44727
0.52,ascending,1.0,0.15,20,30,<3>par,1046,0.6,-2.0566623749999997,0.1666018055555555,0.969882222222212,0.3300522222222382,-0.3299555555555715,0.969734444444436,0.3299111111111271,0.9693955555555476,4.782777777777842e-05,0.4331932185185183,,5.054232241104864e-05,0.3333333333333332,45473
0.52,ascending,1.0,0.15,20,30,<3>par,1046,0.7,-2.075128041666667,0.1960261904761904,0.9583255555555524,0.3288033333333496,-0.3287566666666831,0.9584899999999972,0.3285822222222386,0.9577522222222196,7.264259259259278e-05,0.4288371018518532,,7.138435247504181e-05,0.3333333333333332,46607
0.52,ascending,1.0,0.15,20,30,<3>par,1046,0.8,-2.0960449583333327,0.2236385416666666,0.9459711111111132,0.3271800000000172,-0.327046666666684,0.9458955555555568,0.3268288888889062,0.9449788888888926,9.20703703703702e-05,0.423994190740741,,8.998822264154223e-05,0.3333333333333332,47173
0.52,ascending,1.0,0.15,20,30,<3>par,1046,0.86,-2.110633416666666,0.2416681201550387,0.9376577777777826,0.3264800000000174,-0.3262311111111283,0.9379933333333385,0.3260388888889063,0.9365066666666731,0.0001082296296296,0.420943520370369,,0.000110841344885,0.3333333333333332,47680
0.52,ascending,1.0,0.15,20,30,<3>par,1046,0.87,-2.113113999999999,0.2451223180076628,0.9367088888888934,0.3258944444444616,-0.3257244444444616,0.9364100000000034,0.3254855555555727,0.9352811111111148,0.0001190018518518,0.4202866166666667,,0.0001127898198871,0.3333333333333332,47482
0.52,ascending,1.0,0.15,20,30,<3>par,1046,0.88,-2.116992041666666,0.2479879734848484,0.9352088888888932,0.3259788888889062,-0.3258266666666843,0.9355622222222252,0.3254788888889063,0.9338200000000034,0.0001159518518518,0.419839085185187,,0.0001192045842992,0.3333333333333332,48262
0.52,ascending,1.0,0.15,20,30,<3>par,1046,0.89,-2.118130958333333,0.2503506554307116,0.9326122222222284,0.3261455555555729,-0.3258677777777954,0.9331711111111204,0.3256233333333508,0.9311255555555652,0.0001162148148148,0.4190333722222238,,0.0001297627491333,0.3333333333333332,48311
0.52,ascending,1.0,0.15,20,30,<3>par,1046,0.9,-2.1204866249999994,0.2534366666666666,0.931546666666673,0.3255455555555731,-0.3252433333333507,0.9316422222222284,0.325105555555573,0.9299711111111196,0.0001284703703703,0.4184041074074076,,0.0001208221738182,0.3333333333333332,48110
0.52,ascending,1.0,0.15,20,30,<3>par,1046,0.91,-2.122486291666666,0.2553235347985347,0.9303722222222308,0.3255488888889059,-0.3252122222222393,0.9301700000000088,0.3248500000000172,0.928470000000008,0.0001231425925925,0.4178923037037044,,0.0001294338200598,0.3333333333333332,48291
0.52,ascending,1.0,0.15,20,30,<3>par,1046,0.92,-2.125318125,0.258851268115942,0.9273511111111185,0.3253400000000174,-0.3250144444444623,0.9264977777777872,0.324756666666684,0.925153333333343,0.0001278111111111,0.4167561814814814,,0.0001334298373876,0.3333333333333332,48549
0.52,ascending,1.0,0.15,20,30,<3>par,1046,0.93,-2.1274685833333327,0.2622698028673835,0.9253555555555654,0.3247300000000173,-0.3243600000000174,0.9250422222222326,0.3241777777777953,0.9227055555555662,0.0001321111111111,0.4156575851851848,,0.0001451876532022,0.3333333333333332,48619
0.52,ascending,1.0,0.15,20,30,<3>par,1046,0.9351,-2.1284553749999997,0.2641287028125333,0.924380000000008,0.3250188888889061,-0.3247577777777951,0.9241488888888958,0.3242166666666841,0.9219233333333426,0.0001444185185185,0.4155049851851841,,0.0001374325258245,0.3333333333333332,48338
0.52,ascending,1.0,0.15,20,30,<3>par,1046,0.94,-2.13136725,0.2647893617021276,0.92468111111112,0.3248966666666842,-0.3246066666666842,0.9251988888888972,0.3242655555555732,0.9225355555555664,0.0001330796296296,0.4157773759259258,,0.0001328443341354,0.3333333333333332,48766
0.52,ascending,1.0,0.15,20,30,<3>par,1046,0.95,-2.1311952916666663,0.2670878070175438,0.9247766666666766,0.3249411111111284,-0.3247311111111285,0.9246511111111204,0.3245066666666842,0.9228388888889,0.0001321962962962,0.4158366981481486,,0.0001312352547175,0.3333333333333332,48919
0.52,ascending,1.0,0.15,20,30,<3>par,1046,0.96,-2.135337291666666,0.2701016493055555,0.9211511111111214,0.3247477777777952,-0.3243244444444619,0.9203811111111212,0.3238388888889062,0.9186066666666782,0.0001274574074074,0.4142521518518519,,0.0001525373307417,0.3333333333333332,48997
0.52,ascending,1.0,0.15,20,30,<3>par,1046,0.97,-2.139002208333333,0.2729013745704467,0.9185288888889022,0.3241711111111285,-0.3237877777777953,0.9187911111111248,0.3233633333333506,0.9162500000000138,0.0001569592592592,0.4132883851851858,,0.0001478198354379,0.3333333333333332,48932
0.52,ascending,1.0,0.15,20,30,<3>par,1046,0.98,-2.14078125,0.276165306122449,0.9206766666666804,0.3241522222222396,-0.3237911111111285,0.920587777777789,0.3233422222222394,0.9179033333333468,0.0001543574074074,0.4138972240740743,,0.0001377766332703,0.3333333333333332,48923
0.52,ascending,1.0,0.15,20,30,<3>par,1046,0.99,-2.143945375,0.281064478114478,0.9147388888889018,0.323946666666684,-0.3235211111111284,0.9140311111111252,0.3229411111111282,0.9118755555555722,0.000164837037037,0.4116874148148141,,0.0001542648120994,0.3333333333333332,49461
0.52,ascending,1.0,0.15,20,30,<3>par,1046,1.0,-2.147895708333333,0.2812165,0.91475555555557,0.3236777777777951,-0.3230400000000167,0.914935555555568,0.322810000000017,0.9125322222222344,0.0001590259259259,0.411866581481481,,0.0001529345832376,0.3333333333333332,49447
0.52,ascending,1.0,0.15,20,30,<3>par,1046,1.01,-2.1487063749999997,0.2852435643564356,0.912810000000016,0.3233344444444618,-0.3227477777777943,0.9127144444444611,0.3224088888889057,0.909937777777795,0.0001618277777777,0.4107882203703695,,0.0001692191634394,0.3333333333333332,49636
0.52,ascending,1.0,0.15,20,30,<3>par,1046,1.02,-2.153187541666666,0.2878015522875816,0.9137944444444612,0.3228966666666836,-0.3223577777777944,0.9138766666666812,0.322052222222238,0.9107255555555744,0.0001630055555555,0.4109716129629638,,0.0001651262160762,0.3333333333333332,49692
0.52,ascending,1.0,0.15,20,30,<3>par,1046,1.1,-2.1761150833333325,0.310725,0.8990811111111283,0.3215900000000162,-0.3208611111111263,0.8992800000000193,0.3202811111111257,0.8956455555555737,0.0001952555555555,0.4054364018518531,,0.0001914547585875,0.3333333333333332,50359
0.52,ascending,1.0,0.15,20,30,<3>par,1046,1.2,-2.2090420416666667,0.3396910416666667,0.8761900000000037,0.3192522222222372,-0.3182177777777908,0.8766977777777817,0.3174088888889006,0.8709199999999984,0.0002255703703703,0.3961288388888898,,0.0002495227813944,0.3333333333333332,51678
0.52,ascending,1.0,0.15,20,30,<3>par,1047,0.05,-2.0052344583333337,0.0138349999999999,0.9997777777777702,0.3333133333333479,-0.3333133333333479,0.9997777777777702,0.3333133333333479,0.9997777777777702,3.666666666666657e-07,0.4443640777777686,,3.666666666666665e-07,0.3333333333333332,40615
0.52,ascending,1.0,0.15,20,30,<3>par,1047,0.1,-2.00825975,0.0284849999999999,0.9988477777777628,0.3332011111111258,-0.3332011111111258,0.9988477777777628,0.3332011111111258,0.9988477777777628,1.8388888888888796e-06,0.4440182481481414,,1.9034729411157497e-06,0.3333333333333332,41303
0.52,ascending,1.0,0.15,20,30,<3>par,1047,0.2,-2.012065875,0.0552791666666666,0.9966133333333056,0.3328955555555704,-0.3328922222222371,0.9966122222221944,0.3328922222222371,0.9966144444444166,5.387037037037018e-06,0.4431747074074124,,6.042434916768571e-06,0.3333333333333332,41714
0.52,ascending,1.0,0.15,20,30,<3>par,1047,0.3,-2.01928525,0.0829216666666666,0.9925922222221936,0.3325133333333485,-0.3325077777777929,0.9925811111110824,0.3325111111111263,0.9925844444444156,1.2279629629630131e-05,0.4417127222222279,,1.1946405247611203e-05,0.3333333333333332,42394
0.52,ascending,1.0,0.15,20,30,<3>par,1047,0.4,-2.0289414583333323,0.1109579166666666,0.9869911111110864,0.3318700000000154,-0.331846666666682,0.9871188888888646,0.331855555555571,0.9869644444444204,2.0687037037037903e-05,0.4396325000000007,,2.181293284956036e-05,0.3333333333333332,43645
0.52,ascending,1.0,0.15,20,30,<3>par,1047,0.5,-2.0416874583333326,0.1394766666666666,0.9787499999999804,0.3310055555555712,-0.3309600000000157,0.9786999999999804,0.3310155555555713,0.9785922222222034,3.6811111111111845e-05,0.436552494444444,,3.615888943195372e-05,0.3333333333333332,44051
0.52,ascending,1.0,0.15,20,30,<3>par,1047,0.6,-2.055606374999999,0.1672075,0.96942999999999,0.3299666666666828,-0.3298766666666828,0.9692666666666556,0.329837777777794,0.9692166666666548,4.844814814814873e-05,0.4330653462962956,,5.285066792550925e-05,0.3333333333333332,45299
0.52,ascending,1.0,0.15,20,30,<3>par,1047,0.7,-2.0759556249999997,0.195827619047619,0.9584288888888852,0.3286166666666835,-0.3285600000000169,0.958261111111108,0.3284922222222391,0.9577455555555516,6.944259259259277e-05,0.4287755166666651,,7.100561578236115e-05,0.3333333333333332,46059
0.52,ascending,1.0,0.15,20,30,<3>par,1047,0.8,-2.0961142083333333,0.2235831249999999,0.9464288888888938,0.3271866666666834,-0.3269700000000168,0.946382222222224,0.3268511111111278,0.9454711111111116,9.769259259259244e-05,0.4241805370370378,,9.754423636594866e-05,0.3333333333333332,47246
0.52,ascending,1.0,0.15,20,30,<3>par,1047,0.86,-2.1091238333333333,0.2417272286821705,0.9362177777777824,0.3262288888889056,-0.3261788888889058,0.9362211111111152,0.3258533333333501,0.9347711111111164,0.0001217351851851,0.4202452722222224,,0.0001148955508905,0.3333333333333332,48132
0.52,ascending,1.0,0.15,20,30,<3>par,1047,0.87,-2.111731583333333,0.2447847701149425,0.9365844444444512,0.3261766666666837,-0.3260444444444616,0.9365300000000092,0.3257577777777949,0.9351300000000085,0.00010855,0.4204368166666675,,0.0001106395590111,0.3333333333333332,47954
0.52,ascending,1.0,0.15,20,30,<3>par,1047,0.88,-2.1143470416666665,0.246714678030303,0.9364900000000058,0.326237777777795,-0.3260733333333505,0.9366411111111173,0.3257788888889062,0.935237777777784,0.0001155388888888,0.4204285592592596,,0.0001188204280799,0.3333333333333332,48199
0.52,ascending,1.0,0.15,20,30,<3>par,1047,0.89,-2.116427958333332,0.2504003745318352,0.9326200000000076,0.3255833333333507,-0.3253966666666841,0.9333066666666744,0.3251677777777953,0.9306988888888966,0.0001249148148148,0.4186730092592589,,0.0001243780599801,0.3333333333333332,48112
0.52,ascending,1.0,0.15,20,30,<3>par,1047,0.9,-2.1193421666666663,0.2536062037037037,0.931785555555566,0.3255088888889063,-0.3252211111111284,0.931530000000009,0.325106666666684,0.9297411111111208,0.0001308499999999,0.4184015944444438,,0.0001261742216052,0.3333333333333332,48697
0.52,ascending,1.0,0.15,20,30,<3>par,1047,0.91,-2.122465333333333,0.2564346153846153,0.9306111111111178,0.3251733333333506,-0.3247277777777947,0.9305711111111192,0.3244600000000169,0.928403333333342,0.0001326296296296,0.4176941185185187,,0.0001262330760117,0.3333333333333332,48418
0.52,ascending,1.0,0.15,20,30,<3>par,1047,0.92,-2.126233499999999,0.2588683876811594,0.9286488888888964,0.325210000000017,-0.3249433333333508,0.9281655555555616,0.3247244444444618,0.9268211111111172,0.0001331018518518,0.4171897518518531,,0.0001335818832984,0.3333333333333332,48226
0.52,ascending,1.0,0.15,20,30,<3>par,1047,0.93,-2.128360249999999,0.2622129032258065,0.9260433333333412,0.3251333333333506,-0.324745555555573,0.9261277777777862,0.324332222222239,0.9239422222222324,0.0001303685185185,0.416253672222222,,0.0001316303161662,0.3333333333333332,48742
0.52,ascending,1.0,0.15,20,30,<3>par,1047,0.9351,-2.128210375,0.2626227141482194,0.9246611111111204,0.3250777777777953,-0.3245755555555732,0.9252522222222316,0.3244377777777953,0.9228733333333436,0.0001386129629629,0.4158938074074073,,0.0001347203739247,0.3333333333333332,48786
0.52,ascending,1.0,0.15,20,30,<3>par,1047,0.94,-2.1322445416666658,0.2640025709219858,0.9242900000000104,0.3248055555555728,-0.3245944444444618,0.9246566666666762,0.3243277777777946,0.9219400000000122,0.0001325574074074,0.4153854407407407,,0.0001366469456106,0.3333333333333332,49058
0.52,ascending,1.0,0.15,20,30,<3>par,1047,0.95,-2.1338510833333326,0.2672772807017544,0.9227911111111224,0.3242400000000172,-0.3237933333333502,0.9223822222222328,0.3236488888889058,0.9205388888889,0.0001449074074074,0.4147711574074071,,0.0001494241350175,0.3333333333333332,48875
0.52,ascending,1.0,0.15,20,30,<3>par,1047,0.96,-2.13478925,0.2699452256944444,0.9203833333333442,0.3246555555555731,-0.3242277777777954,0.9204222222222336,0.3238488888889066,0.91809666666668,0.0001436555555555,0.4140940203703699,,0.0001456951903687,0.3333333333333332,49235
0.52,ascending,1.0,0.15,20,30,<3>par,1047,0.97,-2.137914624999999,0.2737891752577319,0.919712222222234,0.3239155555555729,-0.3237611111111283,0.9199566666666796,0.3232877777777952,0.9174900000000143,0.0001602166666666,0.4136927166666674,,0.0001449148638598,0.3333333333333332,49147
0.52,ascending,1.0,0.15,20,30,<3>par,1047,0.98,-2.140175958333333,0.276610119047619,0.91718666666668,0.3235411111111285,-0.3233611111111283,0.9168333333333466,0.3228655555555728,0.9144833333333464,0.0001605999999999,0.4125024240740735,,0.0001621338161849,0.3333333333333332,49308
0.52,ascending,1.0,0.15,20,30,<3>par,1047,0.99,-2.1439468333333327,0.2793501683501683,0.9173177777777924,0.3242500000000172,-0.323777777777795,0.917102222222236,0.3234755555555728,0.9145500000000124,0.0001434555555555,0.4128106370370364,,0.0001542291141473,0.3333333333333332,49372
0.52,ascending,1.0,0.15,20,30,<3>par,1047,1.0,-2.145325666666666,0.2828126666666666,0.915908888888902,0.3235677777777951,-0.3232411111111284,0.9160244444444584,0.3227522222222396,0.9134611111111256,0.0001494925925925,0.4122115462962979,,0.000147412539499,0.3333333333333332,49042
0.52,ascending,1.0,0.15,20,30,<3>par,1047,1.01,-2.1480708333333327,0.2852993399339934,0.9127966666666816,0.3231922222222391,-0.3228155555555719,0.9131044444444628,0.3223855555555723,0.910066666666682,0.0001602407407407,0.4108769851851853,,0.0001601984634997,0.3333333333333332,49456
0.52,ascending,1.0,0.15,20,30,<3>par,1047,1.02,-2.1513620833333333,0.2878070261437908,0.9131477777777892,0.3238600000000165,-0.3233833333333504,0.9137855555555692,0.3228288888889056,0.9107722222222356,0.0001508685185185,0.4113419111111116,,0.0001656584067784,0.3333333333333332,49259
0.52,ascending,1.0,0.15,20,30,<3>par,1047,1.1,-2.1747134583333323,0.3119783333333333,0.8967500000000189,0.3216166666666832,-0.3208222222222386,0.8961511111111278,0.3202122222222376,0.8927600000000161,0.0001945703703703,0.4043095814814814,,0.0001992951150852,0.3333333333333332,50049
0.52,ascending,1.0,0.15,20,30,<3>par,1047,1.2,-2.208086416666666,0.3399329166666666,0.8766666666666668,0.3190855555555699,-0.3179844444444571,0.8764133333333342,0.3169911111111228,0.8709799999999968,0.0002504703703703,0.3961351888888886,,0.0002452887801356,0.3333333333333332,51425
