kappa,part,rperp,T,Lx,Ly,start,chain,g,E_per_spin,mx,Cx,Cy,C2,Cperp,Cdiag,Cx2,Sl2_q0,Sl2_qpi3,Sl2_qpi2,Sl2_qpi25,qstar_over_pi,n_ops
0.52,ascending,1.0,0.15,20,20,<23>par,0,0.05,-2.0123778125,0.0133199999999999,0.9998633333333315,0.1999899999999998,-0.5999366666666375,0.9998633333333315,0.1999899999999998,0.9998633333333315,0.0399943500000023,,3.416666666666664e-07,0.4188367237014784,0.4,26833
0.52,ascending,1.0,0.15,20,20,<23>par,0,0.1,-2.0132494375,0.0269524999999999,0.9993799999999908,0.1999566666666665,-0.5997099999999725,0.9993799999999908,0.1999566666666665,0.9993799999999908,0.0399761583333353,,1.5083333333333345e-06,0.4186638331267196,0.4,27407
0.52,ascending,1.0,0.15,20,20,<23>par,0,0.2,-2.0183642499999994,0.0522524999999999,0.9973483333333082,0.1998083333333332,-0.5989816666666445,0.9973516666666414,0.1998033333333332,0.9973483333333082,0.0398072875000011,,6.454166666666674e-06,0.4180091387628325,0.4,28068
0.52,ascending,1.0,0.15,20,20,<23>par,0,0.3,-2.0244044999999997,0.0797866666666666,0.9931716666666264,0.1995499999999999,-0.5974099999999879,0.9931349999999596,0.1995599999999999,0.9931249999999598,0.0395002791666668,,1.7695833333332928e-05,0.4166332318601576,0.4,28669
0.52,ascending,1.0,0.15,20,20,<23>par,0,0.4,-2.0334208125,0.1061387499999999,0.9880649999999704,0.1991483333333334,-0.5954016666666593,0.9880299999999708,0.1991250000000001,0.9880599999999704,0.0391406083333334,,2.9099999999999095e-05,0.4149224070768243,0.4,29232
0.52,ascending,1.0,0.15,20,20,<23>par,0,0.5,-2.0459269374999995,0.13258375,0.9814116666666426,0.1986700000000001,-0.5924083333333284,0.9814016666666416,0.1986250000000001,0.9812633333333088,0.0387998375,,4.764583333333191e-05,0.4125465734226543,0.4,29614
0.52,ascending,1.0,0.15,20,20,<23>par,0,0.6,-2.0599346249999995,0.1601514583333333,0.9732799999999818,0.1980166666666669,-0.5890683333333331,0.9733216666666497,0.1979516666666669,0.973078333333315,0.0382541458333332,,6.981249999999795e-05,0.4097362444782943,0.4,30280
0.52,ascending,1.0,0.15,20,20,<23>par,0,0.7,-2.076496625,0.1879916071428571,0.9615516666666588,0.1974233333333336,-0.5854000000000001,0.9615399999999916,0.1973116666666669,0.9610949999999912,0.0371550333333332,,9.534166666666528e-05,0.4060886421335605,0.4,31131
0.52,ascending,1.0,0.15,20,20,<23>par,0,0.8,-2.0964318749999995,0.2133812499999999,0.9523583333333272,0.1964016666666672,-0.5809033333333349,0.95276833333333,0.1961700000000007,0.9520749999999948,0.0366812624999999,,0.0001273208333333,0.402675403696727,0.4,31386
0.52,ascending,1.0,0.15,20,20,<23>par,0,0.86,-2.1117222499999992,0.2330196220930232,0.9439949999999953,0.1957116666666674,-0.5774400000000037,0.9434866666666634,0.1955983333333343,0.9431899999999974,0.0360667,,0.000150675,0.3996827927433137,0.4,31656
0.52,ascending,1.0,0.15,20,20,<23>par,0,0.87,-2.1128529375,0.2333216954022988,0.9412749999999992,0.1961483333333337,-0.5773700000000017,0.9412650000000004,0.1957833333333338,0.9402116666666652,0.0356836458333332,,0.0001557541666666,0.3991764120899782,0.4,32002
0.52,ascending,1.0,0.15,20,20,<23>par,0,0.88,-2.1147565624999998,0.2377724431818181,0.9400700000000006,0.1954533333333338,-0.5763233333333367,0.940359999999998,0.1949533333333339,0.9388333333333356,0.0355052083333332,,0.0001549749999999,0.3984381034838172,0.4,31989
0.52,ascending,1.0,0.15,20,20,<23>par,0,0.89,-2.1187515625000004,0.2390626404494381,0.9387783333333348,0.1953516666666671,-0.5753516666666688,0.9380833333333354,0.1950200000000006,0.9376466666666706,0.0357105833333332,,0.0001643166666666,0.3978425720491119,0.4,32379
0.52,ascending,1.0,0.15,20,20,<23>par,0,0.9,-2.1212434999999994,0.2429812499999999,0.9398366666666678,0.1958700000000007,-0.5758700000000024,0.9397266666666656,0.1953483333333339,0.9389400000000008,0.0358184583333333,,0.000148675,0.398386973568344,0.4,32200
0.52,ascending,1.0,0.15,20,20,<23>par,0,0.91,-2.120886625,0.2445635989010988,0.9388583333333292,0.1958383333333336,-0.5749566666666702,0.9390149999999972,0.1954466666666671,0.937628333333329,0.0360328625,,0.0001514458333333,0.3977766333424583,0.4,32201
0.52,ascending,1.0,0.15,20,20,<23>par,0,0.92,-2.1246470625,0.2477033967391304,0.9370950000000002,0.1951766666666672,-0.5743200000000022,0.9374099999999984,0.1947950000000005,0.935531666666668,0.0356274333333333,,0.0001743083333333,0.3970754788310506,0.4,32194
0.52,ascending,1.0,0.15,20,20,<23>par,0,0.93,-2.1275095,0.2504165322580645,0.9368216666666646,0.1955766666666671,-0.5748166666666705,0.9362583333333304,0.1950516666666673,0.9352016666666654,0.0354644791666666,,0.0001770708333333,0.3971290692424254,0.4,32811
0.52,ascending,1.0,0.15,20,20,<23>par,0,0.9351,-2.1299198125,0.2533974975938401,0.9339083333333352,0.1953783333333341,-0.5739700000000028,0.9337233333333356,0.1947466666666672,0.9322966666666692,0.0350830083333332,,0.0001704583333333,0.3963616683293828,0.4,32433
0.52,ascending,1.0,0.15,20,20,<23>par,0,0.94,-2.130444749999999,0.2530146276595745,0.9336599999999986,0.1953200000000009,-0.5740583333333376,0.9338116666666652,0.1949816666666674,0.932521666666666,0.0351814541666666,,0.0001818375,0.3963370310703002,0.4,32865
0.52,ascending,1.0,0.15,20,20,<23>par,0,0.95,-2.1339553125,0.2568057894736842,0.9317683333333346,0.1950700000000003,-0.5726400000000015,0.9316500000000022,0.1946750000000002,0.9300850000000018,0.0351196499999999,,0.0001756916666666,0.3955016583494096,0.4,32516
0.52,ascending,1.0,0.15,20,20,<23>par,0,0.96,-2.1361529375,0.259553125,0.9319183333333372,0.1953050000000001,-0.5725883333333368,0.9320816666666702,0.1946500000000006,0.930546666666668,0.0352722375,,0.0001819375,0.3955142834449336,0.4,32645
0.52,ascending,1.0,0.15,20,20,<23>par,0,0.97,-2.137099,0.2620240979381443,0.9303533333333374,0.1950350000000009,-0.5727733333333367,0.9305883333333388,0.1946933333333342,0.9282650000000064,0.0346673874999999,,0.0002006041666666,0.3951762225197423,0.4,32809
0.52,ascending,1.0,0.15,20,20,<23>par,0,0.98,-2.1407815625,0.2654779336734694,0.925758333333341,0.1946833333333344,-0.5709350000000021,0.9265850000000048,0.1941816666666677,0.923770000000006,0.0343327125,,0.0002057208333333,0.3935518485784051,0.4,32529
0.52,ascending,1.0,0.15,20,20,<23>par,0,0.99,-2.1444705625,0.2684435606060606,0.924450000000004,0.1947700000000001,-0.5697783333333369,0.9240333333333371,0.193973333333333,0.9224050000000016,0.0345879500000001,,0.0002028583333333,0.3929286439803645,0.4,32958
0.52,ascending,1.0,0.15,20,20,<23>par,0,1.0,-2.146904874999999,0.27105575,0.9229550000000046,0.1949083333333341,-0.5688716666666702,0.9224100000000044,0.1940783333333338,0.9206150000000032,0.0346662916666666,,0.0002261166666666,0.3921856464099799,0.4,32658
0.52,ascending,1.0,0.15,20,20,<23>par,0,1.01,-2.1492673749999995,0.2733423267326732,0.9235366666666724,0.1945050000000006,-0.5703933333333344,0.9237666666666722,0.1939750000000003,0.9219300000000064,0.0341066666666668,,0.0002018666666666,0.3929949675072516,0.4,33014
0.52,ascending,1.0,0.15,20,20,<23>par,0,1.02,-2.150631,0.2744773284313724,0.9202416666666716,0.1942650000000009,-0.5681416666666689,0.9207683333333384,0.1936000000000005,0.9184600000000072,0.0342165625,,0.0002202208333333,0.3914814597355768,0.4,33123
0.52,ascending,1.0,0.15,20,20,<23>par,0,1.1,-2.1735494375,0.2986503409090909,0.9062233333333416,0.1936066666666667,-0.5631483333333324,0.907006666666674,0.1926750000000003,0.9037066666666734,0.0330210166666666,,0.0002623333333333,0.3867520275998026,0.4,33345
0.52,ascending,1.0,0.15,20,20,<23>par,0,1.2,-2.20713175,0.3275906249999999,0.8901366666666722,0.1923149999999998,-0.5554116666666657,0.8904066666666753,0.1910283333333338,0.8860550000000051,0.0321552333333334,,0.0003175333333333,0.3804442154505836,0.4,34171
0.52,ascending,1.0,0.15,20,20,<23>par,1,0.05,-2.0123858125,0.0134849999999999,0.999771666666662,0.1999966666666664,-0.5999316666666374,0.999771666666662,0.1999966666666664,0.999771666666662,0.0399809041666689,,5.708333333333319e-07,0.4188178172128063,0.4,27004
0.52,ascending,1.0,0.15,20,20,<23>par,1,0.1,-2.0113604374999987,0.0264812499999999,0.999349999999992,0.1999499999999998,-0.599746666666639,0.999349999999992,0.1999499999999998,0.999349999999992,0.0399529750000019,,1.6333333333333382e-06,0.418668898304663,0.4,27512
0.52,ascending,1.0,0.15,20,20,<23>par,1,0.2,-2.0175185624999994,0.0530324999999999,0.9972049999999724,0.1997766666666665,-0.5989449999999791,0.9971999999999724,0.1997716666666665,0.9971999999999724,0.0397779000000009,,6.866666666666639e-06,0.4179632160745055,0.4,28041
0.52,ascending,1.0,0.15,20,20,<23>par,1,0.3,-2.0234764375,0.07990125,0.9934099999999612,0.1995249999999998,-0.5972799999999885,0.993474999999961,0.1995183333333332,0.9934149999999614,0.0395912041666666,,1.7162499999999563e-05,0.4166459145489274,0.4,28536
0.52,ascending,1.0,0.15,20,20,<23>par,1,0.4,-2.0331263749999997,0.1067643749999999,0.9880283333333016,0.1990433333333334,-0.5949699999999961,0.987899999999969,0.199035,0.987859999999969,0.0392275333333332,,3.198333333333235e-05,0.4147364606717291,0.4,29006
0.52,ascending,1.0,0.15,20,20,<23>par,1,0.5,-2.0457161875,0.1331824999999999,0.9820766666666436,0.1986850000000002,-0.5928033333333306,0.981891666666644,0.1986466666666668,0.9818166666666444,0.0387503708333331,,4.54874999999986e-05,0.4127967796444206,0.4,29814
0.52,ascending,1.0,0.15,20,20,<23>par,1,0.6,-2.0601861875,0.1600014583333333,0.9733483333333176,0.198011666666667,-0.5889966666666664,0.973221666666651,0.1979266666666671,0.972864999999985,0.0382084791666665,,7.203749999999802e-05,0.4097030239936218,0.4,30010
0.52,ascending,1.0,0.15,20,20,<23>par,1,0.7,-2.0771395624999998,0.1869239285714285,0.9633133333333196,0.1973566666666671,-0.5851133333333337,0.9635266666666557,0.1971683333333338,0.9630016666666544,0.0375521416666665,,8.949166666666506e-05,0.4063937235002113,0.4,31118
0.52,ascending,1.0,0.15,20,20,<23>par,1,0.8,-2.0971145625,0.2138590624999999,0.9511049999999938,0.1965233333333337,-0.5794750000000021,0.9508649999999954,0.196291666666667,0.9502299999999964,0.0369631958333332,,0.0001330291666666,0.4019098793675927,0.4,31675
0.52,ascending,1.0,0.15,20,20,<23>par,1,0.86,-2.1109975,0.2321734011627907,0.9430149999999982,0.1957250000000008,-0.576685000000003,0.9436883333333312,0.1954950000000008,0.942166666666666,0.0361627541666666,,0.0001549458333333,0.3992766330233727,0.4,32024
0.52,ascending,1.0,0.15,20,20,<23>par,1,0.87,-2.113893375,0.2343390804597701,0.9407183333333328,0.1958316666666675,-0.5763166666666686,0.9406216666666652,0.1954733333333342,0.9395449999999986,0.0358197874999999,,0.0001572291666666,0.3986832930431386,0.4,31907
0.52,ascending,1.0,0.15,20,20,<23>par,1,0.88,-2.113400125,0.236289346590909,0.9417116666666624,0.1960250000000009,-0.5767016666666699,0.941639999999999,0.1958500000000009,0.9407266666666644,0.0359296499999999,,0.0001639333333333,0.3989768464474024,0.4,31923
0.52,ascending,1.0,0.15,20,20,<23>par,1,0.89,-2.1182316875,0.2398228932584269,0.9378033333333328,0.1957816666666668,-0.5755616666666705,0.9377183333333317,0.1954166666666667,0.9363066666666668,0.0354476208333332,,0.0001710541666666,0.3977395806784134,0.4,32113
0.52,ascending,1.0,0.15,20,20,<23>par,1,0.9,-2.121113937499999,0.2422694444444444,0.9380949999999972,0.1957766666666674,-0.5757450000000034,0.9385966666666644,0.1952083333333341,0.9369333333333324,0.035469525,,0.0001633333333333,0.3978492330832761,0.4,32140
0.52,ascending,1.0,0.15,20,20,<23>par,1,0.91,-2.1242935625,0.2461601648351647,0.9358300000000004,0.1958783333333342,-0.5748383333333367,0.935835000000002,0.1952250000000008,0.9346133333333364,0.0354416124999999,,0.0001780541666666,0.3970703338085755,0.4,32560
0.52,ascending,1.0,0.15,20,20,<23>par,1,0.92,-2.127534374999999,0.2475552989130434,0.9355416666666656,0.1952300000000009,-0.5744283333333355,0.9351750000000016,0.194918333333334,0.9339016666666692,0.0353065458333333,,0.0001836875,0.3967718800244892,0.4,32579
0.52,ascending,1.0,0.15,20,20,<23>par,1,0.93,-2.1276361875,0.250152688172043,0.9343750000000024,0.1953916666666668,-0.5732933333333369,0.934788333333336,0.1947066666666667,0.9332200000000016,0.0355046208333333,,0.0001782125,0.3962995607154113,0.4,31985
0.52,ascending,1.0,0.15,20,20,<23>par,1,0.9351,-2.1295251875,0.2526748476098812,0.931771666666668,0.1952150000000004,-0.5731116666666708,0.9321216666666684,0.1946433333333338,0.9303316666666698,0.0350196875,,0.0001848708333333,0.3956353028553026,0.4,32480
0.52,ascending,1.0,0.15,20,20,<23>par,1,0.94,-2.1306819375,0.2524303191489361,0.932630000000005,0.1954100000000009,-0.5729966666666693,0.9330250000000022,0.1947866666666676,0.9313133333333374,0.0353543041666666,,0.0001714041666666,0.3958543709487714,0.4,32424
0.52,ascending,1.0,0.15,20,20,<23>par,1,0.95,-2.13236725,0.2568318421052632,0.930365,0.1950133333333339,-0.5727333333333356,0.9302766666666684,0.194508333333334,0.9283183333333344,0.0348538749999999,,0.000193175,0.3950978981004326,0.4,32680
0.52,ascending,1.0,0.15,20,20,<23>par,1,0.96,-2.1345509375,0.2581352864583333,0.9310066666666666,0.1949650000000008,-0.572385000000003,0.9309199999999992,0.194236666666667,0.9295266666666684,0.0349899416666667,,0.000192775,0.3952161923781122,0.4,32545
0.52,ascending,1.0,0.15,20,20,<23>par,1,0.97,-2.1392455624999998,0.2620840206185567,0.927496666666672,0.1947433333333347,-0.5713450000000042,0.9280666666666736,0.1944983333333343,0.9255150000000076,0.0348533916666667,,0.0001854416666666,0.3940161812615741,0.4,32863
0.52,ascending,1.0,0.15,20,20,<23>par,1,0.98,-2.140523125,0.2650093112244897,0.9258849999999986,0.1949316666666673,-0.5697283333333368,0.9259950000000032,0.1942650000000005,0.923783333333337,0.0349970541666667,,0.0002183958333333,0.3931081913636221,0.4,32636
0.52,ascending,1.0,0.15,20,20,<23>par,1,0.99,-2.1427063125,0.2673530303030303,0.9226766666666726,0.1949850000000007,-0.5680583333333354,0.922400000000004,0.194033333333334,0.9208983333333396,0.0350916666666667,,0.000208925,0.3918877401742123,0.4,32871
0.52,ascending,1.0,0.15,20,20,<23>par,1,1.0,-2.146261374999999,0.2709546249999999,0.9223900000000064,0.1945833333333337,-0.568713333333338,0.9223100000000072,0.1938349999999999,0.9201866666666724,0.034466575,,0.0002094666666666,0.3920900131107999,0.4,33287
0.52,ascending,1.0,0.15,20,20,<23>par,1,1.01,-2.1476516875,0.2735488861386138,0.9221150000000032,0.1940749999999999,-0.5691733333333349,0.9220733333333412,0.1935433333333329,0.9199183333333404,0.034222025,,0.0002254666666666,0.3920672546958803,0.4,33111
0.52,ascending,1.0,0.15,20,20,<23>par,1,1.02,-2.15065375,0.2760203431372548,0.9203950000000084,0.1940583333333338,-0.5687983333333371,0.9199883333333412,0.1932783333333335,0.9178566666666748,0.0338039875,,0.0002305791666666,0.3915415761684951,0.4,33092
0.52,ascending,1.0,0.15,20,20,<23>par,1,1.1,-2.1751793750000004,0.2995748863636363,0.901765000000008,0.192940000000001,-0.5617816666666662,0.9023033333333396,0.1919050000000001,0.8978883333333391,0.0323434000000001,,0.0002742083333333,0.3848402177383217,0.4,33502
0.52,ascending,1.0,0.15,20,20,<23>par,1,1.2,-2.206319374999999,0.3269310416666666,0.8875566666666725,0.1920966666666671,-0.5559983333333323,0.8868800000000069,0.1910816666666672,0.8831166666666701,0.0313369333333334,,0.0003137,0.3800671713904462,0.4,34553
0.52,ascending,1.0,0.15,20,20,<23>par,2,0.05,-2.0109586875,0.0123699999999999,0.9997799999999974,0.1999833333333331,-0.5999416666666373,0.9997799999999974,0.1999833333333331,0.9997799999999974,0.0399732166666689,,5.499999999999981e-07,0.4188210510234819,0.4,27001
0.52,ascending,1.0,0.15,20,20,<23>par,2,0.1,-2.0136503125000003,0.0255849999999999,0.999356666666658,0.1999433333333332,-0.5996599999999731,0.999356666666658,0.1999433333333332,0.999356666666658,0.0399861666666687,,1.6500000000000047e-06,0.4186414332549553,0.4,27443
0.52,ascending,1.0,0.15,20,20,<23>par,2,0.2,-2.017987874999999,0.05336625,0.9970316666666358,0.1998166666666665,-0.5988533333333136,0.9970349999999693,0.1998166666666665,0.9970249999999692,0.0397985958333339,,7.770833333333312e-06,0.4179043308922835,0.4,28177
0.52,ascending,1.0,0.15,20,20,<23>par,2,0.3,-2.0238110625,0.0793733333333333,0.9932999999999642,0.1993099999999998,-0.5972266666666538,0.9933016666666308,0.1993266666666665,0.9933266666666308,0.0395134125000002,,1.6495833333332932e-05,0.4165834476776559,0.4,28355
0.52,ascending,1.0,0.15,20,20,<23>par,2,0.4,-2.0326266875,0.1060109374999999,0.9883866666666422,0.1990933333333335,-0.5953199999999933,0.9884033333333088,0.1990300000000001,0.9883866666666424,0.039199125,,3.021666666666584e-05,0.4149639387055031,0.4,28822
0.52,ascending,1.0,0.15,20,20,<23>par,2,0.5,-2.044975125,0.1319469999999999,0.981034999999978,0.1986566666666668,-0.5926049999999967,0.9809766666666452,0.198625,0.9807216666666442,0.0386228499999998,,5.005833333333202e-05,0.4125120595752737,0.4,29616
0.52,ascending,1.0,0.15,20,20,<23>par,2,0.6,-2.0605694374999994,0.1597552083333333,0.972588333333318,0.1982466666666668,-0.5893433333333322,0.9724149999999828,0.1981616666666668,0.9723949999999836,0.0380909041666666,,6.691249999999807e-05,0.4097200644132686,0.4,30215
0.52,ascending,1.0,0.15,20,20,<23>par,2,0.7,-2.0750295625,0.1879755357142856,0.9615783333333244,0.1975033333333337,-0.5847966666666674,0.9615899999999916,0.1974583333333336,0.9611599999999916,0.0373856333333332,,9.380833333333204e-05,0.4059649581745411,0.4,30776
0.52,ascending,1.0,0.15,20,20,<23>par,2,0.8,-2.0984108125,0.2151185937499999,0.950541666666662,0.1964400000000002,-0.5803100000000013,0.9502999999999956,0.1961666666666668,0.9498566666666612,0.0364750666666666,,0.0001271499999999,0.4020299574271411,0.4,31360
0.52,ascending,1.0,0.15,20,20,<23>par,2,0.86,-2.1113244375,0.230222965116279,0.944128333333332,0.196023333333334,-0.5766533333333379,0.9442949999999986,0.1956883333333339,0.9432483333333312,0.0364547375,,0.0001474458333333,0.3994976418551551,0.4,32196
0.52,ascending,1.0,0.15,20,20,<23>par,2,0.87,-2.1145293125,0.2349624999999999,0.9416216666666646,0.195813333333334,-0.5767800000000015,0.9419983333333288,0.1953683333333342,0.9408099999999958,0.0358373874999999,,0.0001593791666666,0.3989822436932618,0.4,32152
0.52,ascending,1.0,0.15,20,20,<23>par,2,0.88,-2.1156590625,0.237004971590909,0.9412983333333316,0.1960433333333342,-0.576991666666669,0.9414933333333292,0.1955250000000007,0.940388333333332,0.0357296249999999,,0.0001582249999999,0.3989852170729724,0.4,32218
0.52,ascending,1.0,0.15,20,20,<23>par,2,0.89,-2.1160563749999994,0.2388768258426966,0.9387300000000026,0.1957883333333344,-0.575855000000003,0.938286666666666,0.1952933333333344,0.9372366666666684,0.0355293416666666,,0.00016235,0.3979916196200449,0.4,32282
0.52,ascending,1.0,0.15,20,20,<23>par,2,0.9,-2.119935125,0.2424340277777777,0.9372883333333354,0.1950566666666669,-0.5742783333333354,0.9376283333333352,0.1944233333333338,0.9359266666666666,0.0355105791666667,,0.0001693708333333,0.3971231212912853,0.4,32189
0.52,ascending,1.0,0.15,20,20,<23>par,2,0.91,-2.123543562499999,0.2457226648351648,0.9384999999999984,0.1955366666666668,-0.5750483333333366,0.9383566666666664,0.1951883333333335,0.9370283333333306,0.0357365583333333,,0.0001599916666666,0.397706333592541,0.4,32320
0.52,ascending,1.0,0.15,20,20,<23>par,2,0.92,-2.1262885,0.2487010869565217,0.9340350000000012,0.1953783333333338,-0.5734550000000016,0.934215000000002,0.1949383333333336,0.9327433333333348,0.0353907458333332,,0.0001860708333333,0.3962314161009489,0.4,32498
0.52,ascending,1.0,0.15,20,20,<23>par,2,0.93,-2.128382499999999,0.2519044354838709,0.9338766666666676,0.1954700000000002,-0.5736366666666706,0.9335083333333344,0.1950966666666668,0.9324616666666676,0.0353574208333332,,0.0001790041666666,0.3963113785735233,0.4,32234
0.52,ascending,1.0,0.15,20,20,<23>par,2,0.9351,-2.130176937499999,0.2509309164795208,0.9349233333333306,0.1953516666666671,-0.5736266666666693,0.9348700000000004,0.1948566666666669,0.9334916666666644,0.03555225,,0.000168825,0.3964315277579557,0.4,32628
0.52,ascending,1.0,0.15,20,20,<23>par,2,0.94,-2.1314688749999995,0.2532635638297872,0.9308300000000054,0.1949533333333336,-0.5728566666666697,0.9318183333333372,0.1946383333333335,0.929446666666672,0.0348706125,,0.0001811875,0.395374217930103,0.4,32607
0.52,ascending,1.0,0.15,20,20,<23>par,2,0.95,-2.134458125,0.2566790789473684,0.9314166666666684,0.1951450000000007,-0.5719133333333376,0.9311233333333352,0.1943183333333339,0.92993666666667,0.0354003499999999,,0.0001766583333333,0.395116663496953,0.4,32662
0.52,ascending,1.0,0.15,20,20,<23>par,2,0.96,-2.137978999999999,0.2607016927083333,0.927636666666671,0.1952433333333342,-0.5714783333333374,0.92745333333334,0.1947150000000009,0.9258233333333394,0.0347913166666666,,0.000186775,0.3942850088228439,0.4,32821
0.52,ascending,1.0,0.15,20,20,<23>par,2,0.97,-2.1381765,0.2609132731958763,0.9296400000000028,0.1951050000000008,-0.5710150000000053,0.9299750000000024,0.1944950000000005,0.9282866666666704,0.0354083458333333,,0.0001844791666666,0.3945138823139429,0.4,32849
0.52,ascending,1.0,0.15,20,20,<23>par,2,0.98,-2.1401479375,0.2651542091836734,0.9264650000000046,0.1947400000000012,-0.5710100000000041,0.9263600000000034,0.1940416666666678,0.9251283333333372,0.0346314083333333,,0.0002046416666666,0.3938208587340213,0.4,32445
0.52,ascending,1.0,0.15,20,20,<23>par,2,0.99,-2.1438738125,0.2679611111111111,0.9270733333333364,0.1947766666666672,-0.5706950000000023,0.9276233333333398,0.1943316666666669,0.9255983333333384,0.0349658250000001,,0.000200475,0.3937842812944954,0.4,32965
0.52,ascending,1.0,0.15,20,20,<23>par,2,1.0,-2.145647624999999,0.2710855,0.9223800000000066,0.1946916666666673,-0.5683133333333341,0.9224516666666728,0.1940066666666671,0.9208166666666738,0.0347928458333334,,0.0002152625,0.3921293892438631,0.4,33291
0.52,ascending,1.0,0.15,20,20,<23>par,2,1.01,-2.150930125,0.2728563118811881,0.923685000000004,0.1946050000000005,-0.5686466666666663,0.923803333333338,0.1940250000000007,0.9217483333333392,0.0349641833333332,,0.0002085583333333,0.3923741948928704,0.4,32926
0.52,ascending,1.0,0.15,20,20,<23>par,2,1.02,-2.149829874999999,0.2758311274509804,0.9200250000000044,0.1944033333333337,-0.5690366666666686,0.9196366666666717,0.1936933333333342,0.917491666666672,0.0338200583333333,,0.0002156583333333,0.3915870698944827,0.4,33194
0.52,ascending,1.0,0.15,20,20,<23>par,2,1.1,-2.1748489375,0.2988707954545454,0.9061116666666748,0.1931466666666663,-0.5615183333333338,0.9058533333333404,0.1923799999999998,0.903583333333339,0.0335080166666667,,0.0002666833333333,0.3861276477258374,0.4,33507
0.52,ascending,1.0,0.15,20,20,<23>par,2,1.2,-2.20480775,0.3276286458333333,0.8861183333333408,0.1922100000000006,-0.5547149999999985,0.8864483333333395,0.19067,0.8822600000000038,0.0317326541666666,,0.0003293458333333,0.3792034050473624,0.4,34073
0.52,ascending,1.0,0.15,20,20,<23>par,3,0.05,-2.0126054374999995,0.0132049999999999,0.9998333333333312,0.1999933333333331,-0.5999116666666375,0.9998333333333312,0.1999933333333331,0.9998333333333312,0.0399997500000023,,4.166666666666666e-07,0.4188231122208604,0.4,26950
0.52,ascending,1.0,0.15,20,20,<23>par,3,0.1,-2.014400874999999,0.0256937499999999,0.999244999999989,0.1999633333333331,-0.5997666666666389,0.999244999999989,0.1999633333333331,0.999244999999989,0.0399296125000019,,1.9458333333333453e-06,0.4186562380052638,0.4,27332
0.52,ascending,1.0,0.15,20,20,<23>par,3,0.2,-2.0186483124999994,0.0528681249999999,0.996979999999972,0.1997799999999999,-0.5989166666666452,0.996979999999972,0.1997783333333332,0.9969883333333052,0.0397491666666676,,7.374999999999991e-06,0.4179117624837553,0.4,27739
0.52,ascending,1.0,0.15,20,20,<23>par,3,0.3,-2.023727624999999,0.0799891666666666,0.9924149999999624,0.1996099999999999,-0.597216666666653,0.9924916666666282,0.1995983333333332,0.9923816666666292,0.0394431791666668,,1.9279166666666135e-05,0.4164311819910024,0.4,28706
0.52,ascending,1.0,0.15,20,20,<23>par,3,0.4,-2.0321914374999994,0.1071893749999999,0.987843333333304,0.1990666666666667,-0.5953033333333252,0.9879249999999712,0.1990316666666667,0.9878316666666372,0.0390968208333332,,3.058749999999916e-05,0.4148490457171659,0.4,29059
0.52,ascending,1.0,0.15,20,20,<23>par,3,0.5,-2.0454455,0.1334777499999999,0.9802683333333144,0.1985700000000002,-0.5924849999999959,0.9801483333333127,0.1985700000000002,0.9801833333333136,0.0384999958333331,,5.087916666666533e-05,0.4123565024020511,0.4,29779
0.52,ascending,1.0,0.15,20,20,<23>par,3,0.6,-2.061143625,0.161231875,0.9726049999999832,0.1980316666666668,-0.589376666666665,0.9725516666666496,0.1979700000000002,0.9721783333333174,0.0379908958333333,,7.435416666666464e-05,0.4096771452839743,0.4,30173
0.52,ascending,1.0,0.15,20,20,<23>par,3,0.7,-2.076128249999999,0.1875241071428571,0.9633999999999888,0.1974083333333338,-0.5859283333333335,0.9635416666666544,0.1972283333333337,0.962983333333322,0.0372528791666665,,0.0001003791666666,0.4066744530980823,0.4,31051
0.52,ascending,1.0,0.15,20,20,<23>par,3,0.8,-2.0960617499999987,0.2146546875,0.9513999999999956,0.1962383333333341,-0.5802750000000018,0.9513649999999946,0.1959433333333342,0.9507116666666624,0.0366050791666665,,0.0001296041666666,0.4022089690164985,0.4,31309
0.52,ascending,1.0,0.15,20,20,<23>par,3,0.86,-2.11105875,0.2301408430232558,0.9428433333333296,0.1958633333333337,-0.5767966666666683,0.9429366666666652,0.1957216666666671,0.9417433333333308,0.0361082249999999,,0.0001513916666666,0.3992601352843467,0.4,32350
0.52,ascending,1.0,0.15,20,20,<23>par,3,0.87,-2.1131694999999997,0.2342353448275861,0.9418499999999972,0.1961066666666674,-0.577223333333334,0.9417083333333326,0.1957633333333343,0.9407833333333334,0.0358848458333333,,0.0001609958333333,0.3991323338559955,0.4,32136
0.52,ascending,1.0,0.15,20,20,<23>par,3,0.88,-2.116099875,0.2369509943181817,0.9424183333333286,0.1955250000000011,-0.5768433333333376,0.9420366666666616,0.1952933333333342,0.9410483333333298,0.0358257999999999,,0.0001588416666666,0.3990856798330467,0.4,32067
0.52,ascending,1.0,0.15,20,20,<23>par,3,0.89,-2.117831,0.2397186797752808,0.9396283333333332,0.1958700000000005,-0.5768000000000011,0.939631666666666,0.1954350000000006,0.9384549999999988,0.0353568125,,0.0001486625,0.3985958250955726,0.4,32213
0.52,ascending,1.0,0.15,20,20,<23>par,3,0.9,-2.118777375,0.2420956944444444,0.9376400000000013,0.1957066666666666,-0.5751516666666692,0.937589999999998,0.1953950000000005,0.936291666666668,0.0356350083333333,,0.000171525,0.3975601485238991,0.4,31999
0.52,ascending,1.0,0.15,20,20,<23>par,3,0.91,-2.121660812499999,0.244619368131868,0.9350716666666662,0.1956216666666672,-0.5748033333333357,0.9353033333333328,0.1953183333333337,0.9335266666666656,0.035256575,,0.0001827,0.3968790187264341,0.4,32117
0.52,ascending,1.0,0.15,20,20,<23>par,3,0.92,-2.1259599375,0.247908152173913,0.934831666666667,0.1951833333333345,-0.5736333333333359,0.935435000000001,0.1946316666666676,0.9333516666666676,0.0354178958333333,,0.0001898791666666,0.3963731275309742,0.4,32071
0.52,ascending,1.0,0.15,20,20,<23>par,3,0.93,-2.1283261874999995,0.2506319892473118,0.93468,0.195291666666667,-0.5741050000000011,0.9341366666666672,0.1948466666666668,0.9328916666666676,0.0352777249999999,,0.00017925,0.3964480449997151,0.4,32162
0.52,ascending,1.0,0.15,20,20,<23>par,3,0.9351,-2.130706375,0.2528853865896695,0.9354733333333376,0.1949516666666667,-0.5727150000000025,0.9353800000000032,0.1945416666666665,0.9339716666666688,0.0357377416666666,,0.000171025,0.3962501836790215,0.4,32328
0.52,ascending,1.0,0.15,20,20,<23>par,3,0.94,-2.1301859374999994,0.2538453457446809,0.9310916666666732,0.1953333333333335,-0.5714850000000016,0.9317000000000024,0.1947566666666669,0.9296633333333372,0.0356713666666667,,0.0001824666666666,0.3949614038292839,0.4,32447
0.52,ascending,1.0,0.15,20,20,<23>par,3,0.95,-2.131611375,0.2564269736842106,0.933228333333332,0.1951583333333339,-0.57291166666667,0.9337116666666656,0.1947966666666671,0.9316783333333324,0.0354139791666666,,0.0001800458333333,0.3958057894061141,0.4,32748
0.52,ascending,1.0,0.15,20,20,<23>par,3,0.96,-2.1355183124999995,0.2594559895833333,0.9291716666666688,0.1949216666666672,-0.5722016666666693,0.9290400000000022,0.1942400000000003,0.9267816666666684,0.0344861416666667,,0.0001975333333333,0.394563943675175,0.4,32848
0.52,ascending,1.0,0.15,20,20,<23>par,3,0.97,-2.140730562499999,0.2613635309278351,0.9287233333333388,0.1949166666666675,-0.5708600000000033,0.929085000000003,0.1943900000000007,0.9273416666666712,0.0351539541666665,,0.0001925875,0.3943237724394031,0.4,32528
0.52,ascending,1.0,0.15,20,20,<23>par,3,0.98,-2.1418196875,0.265497831632653,0.9258983333333402,0.1950200000000003,-0.571126666666669,0.9260450000000052,0.1943383333333334,0.9244350000000056,0.0345334125,,0.0001890458333333,0.3938046354948301,0.4,32894
0.52,ascending,1.0,0.15,20,20,<23>par,3,0.99,-2.142518625,0.2671809343434343,0.92474833333334,0.1946833333333337,-0.5701866666666701,0.9249450000000043,0.1938333333333338,0.9226800000000058,0.0345147291666667,,0.0002068958333333,0.3929861943948928,0.4,32512
0.52,ascending,1.0,0.15,20,20,<23>par,3,1.0,-2.14497925,0.2691997499999999,0.9259600000000052,0.194728333333334,-0.5698666666666697,0.9263950000000042,0.194153333333334,0.9244466666666712,0.0349856208333332,,0.0001994541666666,0.3932857067920928,0.4,32837
0.52,ascending,1.0,0.15,20,20,<23>par,3,1.01,-2.1491649375,0.2728715346534653,0.921578333333338,0.19436,-0.568930000000003,0.9220066666666712,0.1938216666666662,0.9198050000000032,0.0342037833333333,,0.0002118916666666,0.3920805577139343,0.4,32849
0.52,ascending,1.0,0.15,20,20,<23>par,3,1.02,-2.151112187499999,0.2757874999999999,0.9187916666666754,0.1943116666666669,-0.568128333333336,0.9183666666666734,0.193815,0.9164116666666728,0.0340526583333332,,0.0002313833333333,0.3910225650315317,0.4,33045
0.52,ascending,1.0,0.15,20,20,<23>par,3,1.1,-2.175632,0.2988682954545454,0.9051483333333415,0.1929316666666668,-0.5622583333333337,0.9049533333333416,0.1921266666666667,0.9024583333333402,0.0330588166666666,,0.000253,0.3862621355369118,0.4,33668
0.52,ascending,1.0,0.15,20,20,<23>par,3,1.2,-2.2067791249999997,0.3273139583333333,0.888880000000009,0.1918533333333335,-0.5556716666666658,0.8887433333333412,0.1907366666666664,0.8845566666666734,0.0316455833333334,,0.0003254,0.3801233018362274,0.4,34131
0.52,ascending,1.0,0.15,20,20,<23>par,4,0.05,-2.012547374999999,0.0137899999999999,0.9997433333333288,0.1999799999999998,-0.5999266666666374,0.9997433333333288,0.1999799999999998,0.9997433333333288,0.0399706416666688,,6.416666666666664e-07,0.4188085432321908,0.4,27169
0.52,ascending,1.0,0.15,20,20,<23>par,4,0.1,-2.0131841875,0.0266887499999999,0.9993883333333264,0.1999599999999998,-0.5997416666666382,0.9993883333333264,0.1999599999999998,0.9993883333333264,0.0399665791666688,,1.5125000000000006e-06,0.4186760867962762,0.4,27377
0.52,ascending,1.0,0.15,20,20,<23>par,4,0.2,-2.0178446875,0.053225625,0.9971583333333048,0.1997883333333332,-0.5987816666666503,0.9971533333333048,0.1997883333333332,0.9971566666666376,0.0398379083333339,,7.224999999999968e-06,0.4179027005869951,0.4,27823
0.52,ascending,1.0,0.15,20,20,<23>par,4,0.3,-2.0241755,0.07923,0.9935466666666256,0.1995349999999998,-0.5973183333333221,0.9935199999999588,0.1995366666666665,0.9935133333332922,0.0396052083333333,,1.601666666666629e-05,0.4166808077565231,0.4,28490
0.52,ascending,1.0,0.15,20,20,<23>par,4,0.4,-2.033910562499999,0.1063803124999999,0.9876083333333016,0.1990466666666667,-0.5949799999999954,0.9876649999999688,0.1990500000000001,0.9875799999999688,0.0391836208333333,,3.1462499999999084e-05,0.4146852929727412,0.4,29290
0.52,ascending,1.0,0.15,20,20,<23>par,4,0.5,-2.04630725,0.1328712499999999,0.9815766666666418,0.1986233333333335,-0.5923816666666628,0.9816549999999756,0.1985583333333335,0.9815416666666418,0.0388582291666666,,4.6270833333331935e-05,0.4125758053760012,0.4,30096
0.52,ascending,1.0,0.15,20,20,<23>par,4,0.6,-2.0597238749999995,0.1602433333333333,0.9728383333333191,0.198106666666667,-0.5885199999999995,0.9728033333333176,0.197941666666667,0.972608333333319,0.0384067583333332,,6.950833333333134e-05,0.4094634139435202,0.4,30252
0.52,ascending,1.0,0.15,20,20,<23>par,4,0.7,-2.0780820625,0.1873548214285714,0.9606399999999912,0.1974316666666673,-0.5836199999999994,0.9609133333333238,0.1972116666666672,0.9600683333333264,0.0376117249999998,,0.0001011249999999,0.4053313221728519,0.4,30664
0.52,ascending,1.0,0.15,20,20,<23>par,4,0.8,-2.099446499999999,0.21541640625,0.9516583333333256,0.1965300000000005,-0.5810333333333347,0.951594999999994,0.1962983333333337,0.9507483333333278,0.0365317958333332,,0.0001283458333333,0.4024489769602519,0.4,31540
0.52,ascending,1.0,0.15,20,20,<23>par,4,0.86,-2.1126854374999997,0.2326100290697674,0.9419916666666648,0.1959483333333345,-0.5769433333333356,0.942351666666664,0.1955833333333345,0.9413333333333318,0.0359153708333333,,0.0001540958333333,0.399199195916859,0.4,31861
0.52,ascending,1.0,0.15,20,20,<23>par,4,0.87,-2.11292975,0.2348711206896551,0.9438349999999976,0.1960633333333341,-0.5771566666666705,0.9431366666666624,0.195760000000001,0.9424116666666638,0.0361964749999999,,0.000152275,0.3995361834510763,0.4,32040
0.52,ascending,1.0,0.15,20,20,<23>par,4,0.88,-2.1149288125,0.2382521306818181,0.9413383333333322,0.1960083333333337,-0.5763550000000048,0.9418166666666687,0.1956083333333336,0.9402700000000024,0.0360374166666666,,0.000155325,0.3987350436263341,0.4,32310
0.52,ascending,1.0,0.15,20,20,<23>par,4,0.89,-2.1181656875,0.2388620786516853,0.93998166666667,0.1959666666666669,-0.5751766666666711,0.940110000000002,0.1954900000000002,0.9386916666666696,0.0361241083333332,,0.0001714833333333,0.3981035284654237,0.4,32363
0.52,ascending,1.0,0.15,20,20,<23>par,4,0.9,-2.118807687499999,0.2439369444444444,0.9371766666666682,0.1954666666666676,-0.575501666666668,0.937676666666668,0.1950800000000011,0.935563333333338,0.0352322333333333,,0.0001723333333333,0.3974908859135493,0.4,32126
0.52,ascending,1.0,0.15,20,20,<23>par,4,0.91,-2.1212105,0.2460956043956043,0.9369200000000004,0.1957183333333342,-0.5748266666666697,0.9369699999999992,0.1951533333333341,0.935463333333333,0.0355816916666666,,0.0001669,0.3972690504995105,0.4,32269
0.52,ascending,1.0,0.15,20,20,<23>par,4,0.92,-2.124921375,0.2491351902173913,0.936125,0.1955983333333341,-0.5739950000000036,0.9360366666666656,0.195066666666667,0.9345299999999992,0.0356507333333332,,0.000180275,0.3968160584237447,0.4,32157
0.52,ascending,1.0,0.15,20,20,<23>par,4,0.93,-2.1273,0.2503809139784946,0.933845000000002,0.1954100000000006,-0.5740433333333357,0.9329333333333344,0.1951133333333336,0.931718333333336,0.0351088916666666,,0.0001876416666666,0.3961602001236727,0.4,32889
0.52,ascending,1.0,0.15,20,20,<23>par,4,0.9351,-2.1293531875,0.2532608811891776,0.9341850000000024,0.1952400000000004,-0.5735383333333355,0.9345266666666672,0.1948333333333337,0.9330066666666686,0.0354184666666666,,0.0001790583333333,0.3963436196476587,0.4,32702
0.52,ascending,1.0,0.15,20,20,<23>par,4,0.94,-2.1310618125,0.2534821808510638,0.9327600000000024,0.1948550000000004,-0.5731800000000034,0.9330733333333344,0.1943966666666672,0.9313783333333348,0.0350432583333333,,0.00017725,0.3958332517844352,0.4,32416
0.52,ascending,1.0,0.15,20,20,<23>par,4,0.95,-2.1333331875,0.2560486842105263,0.9314416666666666,0.1949116666666672,-0.572503333333335,0.9311000000000038,0.1945816666666674,0.9296516666666698,0.0350600999999999,,0.0001875416666666,0.3952821954954651,0.4,32684
0.52,ascending,1.0,0.15,20,20,<23>par,4,0.96,-2.1335689374999998,0.2597565104166667,0.9309033333333366,0.1950133333333344,-0.5722850000000028,0.9314133333333352,0.1945600000000006,0.9293766666666712,0.0352062833333333,,0.0001869166666666,0.3951360415079014,0.4,32526
0.52,ascending,1.0,0.15,20,20,<23>par,4,0.97,-2.1378621875,0.2616275773195876,0.9276750000000028,0.1946183333333336,-0.5711000000000023,0.9271166666666706,0.194081666666667,0.9257300000000022,0.0346322,,0.0001914416666666,0.3940509374028554,0.4,32635
0.52,ascending,1.0,0.15,20,20,<23>par,4,0.98,-2.1404400624999997,0.2654355867346938,0.9262750000000028,0.1944783333333326,-0.5701516666666695,0.9263950000000064,0.193874999999999,0.9246750000000044,0.0347450458333333,,0.0001900708333333,0.3933972366889632,0.4,33056
0.52,ascending,1.0,0.15,20,20,<23>par,4,0.99,-2.1428429375,0.2675306818181818,0.9254833333333348,0.1945116666666673,-0.5705883333333354,0.9252700000000004,0.1939400000000006,0.9233500000000032,0.0345060916666667,,0.0002075583333333,0.3933398443095937,0.4,32761
0.52,ascending,1.0,0.15,20,20,<23>par,4,1.0,-2.1467090625,0.2710235,0.9226600000000033,0.1943266666666676,-0.5692100000000002,0.922673333333336,0.1937883333333341,0.9194400000000048,0.0340015333333334,,0.0002403166666666,0.3918485341424563,0.4,32953
0.52,ascending,1.0,0.15,20,20,<23>par,4,1.01,-2.147651875,0.2722632425742574,0.9219650000000108,0.1941649999999993,-0.5683183333333373,0.9218616666666752,0.1934233333333326,0.9200250000000084,0.0344991458333333,,0.0002223541666666,0.3918028833061618,0.4,33079
0.52,ascending,1.0,0.15,20,20,<23>par,4,1.02,-2.1514923124999994,0.2762985294117646,0.9192466666666737,0.1942983333333339,-0.5679600000000021,0.91934833333334,0.1936733333333335,0.9174450000000054,0.0341951374999999,,0.0002168208333333,0.391206164957666,0.4,33302
0.52,ascending,1.0,0.15,20,20,<23>par,4,1.1,-2.1755762499999998,0.2988881818181818,0.9071683333333422,0.193388333333333,-0.5626233333333325,0.9066983333333444,0.1922733333333334,0.9041550000000096,0.0332358874999999,,0.0002601625,0.3866212163796396,0.4,33426
0.52,ascending,1.0,0.15,20,20,<23>par,4,1.2,-2.205611312499999,0.3268496875,0.8871683333333361,0.1921366666666665,-0.5553449999999998,0.8873600000000039,0.1908849999999992,0.8835883333333368,0.0315922583333334,,0.0003345833333333,0.3798248129928999,0.4,34190
0.52,ascending,1.0,0.15,20,20,<23>par,5,0.05,-2.009914125,0.01376,0.9997766666666624,0.1999899999999998,-0.5998983333333046,0.9997766666666624,0.1999899999999998,0.9997766666666624,0.0399925583333356,,5.583333333333316e-07,0.4188071937742302,0.4,26944
0.52,ascending,1.0,0.15,20,20,<23>par,5,0.1,-2.0128726875,0.0263149999999999,0.9993899999999918,0.1999749999999998,-0.5997466666666393,0.9993899999999918,0.1999749999999998,0.9993899999999918,0.0399708416666687,,1.5166666666666658e-06,0.4186799061248903,0.4,27565
0.52,ascending,1.0,0.15,20,20,<23>par,5,0.2,-2.0167133125,0.0524774999999999,0.9966566666666336,0.1997933333333332,-0.5985183333333176,0.9966566666666336,0.1997933333333332,0.9966583333333005,0.0398499833333338,,8.266666666666612e-06,0.417720385649084,0.4,28070
0.52,ascending,1.0,0.15,20,20,<23>par,5,0.3,-2.0232368124999995,0.0800616666666666,0.993134999999964,0.1994833333333332,-0.5970866666666538,0.9930899999999644,0.1994866666666665,0.9930966666666312,0.0395946750000001,,1.743333333333292e-05,0.4165160547464671,0.4,28533
0.52,ascending,1.0,0.15,20,20,<23>par,5,0.4,-2.035073749999999,0.1063534374999999,0.9883699999999664,0.1991383333333332,-0.595263333333325,0.9884283333332996,0.1991299999999999,0.9883383333332992,0.0392593874999999,,2.9370833333332432e-05,0.4149341659167078,0.4,29111
0.52,ascending,1.0,0.15,20,20,<23>par,5,0.5,-2.0448154375,0.1331639999999999,0.9811783333333102,0.1987000000000001,-0.5925999999999936,0.9812983333333104,0.1986100000000001,0.981078333333311,0.0386932541666665,,4.790416666666527e-05,0.4125783951986218,0.4,29640
0.52,ascending,1.0,0.15,20,20,<23>par,5,0.6,-2.061097562499999,0.1605954166666666,0.9735216666666512,0.1980833333333336,-0.5895700000000008,0.9737599999999847,0.1979850000000004,0.973408333333318,0.0381310999999998,,6.71999999999982e-05,0.4100094777001741,0.4,30389
0.52,ascending,1.0,0.15,20,20,<23>par,5,0.7,-2.0758651875,0.1877728571428571,0.9645333333333213,0.1974116666666672,-0.5858216666666678,0.964544999999989,0.1972483333333339,0.9640733333333216,0.0375527624999998,,9.566249999999869e-05,0.406821898867712,0.4,31048
0.52,ascending,1.0,0.15,20,20,<23>par,5,0.8,-2.0959409374999995,0.2145924999999999,0.9514366666666616,0.1966783333333339,-0.5798783333333357,0.951869999999994,0.1962116666666672,0.9504149999999958,0.0368313166666665,,0.0001263166666666,0.4020771937643573,0.4,31241
0.52,ascending,1.0,0.15,20,20,<23>par,5,0.86,-2.1115028125000004,0.2310427325581395,0.9449266666666624,0.1956266666666672,-0.5777066666666691,0.9449949999999968,0.1954016666666672,0.94380333333333,0.0362029625,,0.0001511375,0.3998889595508778,0.4,31761
0.52,ascending,1.0,0.15,20,20,<23>par,5,0.87,-2.114348625,0.233648132183908,0.942596666666665,0.1958983333333341,-0.5773866666666703,0.942229999999998,0.1954266666666674,0.9415333333333328,0.0358577666666666,,0.0001558583333333,0.3993183852075972,0.4,31818
0.52,ascending,1.0,0.15,20,20,<23>par,5,0.88,-2.1148786875,0.2363124999999999,0.942761666666663,0.1954333333333338,-0.5765200000000024,0.942516666666662,0.1951850000000005,0.9417466666666632,0.0360713083333332,,0.0001517,0.3990830177982735,0.4,32148
0.52,ascending,1.0,0.15,20,20,<23>par,5,0.89,-2.118521249999999,0.2393154494382022,0.9394916666666652,0.1955666666666673,-0.5756766666666687,0.9400950000000023,0.1952833333333335,0.9385966666666686,0.0358303791666666,,0.0001631208333333,0.3981957309612082,0.4,32218
0.52,ascending,1.0,0.15,20,20,<23>par,5,0.9,-2.1210140625,0.2413181944444444,0.9390000000000012,0.1953200000000004,-0.5750683333333374,0.9389133333333326,0.194931666666667,0.9380383333333318,0.035849725,,0.0001649833333333,0.3978470898199067,0.4,32171
0.52,ascending,1.0,0.15,20,20,<23>par,5,0.91,-2.121742875,0.2452620879120878,0.9370050000000032,0.1953350000000005,-0.5753916666666687,0.936933333333336,0.1949766666666671,0.9357550000000024,0.0353819583333333,,0.000173225,0.3974268423437345,0.4,32051
0.52,ascending,1.0,0.15,20,20,<23>par,5,0.92,-2.1251496875,0.2486358695652173,0.9354150000000008,0.1956683333333339,-0.5743283333333371,0.935519999999999,0.1950383333333338,0.93397,0.0354598583333333,,0.0001728083333333,0.3967894818544941,0.4,32257
0.52,ascending,1.0,0.15,20,20,<23>par,5,0.93,-2.1265984374999998,0.2513685483870967,0.9354633333333368,0.1956216666666668,-0.5736400000000037,0.9357183333333372,0.1949233333333336,0.9340533333333362,0.0356051708333333,,0.0001766625,0.3966199244543936,0.4,32394
0.52,ascending,1.0,0.15,20,20,<23>par,5,0.9351,-2.1272036874999998,0.2539354079777564,0.9320466666666688,0.1952750000000006,-0.5727866666666692,0.9323233333333364,0.1945916666666671,0.9303516666666704,0.0351882500000001,,0.0001769166666666,0.3955419151730799,0.4,32444
0.52,ascending,1.0,0.15,20,20,<23>par,5,0.94,-2.1301145624999998,0.254867420212766,0.9308666666666696,0.1955716666666672,-0.5728716666666668,0.93085666666667,0.1950050000000005,0.929560000000004,0.0350496083333332,,0.000175525,0.3954210722349547,0.4,32219
0.52,ascending,1.0,0.15,20,20,<23>par,5,0.95,-2.1325179374999994,0.2560989473684211,0.9291000000000011,0.194821666666667,-0.5713050000000007,0.9292249999999996,0.1945100000000001,0.9275333333333348,0.0351173541666667,,0.0001907875,0.3944119087362501,0.4,32623
0.52,ascending,1.0,0.15,20,20,<23>par,5,0.96,-2.1341064999999992,0.2583368489583333,0.9289066666666664,0.1951100000000009,-0.5720666666666683,0.9292516666666688,0.1944916666666676,0.9276250000000033,0.0348495958333332,,0.0001909791666666,0.394670060872386,0.4,32399
0.52,ascending,1.0,0.15,20,20,<23>par,5,0.97,-2.137388249999999,0.2616337628865979,0.9281666666666696,0.1948300000000004,-0.5706616666666697,0.9277100000000024,0.1944450000000005,0.9264766666666744,0.0350653583333334,,0.00019115,0.3940162592843351,0.4,32810
0.52,ascending,1.0,0.15,20,20,<23>par,5,0.98,-2.14065625,0.2648997448979592,0.9261750000000016,0.1948716666666671,-0.5703750000000035,0.926673333333336,0.194236666666667,0.9242283333333372,0.03480965,,0.000208025,0.3933801176766409,0.4,32949
0.52,ascending,1.0,0.15,20,20,<23>par,5,0.99,-2.145600999999999,0.2672559343434343,0.9235000000000056,0.1948866666666671,-0.5700816666666696,0.9235633333333374,0.1940950000000004,0.9216816666666728,0.034331675,,0.000207,0.3928480049560426,0.4,33169
0.52,ascending,1.0,0.15,20,20,<23>par,5,1.0,-2.1453901875,0.2693598749999999,0.9265633333333348,0.1947633333333341,-0.5686383333333347,0.9261083333333368,0.1941366666666671,0.924591666666671,0.0353179291666666,,0.0002057291666666,0.3930307327670315,0.4,32981
0.52,ascending,1.0,0.15,20,20,<23>par,5,1.01,-2.1484089375,0.2721685643564356,0.9212033333333388,0.1946733333333342,-0.5683450000000024,0.9204850000000038,0.1939633333333341,0.91870333333334,0.0344692875,,0.0002204208333333,0.391639546427077,0.4,32792
0.52,ascending,1.0,0.15,20,20,<23>par,5,1.02,-2.1514561875000004,0.2767057598039215,0.9188350000000056,0.1943633333333339,-0.5682166666666696,0.919456666666672,0.1936366666666668,0.917046666666671,0.03405965,,0.0002234083333333,0.39109676012711,0.4,33217
0.52,ascending,1.0,0.15,20,20,<23>par,5,1.1,-2.1746055625,0.2986792045454545,0.9062550000000078,0.1933766666666669,-0.56213,0.905880000000008,0.1923916666666668,0.90304833333334,0.0332431166666667,,0.0002606583333333,0.3862447700117509,0.4,33710
0.52,ascending,1.0,0.15,20,20,<23>par,5,1.2,-2.2056791250000005,0.3279473958333333,0.8883550000000046,0.1922799999999999,-0.5560000000000002,0.8871300000000056,0.1911216666666667,0.8838316666666715,0.0315641416666666,,0.000337925,0.3800298666696249,0.4,34412
0.52,ascending,1.0,0.15,20,20,<23>par,6,0.05,-2.0123806875,0.013125,0.9998399999999986,0.1999583333333331,-0.5999016666666376,0.9998399999999986,0.1999583333333331,0.9998399999999986,0.039991066666669,,3.999999999999997e-07,0.418816866581628,0.4,26996
0.52,ascending,1.0,0.15,20,20,<23>par,6,0.1,-2.0156009999999998,0.0260674999999999,0.9993866666666597,0.1999549999999998,-0.5996866666666392,0.9993866666666597,0.1999549999999998,0.9993866666666597,0.0399862750000021,,1.516666666666668e-06,0.4186574717477365,0.4,27114
0.52,ascending,1.0,0.15,20,20,<23>par,6,0.2,-2.016340375,0.0544706249999999,0.997246666666638,0.1997949999999999,-0.5989649999999771,0.9972416666666382,0.1997916666666665,0.997251666666638,0.039786737500001,,6.979166666666657e-06,0.417980578857742,0.4,27803
0.52,ascending,1.0,0.15,20,20,<23>par,6,0.3,-2.0237586875,0.0803804166666666,0.9937583333332932,0.1994416666666667,-0.5974466666666548,0.9937349999999604,0.19944,0.9937483333332936,0.0395670541666668,,1.5495833333333e-05,0.416751970312505,0.4,28295
0.52,ascending,1.0,0.15,20,20,<23>par,6,0.4,-2.032779125,0.1073556249999999,0.9875799999999696,0.1990749999999999,-0.5948883333333267,0.9875483333333032,0.1990483333333333,0.9875216666666362,0.0392162708333332,,3.2020833333332456e-05,0.4146443019843457,0.4,29292
0.52,ascending,1.0,0.15,20,20,<23>par,6,0.5,-2.0457464375,0.1322559999999999,0.9805416666666462,0.1986883333333335,-0.5925949999999973,0.9807833333333124,0.1986150000000001,0.9804449999999794,0.0385630249999999,,4.910833333333196e-05,0.4124472442888695,0.4,29519
0.52,ascending,1.0,0.15,20,20,<23>par,6,0.6,-2.0591215625,0.160168125,0.9726149999999864,0.1981250000000003,-0.5889899999999973,0.9726816666666528,0.198041666666667,0.9724066666666528,0.0382163124999999,,7.682916666666444e-05,0.4095856607330413,0.4,29970
0.52,ascending,1.0,0.15,20,20,<23>par,6,0.7,-2.0767114374999998,0.1875873214285714,0.9635283333333252,0.1974900000000001,-0.5852650000000001,0.9636416666666556,0.1972816666666668,0.9632183333333232,0.0376561791666665,,9.300416666666551e-05,0.4064761825634729,0.4,31064
0.52,ascending,1.0,0.15,20,20,<23>par,6,0.8,-2.097447062500001,0.214639375,0.9541466666666606,0.1967550000000004,-0.581138333333336,0.9534699999999954,0.1963983333333336,0.953193333333329,0.0370258583333332,,0.0001263749999999,0.4030162071701879,0.4,31605
0.52,ascending,1.0,0.15,20,20,<23>par,6,0.86,-2.1128426874999997,0.2312100290697674,0.9441966666666648,0.1958466666666672,-0.5774033333333365,0.944626666666666,0.1954833333333338,0.9432983333333343,0.0361763083333332,,0.000151725,0.3996976604166969,0.4,31957
0.52,ascending,1.0,0.15,20,20,<23>par,6,0.87,-2.112990125,0.2343010057471264,0.9424399999999984,0.1957866666666672,-0.5773050000000032,0.942604999999996,0.1954766666666673,0.9414883333333324,0.0358055791666665,,0.0001446791666666,0.3993733345712007,0.4,32220
0.52,ascending,1.0,0.15,20,20,<23>par,6,0.88,-2.1153615,0.2380829545454545,0.9411683333333302,0.1961033333333339,-0.5770583333333362,0.9410516666666648,0.1956900000000007,0.9396166666666648,0.0357200541666665,,0.0001699291666666,0.3988858652976775,0.4,32421
0.52,ascending,1.0,0.15,20,20,<23>par,6,0.89,-2.1187360625,0.2401925561797752,0.9395566666666656,0.1958583333333338,-0.5766933333333364,0.9402666666666633,0.1955200000000003,0.9386266666666664,0.0355487166666667,,0.00015785,0.3985540941682705,0.4,32038
0.52,ascending,1.0,0.15,20,20,<23>par,6,0.9,-2.1209349375,0.2422633333333333,0.9359333333333342,0.1952783333333335,-0.5747466666666681,0.9356066666666676,0.1947466666666668,0.9344100000000028,0.0351986333333333,,0.0001828166666666,0.3969738277188201,0.4,32533
0.52,ascending,1.0,0.15,20,20,<23>par,6,0.91,-2.1212291875,0.2450821428571428,0.9361483333333356,0.1955683333333341,-0.5742383333333363,0.9364016666666636,0.1951366666666675,0.9348200000000004,0.0355718791666666,,0.0001732125,0.396899434176053,0.4,32314
0.52,ascending,1.0,0.15,20,20,<23>par,6,0.92,-2.12566925,0.2495888586956521,0.9363050000000004,0.1955933333333339,-0.5741200000000027,0.9361233333333316,0.1951966666666668,0.9349566666666668,0.0357633,,0.0001628,0.3969212945114923,0.4,32216
0.52,ascending,1.0,0.15,20,20,<23>par,6,0.93,-2.1278141874999994,0.2520775537634409,0.9333516666666686,0.1953333333333332,-0.5731500000000048,0.9327616666666704,0.1948366666666668,0.9316616666666684,0.0353892291666665,,0.0001757625,0.3958569674792593,0.4,32403
0.52,ascending,1.0,0.15,20,20,<23>par,6,0.9351,-2.128522687499999,0.2529732114212383,0.9321816666666684,0.1948983333333334,-0.572015000000002,0.932758333333337,0.1944283333333336,0.9306766666666688,0.0353254208333333,,0.0001697375,0.3952988564191481,0.4,32423
0.52,ascending,1.0,0.15,20,20,<23>par,6,0.94,-2.129454999999999,0.2531926861702128,0.9321716666666664,0.1951099999999999,-0.5726416666666696,0.932023333333336,0.1945916666666668,0.9309983333333348,0.0352758249999999,,0.0001827833333333,0.395558860126593,0.4,32893
0.52,ascending,1.0,0.15,20,20,<23>par,6,0.95,-2.132822749999999,0.256878552631579,0.9309549999999994,0.1950216666666671,-0.5719783333333354,0.9313233333333324,0.1944966666666673,0.9292566666666664,0.0351710749999999,,0.0001899083333333,0.3950046490591008,0.4,32732
0.52,ascending,1.0,0.15,20,20,<23>par,6,0.96,-2.1354405624999995,0.2596201822916666,0.9285333333333328,0.1952933333333336,-0.5725866666666691,0.9279766666666672,0.194863333333334,0.926943333333332,0.0346452999999999,,0.000206275,0.3947666712790418,0.4,32550
0.52,ascending,1.0,0.15,20,20,<23>par,6,0.97,-2.1408473125,0.2613202319587628,0.9293650000000032,0.1949316666666671,-0.570593333333335,0.9295016666666692,0.1943933333333341,0.9279083333333356,0.0354933541666666,,0.0001897541666666,0.3942775426468792,0.4,32895
0.52,ascending,1.0,0.15,20,20,<23>par,6,0.98,-2.1390827499999987,0.2652389030612244,0.9283866666666716,0.1949116666666675,-0.5716816666666693,0.9285850000000064,0.1944066666666673,0.9268733333333368,0.0347848958333333,,0.0001883541666666,0.3944229509259729,0.4,32540
0.52,ascending,1.0,0.15,20,20,<23>par,6,0.99,-2.1446781875,0.2673438131313131,0.925035000000002,0.1948616666666677,-0.5701133333333364,0.9254883333333372,0.1941966666666676,0.9235116666666702,0.0346318958333333,,0.0002035375,0.3931855571768605,0.4,32852
0.52,ascending,1.0,0.15,20,20,<23>par,6,1.0,-2.145935,0.2703398749999999,0.9228950000000052,0.1947266666666673,-0.5702350000000023,0.9224816666666728,0.1939816666666666,0.9212000000000066,0.0341676375,,0.0002133041666666,0.3927438211597515,0.4,33017
0.52,ascending,1.0,0.15,20,20,<23>par,6,1.01,-2.1494626875000007,0.2728329207920791,0.9234200000000032,0.1944933333333337,-0.5688316666666715,0.9234633333333364,0.193725,0.9218383333333366,0.0346725499999999,,0.0002087916666666,0.392435881582142,0.4,32920
0.52,ascending,1.0,0.15,20,20,<23>par,6,1.02,-2.153414187499999,0.2759587009803921,0.9211066666666714,0.1943350000000004,-0.5677199999999984,0.9208983333333368,0.1936450000000007,0.9190666666666716,0.0344851458333334,,0.0002146791666666,0.3914651666810319,0.4,32972
0.52,ascending,1.0,0.15,20,20,<23>par,6,1.1,-2.1747864374999994,0.2986947727272727,0.9066650000000094,0.1936133333333342,-0.5636300000000005,0.9068433333333412,0.1927066666666673,0.9032866666666746,0.0328790333333333,,0.0002696416666666,0.3867796869393021,0.4,33424
0.52,ascending,1.0,0.15,20,20,<23>par,6,1.2,-2.2052106874999997,0.3277730208333333,0.8905966666666724,0.192681666666666,-0.5555849999999998,0.8904233333333383,0.1910999999999997,0.8864650000000052,0.0320739000000001,,0.0003260416666666,0.3806620432499923,0.4,34561
0.52,ascending,1.0,0.15,20,20,<23>par,7,0.05,-2.0127901875,0.0121874999999999,0.999873333333332,0.1999833333333331,-0.5999366666666373,0.999873333333332,0.1999833333333331,0.999873333333332,0.0399936500000024,,3.166666666666669e-07,0.4188378663228256,0.4,27130
0.52,ascending,1.0,0.15,20,20,<23>par,7,0.1,-2.013908312499999,0.0267137499999999,0.999268333333322,0.1999649999999998,-0.5997099999999723,0.999268333333322,0.1999649999999998,0.999268333333322,0.0399575541666683,,1.8208333333333408e-06,0.4186428294743283,0.4,27506
0.52,ascending,1.0,0.15,20,20,<23>par,7,0.2,-2.0178158124999994,0.053525625,0.996601666666633,0.1997149999999999,-0.5986766666666467,0.9965949999999664,0.1997116666666666,0.9966016666666332,0.0397418958333342,,8.804166666666537e-06,0.4177496644244904,0.4,27903
0.52,ascending,1.0,0.15,20,20,<23>par,7,0.3,-2.0233605625,0.0811575,0.9928833333332956,0.1993883333333332,-0.5973049999999868,0.9928766666666288,0.1993833333333332,0.9928766666666288,0.0394318416666668,,1.7358333333332896e-05,0.4165272939381842,0.4,28480
0.52,ascending,1.0,0.15,20,20,<23>par,7,0.4,-2.0340374375,0.1054187499999999,0.9885799999999636,0.1990999999999999,-0.5950749999999928,0.9885499999999636,0.199095,0.9885483333332974,0.0393436333333333,,2.9199999999999165e-05,0.4149231806121981,0.4,29281
0.52,ascending,1.0,0.15,20,20,<23>par,7,0.5,-2.045527874999999,0.1329242499999999,0.9814149999999788,0.1987783333333335,-0.5925399999999974,0.9813666666666452,0.1987133333333335,0.9813066666666452,0.0387839833333332,,4.719166666666534e-05,0.4126252296724643,0.4,29546
0.52,ascending,1.0,0.15,20,20,<23>par,7,0.6,-2.0602664374999997,0.16047625,0.9729066666666506,0.1982683333333335,-0.589218333333332,0.9729949999999824,0.1982383333333336,0.9727516666666498,0.0382374208333332,,6.767083333333128e-05,0.4097942703716706,0.4,30266
0.52,ascending,1.0,0.15,20,20,<23>par,7,0.7,-2.0765513124999995,0.18708375,0.9616366666666554,0.1972366666666672,-0.5851466666666653,0.9614933333333208,0.1971266666666671,0.960964999999988,0.0371479416666666,,0.0001011916666666,0.405974532844484,0.4,31005
0.52,ascending,1.0,0.15,20,20,<23>par,7,0.8,-2.0983754999999995,0.2141409375,0.9514266666666612,0.1965783333333339,-0.5807916666666686,0.9512383333333266,0.1963400000000005,0.9504499999999948,0.0364451375,,0.0001301041666666,0.4023378460117351,0.4,31829
0.52,ascending,1.0,0.15,20,20,<23>par,7,0.86,-2.112007125,0.2323581395348836,0.9441233333333314,0.1957416666666674,-0.5779866666666683,0.9434599999999967,0.1954200000000009,0.9427883333333325,0.0357679583333333,,0.0001506749999999,0.3998068283027461,0.4,31920
0.52,ascending,1.0,0.15,20,20,<23>par,7,0.87,-2.114206187499999,0.2353497126436781,0.9402866666666644,0.1957516666666674,-0.5750366666666704,0.9400516666666648,0.195463333333334,0.9388816666666662,0.0361729624999999,,0.0001734291666666,0.398043037409827,0.4,32282
0.52,ascending,1.0,0.15,20,20,<23>par,7,0.88,-2.11572675,0.2376245738636363,0.9402583333333324,0.1961516666666674,-0.5764983333333368,0.9406166666666652,0.1955900000000006,0.9393316666666645,0.0358285583333332,,0.0001653083333333,0.3986069758786388,0.4,31766
0.52,ascending,1.0,0.15,20,20,<23>par,7,0.89,-2.116308812499999,0.2397508426966291,0.9398166666666656,0.1957050000000007,-0.5755633333333344,0.939948333333333,0.1950250000000007,0.9385016666666666,0.0357417375,,0.0001731791666666,0.3981098909482623,0.4,32157
0.52,ascending,1.0,0.15,20,20,<23>par,7,0.9,-2.1204398125,0.2432313888888888,0.9384483333333298,0.195626666666667,-0.5751500000000032,0.9383099999999948,0.1953933333333336,0.9371466666666624,0.0357229416666667,,0.00015525,0.3977548781831815,0.4,32361
0.52,ascending,1.0,0.15,20,20,<23>par,7,0.91,-2.1227706875,0.2455976648351648,0.9361233333333356,0.1957150000000002,-0.5745033333333359,0.9361500000000044,0.1952700000000001,0.935275000000003,0.0355657083333332,,0.0001887666666666,0.3971344335030622,0.4,32511
0.52,ascending,1.0,0.15,20,20,<23>par,7,0.92,-2.124099124999999,0.2471229619565217,0.9341050000000032,0.1955533333333337,-0.5735633333333363,0.9342866666666692,0.1951200000000007,0.9326333333333374,0.0353266416666666,,0.0001685666666666,0.3963768785203196,0.4,32421
0.52,ascending,1.0,0.15,20,20,<23>par,7,0.93,-2.127356062499999,0.2497087365591397,0.9352866666666672,0.1954050000000006,-0.5746633333333371,0.935038333333333,0.1948866666666675,0.933841666666667,0.0352157958333333,,0.0001740041666666,0.3968270089336909,0.4,32525
0.52,ascending,1.0,0.15,20,20,<23>par,7,0.9351,-2.1287375,0.2534195540583894,0.9348450000000031,0.1952516666666673,-0.573368333333335,0.9345599999999996,0.1948650000000006,0.9329866666666694,0.0354667583333333,,0.00017985,0.3962424103142689,0.4,32526
0.52,ascending,1.0,0.15,20,20,<23>par,7,0.94,-2.130189125,0.2529210106382978,0.9341516666666684,0.1952133333333343,-0.5726300000000037,0.9338100000000004,0.1947583333333342,0.932466666666668,0.0356180999999999,,0.000176675,0.3959978127305637,0.4,32523
0.52,ascending,1.0,0.15,20,20,<23>par,7,0.95,-2.1332460625,0.2566888157894737,0.9311266666666708,0.1954033333333338,-0.5724450000000042,0.9317383333333352,0.1947750000000004,0.9295533333333366,0.0351961125,,0.0001814291666666,0.3952848003706766,0.4,32102
0.52,ascending,1.0,0.15,20,20,<23>par,7,0.96,-2.1340206875,0.2600298177083333,0.9322533333333368,0.1948483333333338,-0.5729933333333365,0.9319483333333348,0.1944516666666671,0.9307333333333356,0.0350692458333332,,0.0001822375,0.3956209040319586,0.4,32465
0.52,ascending,1.0,0.15,20,20,<23>par,7,0.97,-2.1378821875,0.2620301546391753,0.9289100000000023,0.1947366666666667,-0.5719816666666692,0.9296983333333376,0.1942116666666669,0.9272983333333356,0.0345580458333334,,0.0001891625,0.3946110828902662,0.4,32652
0.52,ascending,1.0,0.15,20,20,<23>par,7,0.98,-2.139209125,0.265413137755102,0.9269300000000044,0.1951683333333339,-0.5705450000000039,0.9276000000000028,0.1944716666666674,0.9254366666666716,0.0349918916666666,,0.0002036916666666,0.393735805380246,0.4,32785
0.52,ascending,1.0,0.15,20,20,<23>par,7,0.99,-2.1423401875000003,0.2683,0.925826666666671,0.1943183333333339,-0.569805000000001,0.92569166666667,0.1938266666666675,0.924185000000004,0.0348062374999999,,0.0002133625,0.3932035644868009,0.4,33059
0.52,ascending,1.0,0.15,20,20,<23>par,7,1.0,-2.1463665000000005,0.27094375,0.9241216666666732,0.1941066666666667,-0.5688200000000001,0.9244950000000044,0.1933616666666667,0.9224633333333402,0.0347503624999999,,0.0002037875,0.3924412060176564,0.4,32966
0.52,ascending,1.0,0.15,20,20,<23>par,7,1.01,-2.148453437499999,0.2721571782178217,0.9221266666666706,0.1940733333333333,-0.5678083333333349,0.9226466666666692,0.1936233333333332,0.9208166666666708,0.0348139583333333,,0.00020795,0.391851929277446,0.4,32557
0.52,ascending,1.0,0.15,20,20,<23>par,7,1.02,-2.1495282499999995,0.2754545343137254,0.9187616666666748,0.1942833333333339,-0.567571666666667,0.9186533333333392,0.1936033333333336,0.9168033333333406,0.0342606666666666,,0.0002265,0.3908740055804477,0.4,33260
0.52,ascending,1.0,0.15,20,20,<23>par,7,1.1,-2.1758995625,0.298768409090909,0.907686666666674,0.1933783333333334,-0.5631183333333333,0.9081966666666732,0.1926666666666667,0.9047650000000074,0.0332551666666666,,0.000255425,0.3868965978008939,0.4,33525
0.52,ascending,1.0,0.15,20,20,<23>par,7,1.2,-2.2060066874999995,0.3272358333333333,0.8874783333333391,0.1923316666666664,-0.5547883333333329,0.8877783333333388,0.1908783333333327,0.8836133333333392,0.0319580125,,0.0003143208333333,0.3796831826378434,0.4,34293
0.52,ascending,1.0,0.15,20,20,<23>par,8,0.05,-2.0118724999999995,0.0129949999999999,0.9998033333333308,0.1999949999999998,-0.5999199999999709,0.9998033333333308,0.1999949999999998,0.9998033333333308,0.039991166666669,,4.833333333333332e-07,0.4188201133639782,0.4,27357
0.52,ascending,1.0,0.15,20,20,<23>par,8,0.1,-2.0121539375,0.02684625,0.9992433333333232,0.1999599999999998,-0.5996583333333074,0.9992433333333232,0.1999599999999998,0.9992433333333232,0.0399711916666685,,1.883333333333345e-06,0.4186204820631327,0.4,26949
0.52,ascending,1.0,0.15,20,20,<23>par,8,0.2,-2.017972125,0.0535768749999999,0.9973766666666406,0.1997499999999998,-0.5988066666666474,0.9973616666666408,0.1997483333333331,0.9973633333333074,0.0398570875000008,,6.862499999999964e-06,0.4179466685212408,0.4,27831
0.52,ascending,1.0,0.15,20,20,<23>par,8,0.3,-2.0242423124999998,0.08028,0.9928149999999624,0.1995933333333332,-0.5972999999999874,0.9928799999999628,0.1995766666666665,0.9928366666666288,0.0394993166666667,,1.780833333333286e-05,0.4165417965203264,0.4,28827
0.52,ascending,1.0,0.15,20,20,<23>par,8,0.4,-2.0321155625,0.10645125,0.9883249999999636,0.1991633333333333,-0.5954299999999925,0.9883049999999636,0.19918,0.9883016666666304,0.0391934708333331,,2.9737499999999103e-05,0.4149881640303403,0.4,29082
0.52,ascending,1.0,0.15,20,20,<23>par,8,0.5,-2.044187249999999,0.1326345,0.9828033333333128,0.1987283333333334,-0.592836666666662,0.9827783333333124,0.1986783333333334,0.9826416666666458,0.0389214624999999,,4.355416666666558e-05,0.4129651606889067,0.4,29360
0.52,ascending,1.0,0.15,20,20,<23>par,8,0.6,-2.0607475625,0.1608654166666666,0.973083333333318,0.1978100000000003,-0.589009999999997,0.973254999999984,0.1976866666666671,0.972928333333318,0.0381366874999998,,7.00791666666645e-05,0.4096879119707926,0.4,30177
0.52,ascending,1.0,0.15,20,20,<23>par,8,0.7,-2.07689725,0.1874855357142857,0.962438333333324,0.1971633333333337,-0.5853499999999993,0.9623583333333234,0.1971250000000004,0.9617899999999896,0.0372196624999998,,9.998749999999916e-05,0.4061867636134532,0.4,31173
0.52,ascending,1.0,0.15,20,20,<23>par,8,0.8,-2.0974114999999998,0.2147024999999999,0.9495349999999968,0.1965516666666667,-0.5795233333333359,0.9499083333333306,0.1962816666666667,0.9489666666666648,0.0366896208333332,,0.0001245958333333,0.4016837177154246,0.4,31792
0.52,ascending,1.0,0.15,20,20,<23>par,8,0.86,-2.111944125,0.2315867732558139,0.9439199999999982,0.1955966666666672,-0.5776200000000025,0.9440299999999988,0.1951733333333339,0.9427883333333328,0.0358025833333333,,0.0001537083333333,0.3997101516487901,0.4,32019
0.52,ascending,1.0,0.15,20,20,<23>par,8,0.87,-2.1128733750000004,0.2329860632183907,0.943756666666664,0.1961216666666673,-0.5777450000000032,0.9432916666666638,0.1956066666666673,0.9426316666666646,0.0359160541666667,,0.0001547458333333,0.3997123779974025,0.4,31886
0.52,ascending,1.0,0.15,20,20,<23>par,8,0.88,-2.1151110625,0.2370235795454545,0.938933333333333,0.1957250000000006,-0.5761816666666697,0.9393416666666636,0.1953116666666673,0.9374033333333334,0.0354199791666666,,0.0001692375,0.3981113436560946,0.4,32142
0.52,ascending,1.0,0.15,20,20,<23>par,8,0.89,-2.1178540624999997,0.2394331460674157,0.941518333333334,0.1960100000000007,-0.5768016666666681,0.9418649999999994,0.1957600000000009,0.9407549999999988,0.0359721791666666,,0.0001559875,0.3990406694596758,0.4,32339
0.52,ascending,1.0,0.15,20,20,<23>par,8,0.9,-2.119373625,0.2425183333333333,0.938191666666668,0.1956050000000008,-0.5761866666666698,0.9382483333333324,0.1952083333333341,0.9371100000000012,0.0353425458333333,,0.0001606541666666,0.3980677909678227,0.4,32189
0.52,ascending,1.0,0.15,20,20,<23>par,8,0.91,-2.1214423750000004,0.2450787087912087,0.935341666666666,0.1953916666666671,-0.5742616666666701,0.9357466666666664,0.1947833333333336,0.934373333333332,0.0354678666666666,,0.0001663,0.3967992402935105,0.4,32515
0.52,ascending,1.0,0.15,20,20,<23>par,8,0.92,-2.126402999999999,0.2484211956521739,0.9328850000000029,0.1954366666666671,-0.5737766666666699,0.9327883333333356,0.1947033333333337,0.9314350000000025,0.0349613541666665,,0.0001878708333333,0.396076003587904,0.4,32530
0.52,ascending,1.0,0.15,20,20,<23>par,8,0.93,-2.127205375,0.2507833333333333,0.934938333333336,0.195136666666667,-0.5737533333333363,0.934851666666668,0.1945916666666668,0.9335350000000012,0.0353946125,,0.0001678958333333,0.3964816158011633,0.4,32308
0.52,ascending,1.0,0.15,20,20,<23>par,8,0.9351,-2.128114062499999,0.2511513474494706,0.9340449999999982,0.1952300000000007,-0.5733900000000035,0.9337216666666672,0.1946783333333337,0.9324299999999992,0.0353478541666666,,0.0001791625,0.3960813600558472,0.4,32745
0.52,ascending,1.0,0.15,20,20,<23>par,8,0.94,-2.131282,0.2545534574468085,0.9310333333333338,0.1949550000000004,-0.5721550000000029,0.93082,0.1944083333333341,0.929051666666666,0.035119375,,0.0002037166666666,0.3949422658779934,0.4,32540
0.52,ascending,1.0,0.15,20,20,<23>par,8,0.95,-2.1321180624999987,0.2550497368421053,0.9325533333333336,0.1952583333333341,-0.5726333333333378,0.9325566666666664,0.1949100000000008,0.9308450000000004,0.0353466666666665,,0.000179925,0.3956618857266743,0.4,32779
0.52,ascending,1.0,0.15,20,20,<23>par,8,0.96,-2.1361012499999994,0.25840703125,0.9293466666666684,0.1949833333333339,-0.571208333333338,0.9294116666666682,0.1944800000000004,0.9278333333333352,0.0352537375,,0.0001847708333333,0.3944238435503119,0.4,32886
0.52,ascending,1.0,0.15,20,20,<23>par,8,0.97,-2.1389897499999995,0.2629509020618557,0.9273016666666692,0.1951150000000005,-0.5710016666666686,0.9274133333333368,0.1945100000000004,0.925568333333339,0.0348558,,0.0001995916666666,0.3939635547990037,0.4,32463
0.52,ascending,1.0,0.15,20,20,<23>par,8,0.98,-2.14061775,0.2645687499999999,0.9275266666666688,0.1949033333333334,-0.5715900000000028,0.9273950000000024,0.1944366666666669,0.9256450000000024,0.0346068041666665,,0.0001864291666666,0.3941706585032247,0.4,32574
0.52,ascending,1.0,0.15,20,20,<23>par,8,0.99,-2.1444022499999997,0.2680563131313131,0.9248100000000056,0.1943383333333337,-0.5692183333333377,0.9238866666666702,0.1939866666666665,0.9230450000000048,0.0347157083333333,,0.0002139166666666,0.3927127381850048,0.4,32653
0.52,ascending,1.0,0.15,20,20,<23>par,8,1.0,-2.1471936874999997,0.2705897499999999,0.9230133333333388,0.1948916666666673,-0.5698750000000031,0.923110000000006,0.1941650000000007,0.9208533333333384,0.0343251833333333,,0.0002199833333333,0.3926285885366808,0.4,33125
0.52,ascending,1.0,0.15,20,20,<23>par,8,1.01,-2.1481927499999998,0.2723215346534653,0.9207600000000024,0.1942433333333338,-0.5685366666666697,0.9210850000000076,0.1934750000000001,0.9189533333333408,0.0342024458333333,,0.0002179208333333,0.3916690051363933,0.4,32866
0.52,ascending,1.0,0.15,20,20,<23>par,8,1.02,-2.151778875,0.2755769607843137,0.9191166666666716,0.1942700000000008,-0.5678316666666686,0.9197733333333388,0.1935916666666672,0.9171700000000058,0.0340774666666666,,0.0002228,0.3911506418830235,0.4,32952
0.52,ascending,1.0,0.15,20,20,<23>par,8,1.1,-2.1740974374999995,0.2992981818181818,0.9061766666666776,0.1932050000000008,-0.5624650000000005,0.9057566666666734,0.1922700000000008,0.9028083333333428,0.0331044916666667,,0.00027685,0.3862819626346071,0.4,33852
0.52,ascending,1.0,0.15,20,20,<23>par,8,1.2,-2.2054395625,0.3268860416666666,0.8858633333333366,0.1921033333333331,-0.5547099999999981,0.8854183333333397,0.1905583333333327,0.8807383333333351,0.0310850291666666,,0.0003451291666666,0.379066081783902,0.4,34176
0.52,ascending,1.0,0.15,20,20,<23>par,9,0.05,-2.0123504999999997,0.0140974999999999,0.9998233333333302,0.1999833333333331,-0.5999566666666369,0.9998233333333302,0.1999833333333331,0.9998233333333302,0.0399757750000023,,4.416666666666662e-07,0.418834463458782,0.4,27175
0.52,ascending,1.0,0.15,20,20,<23>par,9,0.1,-2.0132916875,0.0265587499999999,0.9992283333333232,0.1999416666666665,-0.5995866666666401,0.9992283333333232,0.1999416666666665,0.9992283333333232,0.0399896708333351,,1.8708333333333429e-06,0.4185921088106587,0.4,27160
0.52,ascending,1.0,0.15,20,20,<23>par,9,0.2,-2.016785624999999,0.0527756249999999,0.9967733333333036,0.1997616666666665,-0.5987649999999793,0.9967899999999704,0.1997649999999998,0.9967733333333036,0.0397628333333342,,7.816666666666632e-06,0.4178198757632142,0.4,27942
0.52,ascending,1.0,0.15,20,20,<23>par,9,0.3,-2.026055124999999,0.0792733333333333,0.993403333333292,0.1994533333333333,-0.5971866666666551,0.9934049999999588,0.1994266666666667,0.993398333333292,0.0396021375,,1.6379166666666223e-05,0.4166028859553976,0.4,28396
0.52,ascending,1.0,0.15,20,20,<23>par,9,0.4,-2.0340975,0.1059725,0.988368333333302,0.1991633333333333,-0.595468333333324,0.9883433333333016,0.1991333333333334,0.988368333333302,0.0391683916666666,,2.815833333333238e-05,0.4150135627935859,0.4,28907
0.52,ascending,1.0,0.15,20,20,<23>par,9,0.5,-2.045621437499999,0.1344814999999999,0.9812949999999804,0.1987216666666669,-0.5926599999999957,0.9811549999999792,0.1986650000000002,0.9812199999999788,0.0387093208333333,,4.6095833333332046e-05,0.4126180812670432,0.4,29881
0.52,ascending,1.0,0.15,20,20,<23>par,9,0.6,-2.0586119375,0.1599758333333333,0.9720999999999812,0.1982116666666669,-0.589408333333331,0.9721749999999808,0.1981100000000002,0.9718933333333152,0.0379662958333333,,6.78124999999979e-05,0.4096741903204097,0.4,30226
0.52,ascending,1.0,0.15,20,20,<23>par,9,0.7,-2.0776880625,0.1877555357142857,0.9642983333333216,0.197383333333334,-0.5853533333333322,0.9642283333333216,0.1972950000000006,0.963878333333321,0.0376915374999999,,9.327083333333207e-05,0.4066313630746355,0.4,30989
0.52,ascending,1.0,0.15,20,20,<23>par,9,0.8,-2.0991508125,0.2152710937499999,0.9510716666666624,0.1964533333333341,-0.5802100000000017,0.9511616666666638,0.1962983333333342,0.950229999999998,0.0366326958333332,,0.0001311541666666,0.4021404008744921,0.4,31493
0.52,ascending,1.0,0.15,20,20,<23>par,9,0.86,-2.1109011875,0.2307114825581395,0.9433083333333327,0.1958650000000008,-0.5769533333333354,0.9433966666666648,0.1953633333333338,0.9423699999999986,0.0361548583333332,,0.0001515833333333,0.3993447396651605,0.4,32130
0.52,ascending,1.0,0.15,20,20,<23>par,9,0.87,-2.1135094374999994,0.2342027298850574,0.9421149999999966,0.1956216666666672,-0.576998333333337,0.9418516666666608,0.1953183333333339,0.9405499999999972,0.0357289291666665,,0.0001625458333333,0.398934584175657,0.4,31852
0.52,ascending,1.0,0.15,20,20,<23>par,9,0.88,-2.1169008124999995,0.2360708806818181,0.9409333333333312,0.1957866666666675,-0.5754883333333347,0.9410649999999968,0.195376666666667,0.9401683333333316,0.0361751958333334,,0.0001589458333333,0.3985100163165883,0.4,31802
0.52,ascending,1.0,0.15,20,20,<23>par,9,0.89,-2.11723075,0.2394087078651685,0.9394100000000009,0.1956816666666678,-0.5750416666666696,0.9394483333333352,0.1952616666666676,0.9381516666666676,0.0360504624999998,,0.0001693291666666,0.397856456479467,0.4,32379
0.52,ascending,1.0,0.15,20,20,<23>par,9,0.9,-2.119178562499999,0.2422563888888889,0.936676666666665,0.1954900000000009,-0.5746816666666685,0.9371666666666651,0.1949933333333341,0.935493333333332,0.0355851499999998,,0.00017105,0.3972109236866681,0.4,32183
0.52,ascending,1.0,0.15,20,20,<23>par,9,0.91,-2.1232259375,0.2459664835164834,0.937746666666666,0.1956250000000007,-0.5746050000000036,0.937165,0.1951433333333338,0.9360133333333356,0.0357830124999999,,0.0001590458333333,0.3973001907956313,0.4,32484
0.52,ascending,1.0,0.15,20,20,<23>par,9,0.92,-2.1281536249999986,0.2483687499999999,0.936836666666668,0.1958716666666672,-0.5745666666666711,0.9365366666666648,0.1954533333333341,0.9350733333333334,0.0357503916666667,,0.0001736083333333,0.3971734386991667,0.4,32383
0.52,ascending,1.0,0.15,20,20,<23>par,9,0.93,-2.1293735,0.250840188172043,0.9333983333333346,0.19512,-0.5730233333333363,0.9333533333333336,0.1946049999999995,0.9321566666666676,0.0353805416666666,,0.0001723583333333,0.3959708557558335,0.4,32597
0.52,ascending,1.0,0.15,20,20,<23>par,9,0.9351,-2.1292198124999997,0.2530047588493209,0.9347450000000004,0.195036666666667,-0.5731933333333349,0.9349133333333332,0.1942933333333339,0.9334616666666686,0.0354457416666666,,0.0001702083333333,0.3962626812418941,0.4,32554
0.52,ascending,1.0,0.15,20,20,<23>par,9,0.94,-2.131991812499999,0.2540054521276595,0.9324883333333348,0.1948300000000003,-0.5724250000000031,0.9321233333333336,0.194431666666667,0.9307900000000012,0.0353638916666666,,0.0001823916666666,0.395481398484519,0.4,32533
0.52,ascending,1.0,0.15,20,20,<23>par,9,0.95,-2.131646687499999,0.2566227631578948,0.9310583333333354,0.1951016666666672,-0.5727333333333354,0.9313450000000038,0.1946500000000003,0.9293283333333376,0.0349082375,,0.0001933458333333,0.3953018176179292,0.4,32658
0.52,ascending,1.0,0.15,20,20,<23>par,9,0.96,-2.1352791875,0.2597868489583333,0.9304749999999994,0.1950649999999998,-0.5716966666666705,0.931265,0.1945933333333332,0.9293383333333342,0.0354123708333332,,0.0001872958333333,0.394969631060432,0.4,32564
0.52,ascending,1.0,0.15,20,20,<23>par,9,0.97,-2.137891,0.2620337628865979,0.9281850000000046,0.1949250000000006,-0.5710533333333363,0.9280716666666688,0.1946200000000006,0.9266300000000028,0.0350321791666668,,0.0001923375,0.3941305826044594,0.4,32874
0.52,ascending,1.0,0.15,20,20,<23>par,9,0.98,-2.1406495624999997,0.2642929846938775,0.9274050000000004,0.1947116666666666,-0.5707366666666713,0.9278083333333318,0.194103333333333,0.925228333333334,0.0347427458333333,,0.0002130541666666,0.3938082839629963,0.4,32831
0.52,ascending,1.0,0.15,20,20,<23>par,9,0.99,-2.143404249999999,0.2678214646464646,0.9240216666666698,0.1945950000000007,-0.569753333333335,0.9242116666666692,0.1939950000000005,0.9220283333333392,0.0344712958333333,,0.0002056958333333,0.3927100074816923,0.4,32685
0.52,ascending,1.0,0.15,20,20,<23>par,9,1.0,-2.146084937499998,0.2690486249999999,0.9220150000000068,0.1944316666666669,-0.568230000000003,0.9218316666666712,0.1938050000000006,0.9199016666666728,0.0346291041666667,,0.0002054541666666,0.3918549588918623,0.4,33205
0.52,ascending,1.0,0.15,20,20,<23>par,9,1.01,-2.150508625,0.2734404702970296,0.9242816666666714,0.1942450000000005,-0.5689033333333362,0.923391666666673,0.1936300000000003,0.9220316666666726,0.0346966625,,0.0002080958333333,0.3925208108285067,0.4,32857
0.52,ascending,1.0,0.15,20,20,<23>par,9,1.02,-2.150729937499999,0.2765033088235293,0.9184766666666704,0.1941933333333338,-0.5674250000000022,0.9182050000000048,0.1934083333333336,0.9161983333333378,0.0340639791666666,,0.0002256125,0.3908331161581442,0.4,33067
0.52,ascending,1.0,0.15,20,20,<23>par,9,1.1,-2.173785187499999,0.2980426136363636,0.9081883333333391,0.1938749999999998,-0.5635900000000003,0.9081683333333384,0.1927833333333334,0.9049600000000058,0.0332337791666666,,0.0002740958333333,0.3871439689983986,0.4,33757
0.52,ascending,1.0,0.15,20,20,<23>par,9,1.2,-2.206291124999999,0.3284928124999999,0.8884566666666701,0.192073333333333,-0.5560649999999999,0.8877983333333377,0.190888333333333,0.8840516666666687,0.0315798208333333,,0.0003402291666666,0.3802012956421909,0.4,34241
0.52,ascending,1.0,0.15,20,20,<23>par,10,0.05,-2.0133565,0.0126899999999999,0.9998683333333316,0.1999783333333331,-0.5999216666666374,0.9998683333333316,0.1999783333333331,0.9998683333333316,0.0399966625000024,,3.291666666666666e-07,0.4188314066868714,0.4,26670
0.52,ascending,1.0,0.15,20,20,<23>par,10,0.1,-2.01340075,0.0264962499999999,0.9991916666666544,0.1999333333333331,-0.5996549999999743,0.9991916666666544,0.1999333333333331,0.9991916666666544,0.0399516125000017,,2.045833333333345e-06,0.4186059704439461,0.4,27246
0.52,ascending,1.0,0.15,20,20,<23>par,10,0.2,-2.018333375,0.0538893749999999,0.997003333333306,0.1997983333333331,-0.5989499999999773,0.997003333333306,0.1997966666666665,0.9970066666666396,0.0397495833333343,,7.449999999999963e-06,0.4179279129184982,0.4,28115
0.52,ascending,1.0,0.15,20,20,<23>par,10,0.3,-2.02391175,0.0801083333333333,0.9934049999999564,0.1995649999999999,-0.5975049999999905,0.9934199999999566,0.1995599999999999,0.9934016666666232,0.0395206749999999,,1.6866666666666232e-05,0.4167212459163634,0.4,28436
0.52,ascending,1.0,0.15,20,20,<23>par,10,0.4,-2.033852875,0.1066121875,0.9889366666666332,0.1991366666666668,-0.5955666666666605,0.9890349999999668,0.1991266666666668,0.9888416666666338,0.0392210791666665,,2.809583333333249e-05,0.4151342289962984,0.4,28945
0.52,ascending,1.0,0.15,20,20,<23>par,10,0.5,-2.0449911249999992,0.1318757499999999,0.9824549999999762,0.1987083333333333,-0.5927316666666634,0.9823466666666432,0.1986766666666667,0.9823149999999772,0.0389077416666664,,4.555833333333196e-05,0.4128685968070318,0.4,29807
0.52,ascending,1.0,0.15,20,20,<23>par,10,0.6,-2.0607236875,0.1602114583333333,0.9733183333333184,0.1980916666666668,-0.5892116666666648,0.9734783333333168,0.1980750000000001,0.9730133333333189,0.0382272458333331,,7.344583333333128e-05,0.409807333974632,0.4,29937
0.52,ascending,1.0,0.15,20,20,<23>par,10,0.7,-2.0774738749999995,0.1872687499999999,0.964339999999991,0.1973450000000001,-0.5856050000000007,0.9639166666666577,0.1971866666666668,0.9638466666666587,0.0375475833333331,,9.7166666666666e-05,0.4066968413952554,0.4,30820
0.52,ascending,1.0,0.15,20,20,<23>par,10,0.8,-2.0970118749999997,0.2152884374999999,0.9519449999999976,0.1965200000000005,-0.5796233333333359,0.9517649999999976,0.1963766666666673,0.9512549999999989,0.0371104374999998,,0.0001330541666666,0.4021483770960788,0.4,31721
0.52,ascending,1.0,0.15,20,20,<23>par,10,0.86,-2.1121476875,0.2316374999999999,0.9443483333333356,0.1960333333333337,-0.5776466666666688,0.943995,0.1956600000000002,0.9435333333333352,0.0362315624999998,,0.0001557458333333,0.399836478108749,0.4,31988
0.52,ascending,1.0,0.15,20,20,<23>par,10,0.87,-2.1124038124999998,0.2338597701149425,0.9414316666666662,0.195890000000001,-0.5766366666666701,0.9409600000000028,0.1954633333333338,0.9400883333333356,0.0358496499999999,,0.0001636333333333,0.3987917683355409,0.4,32086
0.52,ascending,1.0,0.15,20,20,<23>par,10,0.88,-2.1147214999999995,0.2375887784090908,0.9420233333333332,0.1958250000000005,-0.5769700000000034,0.9419866666666638,0.1953733333333338,0.9411649999999986,0.0359340166666666,,0.0001493166666666,0.399129577259963,0.4,32233
0.52,ascending,1.0,0.15,20,20,<23>par,10,0.89,-2.117624562499999,0.2400957865168539,0.9382266666666652,0.1956333333333335,-0.5760150000000036,0.9384933333333324,0.1954833333333337,0.937093333333335,0.0355126999999999,,0.0001628166666666,0.3979644663228692,0.4,32095
0.52,ascending,1.0,0.15,20,20,<23>par,10,0.9,-2.1210931875,0.2419681944444444,0.9401066666666656,0.195578333333334,-0.5757533333333358,0.9399766666666632,0.1952433333333339,0.9386366666666666,0.0358540583333331,,0.0001639833333333,0.3982410856169875,0.4,32435
0.52,ascending,1.0,0.15,20,20,<23>par,10,0.91,-2.122407249999999,0.2457542582417582,0.9370666666666672,0.1955600000000003,-0.5748783333333369,0.9370250000000024,0.19518,0.9353933333333316,0.0355045291666666,,0.0001745541666666,0.3972674730325573,0.4,32364
0.52,ascending,1.0,0.15,20,20,<23>par,10,0.92,-2.125676,0.2491149456521739,0.9352533333333368,0.1953433333333337,-0.5743116666666691,0.935671666666668,0.1947616666666667,0.934018333333335,0.0353355874999999,,0.0001803125,0.3966628492828432,0.4,32278
0.52,ascending,1.0,0.15,20,20,<23>par,10,0.93,-2.1264043124999987,0.2502692204301075,0.935255,0.1955583333333341,-0.5735650000000007,0.9353533333333348,0.195113333333334,0.934055,0.03569265,,0.000171125,0.396539452447841,0.4,32576
0.52,ascending,1.0,0.15,20,20,<23>par,10,0.9351,-2.1293254375000004,0.2528970163618864,0.934718333333335,0.1951600000000008,-0.5739233333333378,0.9345366666666692,0.1945666666666671,0.9329850000000026,0.0352702499999999,,0.0001706166666666,0.396443088679817,0.4,32223
0.52,ascending,1.0,0.15,20,20,<23>par,10,0.94,-2.129317125,0.2524773936170213,0.9348950000000033,0.1951100000000002,-0.5740450000000034,0.9347566666666696,0.1945416666666666,0.9332333333333358,0.0352098749999999,,0.000172125,0.3964662748000007,0.4,32478
0.52,ascending,1.0,0.15,20,20,<23>par,10,0.95,-2.1314133125,0.2573980263157894,0.929078333333336,0.1949750000000003,-0.5722333333333367,0.9293716666666664,0.1944350000000002,0.927675000000002,0.0347820708333333,,0.0001871375,0.3948087711655705,0.4,32489
0.52,ascending,1.0,0.15,20,20,<23>par,10,0.96,-2.135024125,0.2589828125,0.931043333333335,0.1949016666666675,-0.5719783333333366,0.9311033333333366,0.1943750000000004,0.9294066666666692,0.0351560749999999,,0.000192925,0.3949963432136584,0.4,32793
0.52,ascending,1.0,0.15,20,20,<23>par,10,0.97,-2.1372975624999992,0.2627957474226804,0.929248333333336,0.1948050000000002,-0.5713483333333358,0.9297850000000007,0.1944833333333331,0.928233333333334,0.0351759374999999,,0.0001915375,0.3945219084511214,0.4,32590
0.52,ascending,1.0,0.15,20,20,<23>par,10,0.98,-2.1401701875000003,0.2642070153061224,0.9275900000000052,0.1946883333333341,-0.5708383333333371,0.9276066666666728,0.1943550000000008,0.9260216666666728,0.0348560416666666,,0.0001752083333333,0.3940109148078882,0.4,32794
0.52,ascending,1.0,0.15,20,20,<23>par,10,0.99,-2.1410201875,0.2683439393939394,0.9233616666666736,0.1949016666666676,-0.5697633333333334,0.9226650000000068,0.1943666666666673,0.9208366666666742,0.0343211375000001,,0.0002214458333333,0.3925740049257715,0.4,32986
0.52,ascending,1.0,0.15,20,20,<23>par,10,1.0,-2.1456345,0.2701832499999999,0.9231116666666715,0.1944050000000009,-0.568940000000003,0.9229383333333416,0.1935616666666674,0.9214683333333404,0.0345680291666667,,0.0002154291666666,0.3924378958408921,0.4,33023
0.52,ascending,1.0,0.15,20,20,<23>par,10,1.01,-2.1465363749999997,0.2734334158415841,0.924955000000001,0.1944400000000008,-0.5692566666666697,0.9255116666666696,0.1937800000000003,0.9229016666666704,0.0348796791666666,,0.0002154791666666,0.3927786886489594,0.4,33124
0.52,ascending,1.0,0.15,20,20,<23>par,10,1.02,-2.1495866875000003,0.274689338235294,0.9206166666666687,0.1944000000000003,-0.5680883333333354,0.9197016666666734,0.193983333333334,0.9178166666666724,0.0343392958333333,,0.0002237875,0.3913585453944142,0.4,32899
0.52,ascending,1.0,0.15,20,20,<23>par,10,1.1,-2.175359125,0.2985890909090908,0.9060983333333432,0.1931333333333335,-0.5621416666666653,0.9059216666666752,0.1924183333333332,0.9028666666666753,0.0331320208333334,,0.0002585708333333,0.3862344614341687,0.4,34058
0.52,ascending,1.0,0.15,20,20,<23>par,10,1.2,-2.2062594375000004,0.3265063541666667,0.8844216666666723,0.1921599999999997,-0.5535083333333319,0.8846650000000039,0.1907233333333328,0.8806516666666687,0.0316775375,,0.0003462791666666,0.3786065614805357,0.4,34214
0.52,ascending,1.0,0.15,20,20,<23>par,11,0.05,-2.0111526875,0.0130299999999999,0.9997733333333292,0.1999716666666665,-0.5999333333333038,0.9997733333333292,0.1999716666666665,0.9997733333333292,0.0399706000000023,,5.333333333333349e-07,0.4188156439626679,0.4,27063
0.52,ascending,1.0,0.15,20,20,<23>par,11,0.1,-2.0131587499999988,0.0264,0.9992766666666564,0.1999199999999998,-0.5996533333333067,0.9992766666666564,0.1999199999999998,0.9992766666666564,0.0399638250000018,,1.8166666666666743e-06,0.418620542933506,0.4,27377
0.52,ascending,1.0,0.15,20,20,<23>par,11,0.2,-2.0172195625,0.0524412499999999,0.9966566666666344,0.1996899999999999,-0.5986466666666481,0.9966699999999676,0.1996883333333333,0.996661666666634,0.0397545583333339,,8.191666666666573e-06,0.4177514769541505,0.4,27759
0.52,ascending,1.0,0.15,20,20,<23>par,11,0.3,-2.0240819375,0.0805295833333333,0.9936216666666328,0.1996116666666666,-0.597443333333321,0.9936449999999658,0.1996099999999999,0.9935883333332992,0.0395956041666668,,1.710416666666637e-05,0.4167512966000245,0.4,28562
0.52,ascending,1.0,0.15,20,20,<23>par,11,0.4,-2.0350855,0.1069474999999999,0.9882033333333023,0.1990666666666666,-0.5950549999999927,0.988181666666635,0.1990816666666666,0.9881283333333022,0.0392700291666665,,2.969583333333249e-05,0.414817989224104,0.4,29275
0.52,ascending,1.0,0.15,20,20,<23>par,11,0.5,-2.045163,0.1320097499999999,0.98140333333331,0.1985933333333334,-0.5925766666666638,0.9813583333333112,0.1985483333333334,0.9812499999999776,0.0387125791666665,,4.58624999999987e-05,0.4125969010450594,0.4,29969
0.52,ascending,1.0,0.15,20,20,<23>par,11,0.6,-2.0620231875000004,0.1600510416666666,0.9742833333333164,0.1981216666666669,-0.5892899999999994,0.9744149999999832,0.1980650000000001,0.974083333333316,0.0384156708333332,,6.852083333333131e-05,0.410041391111644,0.4,30471
0.52,ascending,1.0,0.15,20,20,<23>par,11,0.7,-2.0775939375,0.1885373214285714,0.96252999999999,0.1973033333333334,-0.5850316666666676,0.9624133333333228,0.1970333333333335,0.9620366666666564,0.0373702083333332,,9.886666666666564e-05,0.4061330608786373,0.4,30961
0.52,ascending,1.0,0.15,20,20,<23>par,11,0.8,-2.098962875,0.2153815624999999,0.9531266666666643,0.1969000000000006,-0.5806233333333355,0.9527033333333306,0.1964816666666675,0.95222833333333,0.0369873416666665,,0.0001213749999999,0.4027088597877556,0.4,31619
0.52,ascending,1.0,0.15,20,20,<23>par,11,0.86,-2.1093794374999995,0.2318277616279069,0.943365,0.1957933333333339,-0.5775733333333366,0.9433033333333304,0.1952816666666671,0.941986666666664,0.0357381666666666,,0.0001549833333333,0.3994800705201073,0.4,32142
0.52,ascending,1.0,0.15,20,20,<23>par,11,0.87,-2.1109715625,0.2333130747126436,0.94255,0.1956383333333338,-0.5766600000000013,0.9421183333333336,0.1953916666666673,0.9413516666666653,0.0359816291666666,,0.0001515791666666,0.399013269062521,0.4,31897
0.52,ascending,1.0,0.15,20,20,<23>par,11,0.88,-2.1157194374999992,0.2374482954545454,0.9395349999999976,0.1956966666666671,-0.5761183333333364,0.939389999999998,0.1955966666666671,0.9382183333333334,0.0355984416666665,,0.0001703416666666,0.3982875554180641,0.4,31722
0.52,ascending,1.0,0.15,20,20,<23>par,11,0.89,-2.118695375,0.2409441011235954,0.9396550000000016,0.1956366666666673,-0.5747266666666695,0.9395216666666676,0.1951100000000008,0.9387383333333372,0.0362128458333332,,0.0001606208333333,0.3978935756886687,0.4,32221
0.52,ascending,1.0,0.15,20,20,<23>par,11,0.9,-2.1192321874999998,0.2431230555555555,0.936276666666668,0.195488333333334,-0.5750616666666682,0.9365433333333314,0.1949450000000007,0.935111666666668,0.0353430583333332,,0.0001656583333333,0.3971893915604324,0.4,32322
0.52,ascending,1.0,0.15,20,20,<23>par,11,0.91,-2.122474625,0.2448030219780219,0.9363649999999994,0.1955233333333342,-0.5750416666666696,0.9361716666666656,0.1950650000000006,0.9347733333333312,0.0352737541666667,,0.0001775625,0.397255987848622,0.4,32337
0.52,ascending,1.0,0.15,20,20,<23>par,11,0.92,-2.125038062499999,0.247780706521739,0.9353616666666654,0.1954950000000004,-0.5736116666666712,0.9345999999999984,0.1950250000000001,0.9336216666666628,0.0355450666666667,,0.000184125,0.3965021583502598,0.4,32452
0.52,ascending,1.0,0.15,20,20,<23>par,11,0.93,-2.1275921874999995,0.2510271505376344,0.9332299999999998,0.1957400000000007,-0.5741383333333367,0.9333650000000024,0.1952250000000008,0.9317966666666712,0.0351224541666666,,0.0001860625,0.3962436301543359,0.4,32067
0.52,ascending,1.0,0.15,20,20,<23>par,11,0.9351,-2.128524874999999,0.2516129290984921,0.9345183333333352,0.1951216666666672,-0.5732733333333351,0.9342583333333336,0.1945416666666674,0.9334100000000024,0.0355143875,,0.0001815125,0.3962307290376877,0.4,32329
0.52,ascending,1.0,0.15,20,20,<23>par,11,0.94,-2.131328125,0.2535174202127659,0.9350333333333328,0.1953333333333335,-0.572778333333336,0.934771666666665,0.194591666666667,0.9334133333333337,0.0356990124999999,,0.0001697791666666,0.3961780055502358,0.4,32485
0.52,ascending,1.0,0.15,20,20,<23>par,11,0.95,-2.133490687499999,0.2562472368421053,0.929961666666668,0.1951349999999999,-0.5720316666666697,0.9300050000000016,0.1945549999999998,0.9286000000000014,0.0351088958333334,,0.0001921458333333,0.3948907252360979,0.4,32530
0.52,ascending,1.0,0.15,20,20,<23>par,11,0.96,-2.1347730625,0.2589296875,0.9303833333333348,0.1950200000000004,-0.57190166666667,0.9300900000000016,0.1945133333333338,0.928856666666668,0.035154625,,0.0001901916666666,0.394947500695555,0.4,32475
0.52,ascending,1.0,0.15,20,20,<23>par,11,0.97,-2.1375481249999995,0.2615771907216495,0.9284783333333352,0.1950266666666668,-0.5709516666666706,0.9286816666666702,0.1945683333333331,0.9263950000000044,0.0351056791666666,,0.0001969875,0.3940149059690011,0.4,32471
0.52,ascending,1.0,0.15,20,20,<23>par,11,0.98,-2.139404125,0.2650181122448979,0.9276200000000028,0.1949166666666674,-0.5715366666666701,0.9282400000000032,0.1941933333333337,0.926086666666668,0.0347850249999999,,0.0001937166666666,0.394173278701706,0.4,32834
0.52,ascending,1.0,0.15,20,20,<23>par,11,0.99,-2.1449338125,0.2689762626262626,0.926365000000006,0.1947500000000008,-0.571398333333336,0.926498333333338,0.1940700000000006,0.9245766666666728,0.0344113375,,0.0002061875,0.3937874603118848,0.4,32950
0.52,ascending,1.0,0.15,20,20,<23>par,11,1.0,-2.1470114999999987,0.271188,0.92263166666667,0.194550000000001,-0.5689783333333345,0.9224500000000052,0.1938300000000006,0.920913333333339,0.0345140416666666,,0.0002043666666666,0.3923298999209231,0.4,33005
0.52,ascending,1.0,0.15,20,20,<23>par,11,1.01,-2.1470566875,0.2726116336633662,0.9204833333333382,0.1943633333333338,-0.5670616666666705,0.9207916666666718,0.1939100000000007,0.9182600000000049,0.0347533208333332,,0.0002246958333333,0.3911620699201679,0.4,32939
0.52,ascending,1.0,0.15,20,20,<23>par,11,1.02,-2.1527435624999987,0.2755935049019607,0.92182166666667,0.194235000000001,-0.5689550000000021,0.9208350000000036,0.1934850000000008,0.91992166666667,0.0341938791666667,,0.0002246208333333,0.391959317314228,0.4,32760
0.52,ascending,1.0,0.15,20,20,<23>par,11,1.1,-2.1754408125,0.2994129545454545,0.9055383333333428,0.1934366666666666,-0.5629450000000006,0.9066783333333424,0.1924483333333339,0.9026800000000096,0.0328477791666666,,0.0002636375,0.3864599278675997,0.4,33476
0.52,ascending,1.0,0.15,20,20,<23>par,11,1.2,-2.205567124999999,0.3288841666666666,0.885928333333338,0.1920600000000001,-0.5544966666666656,0.8859733333333377,0.1903966666666661,0.8812116666666704,0.0313906833333333,,0.000326225,0.3791400480764095,0.4,34121
0.52,ascending,1.0,0.15,20,20,<2>par,12,0.05,-2.0202026874999994,0.0129474999999999,0.9998366666666648,0.0,-0.9998366666666648,0.9998366666666648,0.0,0.9998366666666648,4.083333333333332e-07,,0.4999187416666671,4.083333333333346e-07,0.5,27096
0.52,ascending,1.0,0.15,20,20,<2>par,12,0.1,-2.020876374999999,0.0254562499999999,0.9994583333333256,0.0,-0.9994583333333256,0.9994583333333256,0.0,0.9994583333333256,1.3541666666666629e-06,,0.4997305458333358,1.3390915250468749e-06,0.5,27570
0.52,ascending,1.0,0.15,20,20,<2>par,12,0.2,-2.025535749999999,0.0501675,0.9975416666666416,0.0,-0.9975416666666416,0.9975416666666416,0.0,0.9975416666666416,6.287500000000013e-06,,0.498777670833339,5.908742919010476e-06,0.5,27862
0.52,ascending,1.0,0.15,20,20,<2>par,12,0.3,-2.03059775,0.0737541666666666,0.9950849999999644,-1.6666666666666669e-06,-0.9950899999999642,0.9950866666666308,0.0,0.9950833333332976,1.2291666666666483e-05,,0.4975566333333405,1.170101749415093e-05,0.5,28698
0.52,ascending,1.0,0.15,20,20,<2>par,12,0.4,-2.0409606875,0.0991840624999999,0.9893349999999642,1.9999999999999995e-05,-0.9892166666666312,0.9892616666666316,1.666666666666666e-06,0.9892416666666314,2.5720833333332587e-05,,0.4946426375000062,2.768292374765592e-05,0.5,28936
0.52,ascending,1.0,0.15,20,20,<2>par,12,0.5,-2.0514385625,0.1241812499999999,0.9848599999999724,3.666666666666667e-05,-0.9847466666666388,0.984823333333306,-5e-06,0.984759999999972,4.011666666666536e-05,,0.4924197416666726,3.8801570587551854e-05,0.5,29935
0.52,ascending,1.0,0.15,20,20,<2>par,12,0.6,-2.064674875,0.1489931249999999,0.9780049999999808,5.833333333333335e-05,-0.977998333333313,0.9780266666666464,6.666666666666667e-06,0.9779416666666464,5.407499999999805e-05,,0.4890379250000028,5.606180339887493e-05,0.5,30570
0.52,ascending,1.0,0.15,20,20,<2>par,12,0.7,-2.0804835625,0.1745498214285714,0.9692199999999864,9.500000000000005e-05,-0.9689966666666532,0.9692616666666536,-5.1666666666666685e-05,0.9689416666666536,7.68374999999973e-05,,0.4845810375000023,7.475564856156776e-05,0.5,30944
0.52,ascending,1.0,0.15,20,20,<2>par,12,0.8,-2.1007819999999997,0.1991154687499999,0.9613433333333232,0.0001533333333333,-0.9612683333333242,0.9614166666666556,-4.666666666666668e-05,0.9611583333333236,0.0001007083333333,,0.4806835250000008,9.826154531833286e-05,0.5,31659
0.52,ascending,1.0,0.15,20,20,<2>par,12,0.86,-2.1112929999999994,0.2144609011627906,0.9550616666666631,0.0003916666666666,-0.9547366666666638,0.9549649999999956,4.000000000000002e-05,0.95461333333333,0.0001207041666666,,0.4773995291666669,0.0001165410298232,0.5,32332
0.52,ascending,1.0,0.15,20,20,<2>par,12,0.87,-2.1130662499999997,0.2179155172413793,0.9530816666666588,0.0002883333333333,-0.9528899999999914,0.9530333333333252,-2.1666666666666657e-05,0.9528149999999932,0.0001111666666666,,0.4764772916666661,0.0001197929213038,0.5,31885
0.52,ascending,1.0,0.15,20,20,<2>par,12,0.88,-2.1172686249999995,0.2206011363636363,0.9513799999999978,0.00034,-0.9511983333333314,0.9514533333333318,6.666666666666671e-05,0.9510016666666656,0.0001209416666666,,0.4756027500000004,0.0001232635593691,0.5,31966
0.52,ascending,1.0,0.15,20,20,<2>par,12,0.89,-2.1174738125,0.2223662921348314,0.9504416666666612,0.0004483333333333,-0.9501399999999948,0.9504616666666624,-3.3333333333333363e-06,0.949919999999995,0.0001300458333333,,0.4750837708333332,0.0001301001884374,0.5,31939
0.52,ascending,1.0,0.15,20,20,<2>par,12,0.9,-2.1208134999999992,0.2254784722222222,0.9489633333333286,0.0002983333333333,-0.9487233333333293,0.948846666666663,-0.000125,0.9484433333333296,0.0001276416666666,,0.4743577583333326,0.0001366123096746,0.5,32150
0.52,ascending,1.0,0.15,20,20,<2>par,12,0.91,-2.122289874999999,0.2282935439560439,0.9456566666666634,0.0003566666666666,-0.94550333333333,0.9458866666666628,-7.666666666666671e-05,0.9451333333333286,0.0001391583333333,,0.4727636333333346,0.0001444009706764,0.5,32058
0.52,ascending,1.0,0.15,20,20,<2>par,12,0.92,-2.125996,0.2296566576086956,0.9484266666666636,0.0003383333333333,-0.948401666666662,0.9483666666666618,-3.0000000000000008e-05,0.9480016666666624,0.0001315,,0.4741502916666669,0.0001346120306565,0.5,32439
0.52,ascending,1.0,0.15,20,20,<2>par,12,0.93,-2.1279265,0.2337354838709677,0.9455983333333292,0.0004199999999999,-0.9452066666666618,0.9455316666666628,-0.00022,0.9448416666666628,0.0001381874999999,,0.4726504291666656,0.0001407309047541,0.5,32489
0.52,ascending,1.0,0.15,20,20,<2>par,12,0.9351,-2.1301770625,0.2337066891241578,0.9443066666666624,0.0005033333333333,-0.943881666666663,0.94432333333333,-7.833333333333336e-05,0.9437299999999972,0.0001520999999999,,0.4719417166666671,0.0001512136172389,0.5,32390
0.52,ascending,1.0,0.15,20,20,<2>par,12,0.94,-2.1306826875,0.235595744680851,0.9445049999999994,0.0003833333333333,-0.944143333333332,0.9446083333333312,0.0001283333333333,0.943989999999998,0.0001451208333333,,0.4721181791666657,0.0001488328122295,0.5,32638
0.52,ascending,1.0,0.15,20,20,<2>par,12,0.95,-2.132936562499999,0.23876,0.9419099999999968,0.00031,-0.94137833333333,0.942071666666662,-6.0000000000000015e-05,0.9413616666666624,0.0001515458333333,,0.4708080041666667,0.0001539390816397,0.5,32757
0.52,ascending,1.0,0.15,20,20,<2>par,12,0.96,-2.1352371875,0.2403330729166666,0.941731666666667,0.0003566666666666,-0.941279999999999,0.9415516666666656,0.00011,0.9410733333333322,0.0001544041666666,,0.4706699375000002,0.0001541606245142,0.5,32498
0.52,ascending,1.0,0.15,20,20,<2>par,12,0.97,-2.137316375,0.2425658505154639,0.939856666666667,0.0005133333333333,-0.9394733333333316,0.939816666666666,1.1666666666666668e-05,0.9390799999999984,0.0001469833333333,,0.4697551916666659,0.0001586305659783,0.5,32384
0.52,ascending,1.0,0.15,20,20,<2>par,12,0.98,-2.140971999999999,0.2459483418367346,0.9406283333333316,0.0004449999999999,-0.940381666666666,0.9405899999999988,5.66666666666667e-05,0.9398849999999984,0.0001532583333333,,0.470105916666667,0.0001511626903253,0.5,32877
0.52,ascending,1.0,0.15,20,20,<2>par,12,0.99,-2.142263625,0.2472652777777777,0.9384700000000024,0.0006516666666666,-0.9376499999999997,0.9378883333333338,3.166666666666669e-05,0.9374516666666688,0.0001641874999999,,0.4688782958333338,0.0001676830832502,0.5,32760
0.52,ascending,1.0,0.15,20,20,<2>par,12,1.0,-2.1460531874999997,0.2518927499999999,0.9378049999999988,0.0006199999999999,-0.937148333333334,0.9378649999999992,7.16666666666667e-05,0.9369149999999996,0.0001609375,,0.4686066708333344,0.0001559093218925,0.5,32860
0.52,ascending,1.0,0.15,20,20,<2>par,12,1.01,-2.1453053124999983,0.2527423267326733,0.9365016666666648,0.0005283333333333,-0.936226666666666,0.9367433333333306,8.500000000000003e-05,0.9357783333333328,0.0001786166666666,,0.4680913749999993,0.0001677414972787,0.5,33089
0.52,ascending,1.0,0.15,20,20,<2>par,12,1.02,-2.1480565,0.255123406862745,0.9343733333333316,0.0005799999999999,-0.933938333333334,0.9346833333333316,-8.000000000000003e-05,0.9335349999999992,0.0001732583333333,,0.4669707416666666,0.00017506439759,0.5,32915
0.52,ascending,1.0,0.15,20,20,<2>par,12,1.1,-2.1708877500000003,0.2764282954545454,0.923023333333336,0.0008583333333333,-0.9219666666666712,0.9227333333333376,0.0001116666666666,0.9216483333333406,0.0001978166666666,,0.4610308333333334,0.000200302233311,0.5,33655
0.52,ascending,1.0,0.15,20,20,<2>par,12,1.2,-2.2003066875000004,0.3033289583333333,0.9089700000000068,0.0010849999999999,-0.9080200000000066,0.9087300000000096,6.500000000000006e-05,0.9071833333333388,0.0002416499999999,,0.453801266666668,0.0002474990144954,0.5,34060
0.52,ascending,1.0,0.15,20,20,<2>par,13,0.05,-2.0210703125,0.0115824999999999,0.9998766666666652,0.0,-0.9998766666666652,0.9998766666666652,0.0,0.9998766666666652,3.083333333333336e-07,,0.4999386416666669,3.083333333333274e-07,0.5,26971
0.52,ascending,1.0,0.15,20,20,<2>par,13,0.1,-2.0203620625,0.0253799999999999,0.999143333333322,0.0,-0.999143333333322,0.999143333333322,0.0,0.999143333333322,2.06666666666668e-06,,0.4995738750000033,2.1837090414322816e-06,0.5,27483
0.52,ascending,1.0,0.15,20,20,<2>par,13,0.2,-2.024900749999999,0.0494068749999999,0.9975299999999738,5e-06,-0.9975316666666404,0.9975299999999738,-1.6666666666666669e-06,0.9975299999999738,6.366666666666653e-06,,0.4987717333333393,6.265737865166645e-06,0.5,28290
0.52,ascending,1.0,0.15,20,20,<2>par,13,0.3,-2.0313633125,0.0740583333333333,0.9941983333332952,3.3333333333333333e-06,-0.9942049999999616,0.9941949999999616,1e-05,0.9941899999999616,1.4087499999999734e-05,,0.4971113125000079,1.43420971898383e-05,0.5,28173
0.52,ascending,1.0,0.15,20,20,<2>par,13,0.4,-2.0391168749999995,0.0991824999999999,0.9901766666666336,2.333333333333333e-05,-0.9901649999999664,0.9901549999999668,1e-05,0.9901399999999668,2.5904166666666e-05,,0.4950996958333407,2.527128479399964e-05,0.5,29363
0.52,ascending,1.0,0.15,20,20,<2>par,13,0.5,-2.050454875,0.12475125,0.9851583333333042,-5e-06,-0.9851066666666376,0.9851433333333034,1.5e-05,0.985103333333304,3.704999999999874e-05,,0.4925790500000059,3.808022603580694e-05,0.5,29697
0.52,ascending,1.0,0.15,20,20,<2>par,13,0.6,-2.0651695,0.1496583333333333,0.9773516666666489,0.000115,-0.9772449999999822,0.9774683333333146,1.6666666666666664e-05,0.9772316666666492,5.740416666666453e-05,,0.4886750541666699,5.789173442182275e-05,0.5,30317
0.52,ascending,1.0,0.15,20,20,<2>par,13,0.7,-2.081171687499999,0.1744244642857143,0.9691699999999868,0.0001216666666666,-0.9691316666666536,0.9693483333333214,6.666666666666671e-06,0.969104999999988,7.428749999999767e-05,,0.4846359458333351,7.774758930359889e-05,0.5,30663
0.52,ascending,1.0,0.15,20,20,<2>par,13,0.8,-2.0988908749999995,0.2008929687499999,0.9607149999999904,0.0002866666666666,-0.9606116666666592,0.9607583333333248,8.833333333333337e-05,0.9605383333333252,0.0001012291666666,,0.4803545291666676,0.0001034984244697,0.5,31524
0.52,ascending,1.0,0.15,20,20,<2>par,13,0.86,-2.1118940625,0.2149536337209302,0.9554766666666596,0.0003166666666666,-0.9554866666666602,0.9555183333333253,-8.833333333333338e-05,0.9552933333333248,0.0001113958333333,,0.4777200124999996,0.0001188080653674,0.5,32009
0.52,ascending,1.0,0.15,20,20,<2>par,13,0.87,-2.1152210625,0.2176067528735632,0.9546333333333276,0.0002366666666666,-0.954544999999996,0.9547733333333288,0.00015,0.9543983333333296,0.0001129083333333,,0.4772964916666676,0.0001187119708988,0.5,31791
0.52,ascending,1.0,0.15,20,20,<2>par,13,0.88,-2.116695749999999,0.2193832386363636,0.9528599999999948,0.0003433333333333,-0.9526399999999938,0.9531149999999944,-5.666666666666668e-05,0.9526183333333276,0.0001216208333333,,0.4763975874999989,0.0001201502192602,0.5,31860
0.52,ascending,1.0,0.15,20,20,<2>par,13,0.89,-2.118247124999999,0.2220456460674157,0.9516016666666612,0.00029,-0.951544999999996,0.9515983333333288,0.0001283333333333,0.9513366666666622,0.0001246541666666,,0.4757564291666662,0.0001232327334222,0.5,32473
0.52,ascending,1.0,0.15,20,20,<2>par,13,0.9,-2.1199354375,0.2247126388888889,0.9487966666666618,0.0003616666666666,-0.9486349999999948,0.948833333333328,-2.1666666666666647e-05,0.9483933333333288,0.0001451666666666,,0.4743337916666662,0.000133725864101,0.5,32177
0.52,ascending,1.0,0.15,20,20,<2>par,13,0.91,-2.1228077499999998,0.2281212912087911,0.9489733333333292,0.0003866666666666,-0.948861666666664,0.9489083333333288,-8.333333333333329e-06,0.9485649999999964,0.0001282291666666,,0.4744099708333337,0.0001316147961235,0.5,32364
0.52,ascending,1.0,0.15,20,20,<2>par,13,0.92,-2.1245194375,0.2296983695652173,0.9462549999999988,0.0003649999999999,-0.9461366666666656,0.9459483333333308,-5e-05,0.9456949999999994,0.0001392958333333,,0.4730058708333353,0.0001409695528159,0.5,32433
0.52,ascending,1.0,0.15,20,20,<2>par,13,0.93,-2.1292445,0.2324470430107526,0.9458199999999968,0.0003566666666666,-0.945481666666664,0.9457449999999964,8.333333333333337e-05,0.9452249999999977,0.0001260958333333,,0.4727412625000002,0.0001420036843831,0.5,32229
0.52,ascending,1.0,0.15,20,20,<2>par,13,0.9351,-2.128526812499999,0.2344296064592022,0.9465483333333332,0.0004266666666666,-0.946059999999998,0.9463133333333316,-2.1666666666666653e-05,0.9457283333333324,0.0001463166666666,,0.4730320000000001,0.0001378318643785,0.5,32280
0.52,ascending,1.0,0.15,20,20,<2>par,13,0.94,-2.1302445,0.2354597074468085,0.9449983333333328,0.0003649999999999,-0.9444199999999988,0.9447583333333334,3.833333333333333e-05,0.9440833333333318,0.0001521208333333,,0.4722062875,0.0001432986197378,0.5,32598
0.52,ascending,1.0,0.15,20,20,<2>par,13,0.95,-2.1312259999999994,0.2377067105263158,0.9427016666666632,0.0003916666666666,-0.942484999999997,0.9426983333333312,-5.166666666666669e-05,0.9422783333333308,0.0001459791666666,,0.4712614708333327,0.0001497929902258,0.5,32344
0.52,ascending,1.0,0.15,20,20,<2>par,13,0.96,-2.1349978124999995,0.2399955729166666,0.9423516666666668,0.0003516666666666,-0.941758333333333,0.9422466666666658,5.333333333333334e-05,0.9415033333333314,0.0001467666666666,,0.47096355,0.0001493779508497,0.5,32917
0.52,ascending,1.0,0.15,20,20,<2>par,13,0.97,-2.138030749999999,0.2436704896907216,0.9399916666666664,0.0006033333333333,-0.939581666666668,0.9399083333333343,-7.333333333333337e-05,0.939403333333334,0.0001546625,,0.4698135041666653,0.0001551885433743,0.5,32678
0.52,ascending,1.0,0.15,20,20,<2>par,13,0.98,-2.139850375,0.2461830357142857,0.9407783333333336,0.0007133333333333,-0.9402699999999984,0.9405966666666652,-7.833333333333339e-05,0.9400066666666668,0.0001601333333333,,0.4701751416666662,0.0001568330493726,0.5,32608
0.52,ascending,1.0,0.15,20,20,<2>par,13,0.99,-2.142980125,0.2483791666666666,0.9377733333333304,0.0004866666666666,-0.9375699999999988,0.9380166666666648,4.8333333333333374e-05,0.937221666666666,0.0001641916666666,,0.4687339833333336,0.0001631595910252,0.5,32784
0.52,ascending,1.0,0.15,20,20,<2>par,13,1.0,-2.1451726875,0.25134225,0.9377733333333356,0.0005766666666666,-0.9374283333333364,0.938115000000002,-0.0001116666666666,0.9370900000000034,0.0001517208333333,,0.4686642041666658,0.0001686358776521,0.5,32753
0.52,ascending,1.0,0.15,20,20,<2>par,13,1.01,-2.146389812499999,0.2528502475247524,0.936488333333333,0.0006033333333333,-0.9358933333333324,0.9364083333333328,0.00019,0.9354800000000016,0.0001723708333333,,0.4679078291666648,0.0001689433967567,0.5,32717
0.52,ascending,1.0,0.15,20,20,<2>par,13,1.02,-2.1501132500000004,0.257060906862745,0.9329766666666656,0.0006716666666666,-0.9322733333333324,0.9328300000000006,5.3333333333333326e-05,0.932056666666666,0.0001779833333333,,0.4662065833333333,0.0001820034601801,0.5,32948
0.52,ascending,1.0,0.15,20,20,<2>par,13,1.1,-2.17289325,0.2760493181818181,0.9241933333333364,0.0007099999999999,-0.9235566666666688,0.924116666666669,-1.6666666666666664e-05,0.9231566666666684,0.0001948583333333,,0.4618047750000005,0.0001904087509164,0.5,33782
0.52,ascending,1.0,0.15,20,20,<2>par,13,1.2,-2.2004632500000003,0.3036651041666667,0.9093716666666716,0.0014566666666666,-0.9081866666666742,0.9090250000000047,0.00016,0.9075850000000064,0.0002508124999999,,0.4540145124999996,0.0002437453312791,0.5,34259
0.52,ascending,1.0,0.15,20,20,<2>par,14,0.05,-2.0202345624999998,0.011535,0.9999183333333324,0.0,-0.9999183333333324,0.9999183333333324,0.0,0.9999183333333324,2.0416666666666666e-07,,0.4999593708333336,2.0416666666667026e-07,0.5,27023
0.52,ascending,1.0,0.15,20,20,<2>par,14,0.1,-2.022302062500001,0.0240187499999999,0.9994216666666584,0.0,-0.9994216666666584,0.9994216666666584,1e-05,0.9994216666666584,1.5375000000000016e-06,,0.4997123041666693,1.4333333333333316e-06,0.5,27061
0.52,ascending,1.0,0.15,20,20,<2>par,14,0.2,-2.026360125,0.0494837499999999,0.9973866666666408,0.0,-0.997384999999974,0.997384999999974,-1.6666666666666669e-06,0.997384999999974,6.312499999999989e-06,,0.4986998375000072,6.324337276453174e-06,0.5,27969
0.52,ascending,1.0,0.15,20,20,<2>par,14,0.3,-2.0299339999999995,0.0737658333333333,0.9949333333332968,1.833333333333333e-05,-0.9949449999999638,0.9949299999999636,-6.666666666666667e-06,0.9949199999999636,1.3099999999999803e-05,,0.4974761750000078,1.2473121459505037e-05,0.5,28587
0.52,ascending,1.0,0.15,20,20,<2>par,14,0.4,-2.03800675,0.0996053124999999,0.9901383333332956,1.1666666666666668e-05,-0.9901016666666292,0.9901349999999628,-1.6666666666666669e-06,0.990098333333296,2.5795833333332545e-05,,0.4950760291666738,2.46188112851142e-05,0.5,29232
0.52,ascending,1.0,0.15,20,20,<2>par,14,0.5,-2.050611375,0.1240009999999999,0.9844799999999768,8.500000000000003e-05,-0.984461666666643,0.9844833333333094,6.666666666666668e-06,0.98446833333331,4.324999999999865e-05,,0.4922749833333386,3.960092880149978e-05,0.5,29750
0.52,ascending,1.0,0.15,20,20,<2>par,14,0.6,-2.0641776874999995,0.1484710416666666,0.9777683333333136,8.16666666666667e-05,-0.977741666666648,0.9779683333333138,2.5e-05,0.9776383333333144,5.770416666666468e-05,,0.4888767041666721,5.518113389981238e-05,0.5,30438
0.52,ascending,1.0,0.15,20,20,<2>par,14,0.7,-2.0802160625,0.1737623214285714,0.9702899999999868,8.500000000000003e-05,-0.9701616666666544,0.9703199999999874,3.666666666666667e-05,0.970096666666654,7.299999999999776e-05,,0.4851376500000025,7.843451832744255e-05,0.5,31154
0.52,ascending,1.0,0.15,20,20,<2>par,14,0.8,-2.099210375,0.1997603124999999,0.9607183333333248,0.0001816666666666,-0.9604099999999898,0.9606349999999908,-2.833333333333333e-05,0.960431666666658,0.0001006874999999,,0.4802742291666673,9.818838692651037e-05,0.5,31502
0.52,ascending,1.0,0.15,20,20,<2>par,14,0.86,-2.1115021249999995,0.2156377906976744,0.9549366666666612,0.000265,-0.9547083333333296,0.9549916666666628,-4.6666666666666685e-05,0.9545549999999958,0.0001179791666666,,0.4774100041666675,0.0001134729828944,0.5,32309
0.52,ascending,1.0,0.15,20,20,<2>par,14,0.87,-2.1163868749999994,0.217940948275862,0.9537633333333304,0.0002816666666666,-0.9534183333333288,0.9537099999999964,8.833333333333337e-05,0.9532199999999958,0.0001192249999999,,0.4767704333333336,0.0001183484712874,0.5,31657
0.52,ascending,1.0,0.15,20,20,<2>par,14,0.88,-2.11573575,0.2197683238636363,0.9512183333333314,0.0004566666666666,-0.9509366666666628,0.9512566666666624,9.999999999999987e-06,0.9507949999999988,0.0001206666666666,,0.4755115083333337,0.0001239951576697,0.5,32114
0.52,ascending,1.0,0.15,20,20,<2>par,14,0.89,-2.1182023125,0.2224199438202247,0.9503683333333304,0.0002383333333333,-0.9500449999999968,0.9507216666666642,2.833333333333332e-05,0.9499599999999996,0.0001316958333333,,0.4750833708333328,0.0001368188075092,0.5,31843
0.52,ascending,1.0,0.15,20,20,<2>par,14,0.9,-2.12068875,0.2250308333333333,0.9495383333333302,0.0002766666666666,-0.949254999999996,0.9494283333333288,-1.6666666666666525e-06,0.9489099999999951,0.0001332125,,0.4746092124999986,0.0001355184885041,0.5,32359
0.52,ascending,1.0,0.15,20,20,<2>par,14,0.91,-2.124299749999999,0.226979945054945,0.9504016666666628,0.0002883333333333,-0.950319999999994,0.9504416666666622,0.0001083333333333,0.9499999999999964,0.0001324791666666,,0.4751324874999992,0.0001272839073642,0.5,32110
0.52,ascending,1.0,0.15,20,20,<2>par,14,0.92,-2.125489124999999,0.229617527173913,0.9469583333333296,0.0004199999999999,-0.946581666666664,0.946849999999996,3.833333333333333e-05,0.9463799999999972,0.0001401833333333,,0.4733320500000005,0.0001330178276685,0.5,32643
0.52,ascending,1.0,0.15,20,20,<2>par,14,0.93,-2.1278852499999994,0.2325875,0.9459099999999986,0.0004933333333333,-0.945596666666666,0.9460449999999982,-4.500000000000002e-05,0.9453633333333326,0.0001419708333333,,0.4728409124999999,0.0001412284521827,0.5,32418
0.52,ascending,1.0,0.15,20,20,<2>par,14,0.9351,-2.130562625,0.2340773714041278,0.9456599999999994,0.0005849999999999,-0.945348333333332,0.945646666666664,6.666666666666668e-05,0.945078333333331,0.0001303083333333,,0.4726980416666668,0.0001417766543375,0.5,32469
0.52,ascending,1.0,0.15,20,20,<2>par,14,0.94,-2.131727625,0.2356077127659574,0.9428249999999976,0.0004383333333333,-0.94215333333333,0.942466666666664,-6.360652745248293e-21,0.9418166666666642,0.0001485416666666,,0.4711059666666673,0.0001478339930021,0.5,32441
0.52,ascending,1.0,0.15,20,20,<2>par,14,0.95,-2.1322981875,0.2382827631578947,0.9435183333333346,0.0004666666666666,-0.9433533333333352,0.9435966666666692,-5.500000000000003e-05,0.9431366666666672,0.0001424333333333,,0.4716798000000011,0.0001461288488283,0.5,32610
0.52,ascending,1.0,0.15,20,20,<2>par,14,0.96,-2.134174,0.2403640625,0.9434366666666678,0.0004616666666666,-0.9428350000000012,0.943211666666668,-3.499999999999999e-05,0.9425983333333348,0.0001422374999999,,0.4714986041666673,0.0001465496612242,0.5,32351
0.52,ascending,1.0,0.15,20,20,<2>par,14,0.97,-2.137297,0.2430067010309278,0.9405083333333338,0.0004949999999999,-0.9401100000000022,0.9404900000000002,1.5000000000000002e-05,0.939843333333336,0.0001565249999999,,0.4700631833333337,0.0001568126644452,0.5,32760
0.52,ascending,1.0,0.15,20,20,<2>par,14,0.98,-2.13886425,0.2455294642857142,0.9398549999999992,0.0005316666666666,-0.9395183333333336,0.9397833333333344,-0.0001466666666666,0.9391716666666666,0.0001526833333333,,0.4697598083333335,0.0001606759817286,0.5,32631
0.52,ascending,1.0,0.15,20,20,<2>par,14,0.99,-2.142082375,0.2481114898989898,0.9372133333333322,0.0005949999999999,-0.9367733333333328,0.937136666666664,1.666666666666671e-06,0.9364316666666652,0.0001608,,0.4684412500000004,0.0001557824802844,0.5,32858
0.52,ascending,1.0,0.15,20,20,<2>par,14,1.0,-2.1431554999999998,0.2506497499999999,0.937865,0.0004616666666666,-0.9375800000000012,0.9382716666666682,1.66666666666668e-06,0.9372533333333356,0.0001493708333333,,0.4687493291666666,0.0001611655216596,0.5,32739
0.52,ascending,1.0,0.15,20,20,<2>par,14,1.01,-2.1455341874999987,0.253454702970297,0.9375400000000016,0.0006433333333333,-0.9372116666666648,0.9376033333333336,-4.3333333333333314e-05,0.936866666666667,0.0001642166666666,,0.4686140749999998,0.0001576776539489,0.5,32880
0.52,ascending,1.0,0.15,20,20,<2>par,14,1.02,-2.1528775,0.2559170343137254,0.9359249999999992,0.0006766666666666,-0.9355066666666648,0.9359049999999988,-5.833333333333337e-05,0.9353116666666657,0.0001639375,,0.4677712125000003,0.0001637010353769,0.5,32856
0.52,ascending,1.0,0.15,20,20,<2>par,14,1.1,-2.1702691874999998,0.276785909090909,0.9220616666666692,0.0008183333333333,-0.9212583333333356,0.9222433333333382,5.500000000000001e-05,0.9210350000000048,0.0002044333333333,,0.4606346166666679,0.000203124998112,0.5,33465
0.52,ascending,1.0,0.15,20,20,<2>par,14,1.2,-2.1997817499999983,0.3034532291666666,0.9088300000000088,0.0009583333333333,-0.9080466666666752,0.9090216666666744,-6.5e-05,0.9075266666666776,0.0002288458333333,,0.4539700041666666,0.0002454501446745,0.5,34344
0.52,ascending,1.0,0.15,20,20,<2>par,15,0.05,-2.020034375,0.0126725,0.9998383333333308,0.0,-0.9998383333333308,0.9998383333333308,0.0,0.9998383333333308,4.041666666666668e-07,,0.4999195708333334,4.041666666666685e-07,0.5,27036
0.52,ascending,1.0,0.15,20,20,<2>par,15,0.1,-2.0203850624999995,0.0248625,0.9994849999999932,0.0,-0.9994849999999932,0.9994849999999932,0.0,0.9994849999999932,1.2374999999999947e-06,,0.4997438125000022,1.34522542485937e-06,0.5,27595
0.52,ascending,1.0,0.15,20,20,<2>par,15,0.2,-2.0246363124999998,0.0499606249999999,0.997321666666637,1.6666666666666669e-06,-0.9973233333333036,0.9973183333333036,0.0,0.9973183333333036,6.487499999999994e-06,,0.498666504166674,6.786803398874957e-06,0.5,27891
0.52,ascending,1.0,0.15,20,20,<2>par,15,0.3,-2.0323012499999997,0.0744120833333333,0.9938866666666276,-3.3333333333333333e-06,-0.9938733333332944,0.993874999999961,-5e-06,0.993884999999961,1.492916666666639e-05,,0.4969557625000101,1.542664634011951e-05,0.5,28284
0.52,ascending,1.0,0.15,20,20,<2>par,15,0.4,-2.0410195,0.0999690625,0.9903866666666314,1.666666666666666e-06,-0.9903266666666316,0.9903416666666316,1e-05,0.9903416666666318,2.5187499999999315e-05,,0.4951911958333412,2.377055925796845e-05,0.5,28921
0.52,ascending,1.0,0.15,20,20,<2>par,15,0.5,-2.050738375,0.124773,0.9848733333333064,6.666666666666668e-06,-0.9848349999999738,0.9848733333333068,8.333333333333334e-06,0.9848716666666404,3.699999999999874e-05,,0.4924588666666729,3.673400899696342e-05,0.5,29667
0.52,ascending,1.0,0.15,20,20,<2>par,15,0.6,-2.064004375,0.148615,0.97899333333331,4.500000000000001e-05,-0.9789383333333108,0.978924999999977,3.333333333333334e-05,0.9789499999999774,4.922916666666502e-05,,0.4895251458333375,5.344325819171344e-05,0.5,30388
0.52,ascending,1.0,0.15,20,20,<2>par,15,0.7,-2.0816692499999987,0.1743473214285714,0.9695399999999867,0.000105,-0.9693949999999852,0.9693166666666526,-1.3333333333333332e-05,0.9692366666666524,7.394166666666418e-05,,0.4847132666666677,7.712276668890118e-05,0.5,31017
0.52,ascending,1.0,0.15,20,20,<2>par,15,0.8,-2.0999328749999995,0.20006953125,0.9601366666666612,0.0002366666666666,-0.9601883333333274,0.9600983333333264,-4.666666666666668e-05,0.9600233333333268,0.0001077624999999,,0.4801079375000007,0.0001038988001778,0.5,31736
0.52,ascending,1.0,0.15,20,20,<2>par,15,0.86,-2.1129118125,0.2154700581395348,0.9540833333333264,0.000225,-0.953853333333328,0.954263333333326,-6.6666666666666616e-06,0.953764999999994,0.0001251166666666,,0.476996908333333,0.0001185514948349,0.5,32303
0.52,ascending,1.0,0.15,20,20,<2>par,15,0.87,-2.113858875,0.2173060344827586,0.9532749999999952,0.00034,-0.953066666666663,0.9532149999999948,-8.000000000000003e-05,0.9528299999999972,0.0001185874999999,,0.4765140374999998,0.0001221863051205,0.5,31905
0.52,ascending,1.0,0.15,20,20,<2>par,15,0.88,-2.1170895625000004,0.220508096590909,0.952696666666662,0.0002,-0.9524499999999946,0.9526449999999956,8.33333333333329e-06,0.9522749999999958,0.0001129374999999,,0.4762484541666671,0.000124118798345,0.5,31962
0.52,ascending,1.0,0.15,20,20,<2>par,15,0.89,-2.1185836875,0.2226699438202247,0.9536449999999944,0.0003066666666666,-0.9532749999999948,0.9533449999999952,0.0001,0.9530716666666612,0.0001148458333333,,0.4766981208333337,0.0001190150203265,0.5,31991
0.52,ascending,1.0,0.15,20,20,<2>par,15,0.9,-2.1205271875,0.2245774999999999,0.949835,0.0003183333333333,-0.9495549999999994,0.9496516666666648,-3.333333333333337e-06,0.9491516666666644,0.0001298541666666,,0.4747500041666666,0.000133400459458,0.5,32271
0.52,ascending,1.0,0.15,20,20,<2>par,15,0.91,-2.12184975,0.2272728021978021,0.9488266666666648,0.0003783333333333,-0.9486216666666648,0.9493366666666628,-4.666666666666668e-05,0.9485316666666632,0.0001320083333333,,0.4743742416666675,0.0001339029409643,0.5,32238
0.52,ascending,1.0,0.15,20,20,<2>par,15,0.92,-2.1257796875,0.2302172554347826,0.9461633333333266,0.0004216666666666,-0.9456616666666616,0.9462233333333284,-3.333333333333328e-06,0.9454616666666614,0.000141775,,0.4728564833333336,0.0001356531331776,0.5,32191
0.52,ascending,1.0,0.15,20,20,<2>par,15,0.93,-2.129773624999999,0.2322008064516129,0.9459766666666616,0.0004883333333333,-0.9458449999999968,0.9462216666666616,-9.000000000000005e-05,0.9455116666666636,0.0001374624999999,,0.4729219458333319,0.0001422227617462,0.5,32820
0.52,ascending,1.0,0.15,20,20,<2>par,15,0.9351,-2.128960375,0.2330733344027376,0.9435383333333318,0.0003866666666666,-0.943146666666666,0.943433333333334,-3e-05,0.9429183333333314,0.0001420666666666,,0.4715960416666676,0.0001479718458848,0.5,32603
0.52,ascending,1.0,0.15,20,20,<2>par,15,0.94,-2.130856,0.234976329787234,0.9447316666666644,0.0005449999999999,-0.94445,0.9446983333333352,1.6666666666666834e-06,0.9441150000000011,0.0001541208333333,,0.4722288041666668,0.0001408627173723,0.5,32324
0.52,ascending,1.0,0.15,20,20,<2>par,15,0.95,-2.13205025,0.2380567105263158,0.9437199999999982,0.0005066666666666,-0.9432199999999976,0.9439916666666652,3.3333333333333315e-05,0.9429399999999972,0.0001460541666666,,0.4716211041666661,0.0001466539165835,0.5,32909
0.52,ascending,1.0,0.15,20,20,<2>par,15,0.96,-2.1353058124999995,0.240126171875,0.9442716666666636,0.0004733333333333,-0.9439016666666626,0.944149999999997,3.166666666666666e-05,0.9436166666666636,0.00014975,,0.4719449416666673,0.0001470120755863,0.5,32452
0.52,ascending,1.0,0.15,20,20,<2>par,15,0.97,-2.1383196875,0.2420462628865979,0.9411966666666648,0.0004516666666666,-0.9406799999999954,0.9410783333333296,4.833333333333334e-05,0.9405249999999972,0.0001491041666666,,0.4703867875000007,0.0001513260643118,0.5,32405
0.52,ascending,1.0,0.15,20,20,<2>par,15,0.98,-2.139668125,0.2455678571428571,0.9405716666666688,0.0005816666666666,-0.9401366666666692,0.9405316666666697,1.500000000000001e-05,0.9400800000000024,0.0001572791666666,,0.4701315208333329,0.0001552720312675,0.5,32616
0.52,ascending,1.0,0.15,20,20,<2>par,15,0.99,-2.1404865,0.2475662878787878,0.9378816666666642,0.0007049999999999,-0.9371699999999982,0.93782,8.666666666666674e-05,0.9370416666666668,0.0001647666666666,,0.4686238416666666,0.0001619306725538,0.5,32951
0.52,ascending,1.0,0.15,20,20,<2>par,15,1.0,-2.1452631875,0.2501866249999999,0.9389649999999968,0.0005783333333333,-0.938389999999999,0.9389616666666644,-5.3333333333333326e-05,0.9380349999999994,0.0001707791666666,,0.4692155291666663,0.0001599596827726,0.5,32628
0.52,ascending,1.0,0.15,20,20,<2>par,15,1.01,-2.1471224375,0.2531267326732673,0.9362083333333352,0.0005733333333333,-0.9357483333333324,0.936563333333332,3.5000000000000004e-05,0.9354750000000008,0.000169325,,0.4678969666666662,0.0001616437016549,0.5,33150
0.52,ascending,1.0,0.15,20,20,<2>par,15,1.02,-2.1504335624999986,0.2562724264705882,0.9333583333333352,0.0007149999999999,-0.932738333333334,0.9331700000000018,-3.833333333333333e-05,0.9326066666666676,0.0001775999999999,,0.4664124583333342,0.0001735438063424,0.5,33048
0.52,ascending,1.0,0.15,20,20,<2>par,15,1.1,-2.170505125,0.2762540909090908,0.9243616666666712,0.0007883333333333,-0.9234566666666704,0.9238500000000016,0.0001933333333333,0.923158333333336,0.0002042416666666,,0.4617687083333333,0.0001950247917918,0.5,33588
0.52,ascending,1.0,0.15,20,20,<2>par,15,1.2,-2.201076625,0.3026544791666666,0.9102916666666736,0.0010449999999999,-0.9092100000000098,0.9102983333333408,0.000155,0.9085066666666743,0.0002356291666666,,0.4545688541666666,0.000238111185605,0.5,34320
0.52,ascending,1.0,0.15,20,20,<2>par,16,0.05,-2.019312375,0.0122499999999999,0.9998616666666644,0.0,-0.9998616666666644,0.9998616666666644,0.0,0.9998616666666644,3.458333333333336e-07,,0.4999311791666672,3.458333333333324e-07,0.5,27038
0.52,ascending,1.0,0.15,20,20,<2>par,16,0.1,-2.020841312499999,0.0246574999999999,0.9994299999999928,0.0,-0.9994299999999928,0.9994299999999928,0.0,0.9994299999999928,1.4249999999999978e-06,,0.4997164333333355,1.4436338998125012e-06,0.5,27197
0.52,ascending,1.0,0.15,20,20,<2>par,16,0.2,-2.024876375,0.049158125,0.9973349999999712,0.0,-0.9973316666666384,0.9973316666666384,0.0,0.9973349999999715,6.570833333333339e-06,,0.4986733291666714,6.813715816947898e-06,0.5,27913
0.52,ascending,1.0,0.15,20,20,<2>par,16,0.3,-2.0308835625,0.07486,0.9944433333332986,5e-06,-0.9944616666666318,0.9944433333332986,1.9999999999999995e-05,0.994451666666632,1.3524999999999722e-05,,0.4972397166666757,1.4152275186088236e-05,0.5,28655
0.52,ascending,1.0,0.15,20,20,<2>par,16,0.4,-2.0396863124999998,0.098848125,0.9903899999999652,3.3333333333333333e-06,-0.9903799999999648,0.9903733333332988,1.3333333333333332e-05,0.990358333333298,2.279999999999944e-05,,0.4951994750000068,2.459322431413508e-05,0.5,29183
0.52,ascending,1.0,0.15,20,20,<2>par,16,0.5,-2.0508559374999997,0.1232662499999999,0.9845433333333058,3.666666666666667e-05,-0.9844866666666392,0.9845166666666392,-3.5000000000000004e-05,0.984493333333306,3.799166666666552e-05,,0.4922808000000064,3.9838640064380126e-05,0.5,29741
0.52,ascending,1.0,0.15,20,20,<2>par,16,0.6,-2.065178125,0.1501185416666666,0.9783583333333136,6.500000000000002e-05,-0.9783399999999796,0.9783266666666464,1.833333333333333e-05,0.9782683333333136,5.418333333333132e-05,,0.48919406666667,5.450750122189572e-05,0.5,30389
0.52,ascending,1.0,0.15,20,20,<2>par,16,0.7,-2.0815665624999995,0.1749569642857142,0.9699749999999884,0.0001,-0.9698116666666544,0.969876666666655,-2.8333333333333352e-05,0.9696583333333222,7.968333333333064e-05,,0.4849305666666684,7.88088814840625e-05,0.5,30897
0.52,ascending,1.0,0.15,20,20,<2>par,16,0.8,-2.1007019375,0.1999751562499999,0.9603283333333252,0.0003233333333333,-0.959924999999991,0.9605233333333238,5.500000000000002e-05,0.959981666666657,0.0001029083333333,,0.4800454166666679,0.0001030106503944,0.5,31688
0.52,ascending,1.0,0.15,20,20,<2>par,16,0.86,-2.1108499375,0.2147725290697674,0.9531749999999974,0.0003616666666666,-0.9528699999999952,0.9530666666666632,7.500000000000003e-05,0.9527266666666628,0.0001162666666666,,0.4764939333333334,0.0001230951687218,0.5,32085
0.52,ascending,1.0,0.15,20,20,<2>par,16,0.87,-2.112938875,0.2175472701149425,0.9529349999999964,0.0002766666666666,-0.9525766666666632,0.953039999999996,5.1666666666666685e-05,0.952199999999997,0.0001244999999999,,0.4762564916666662,0.0001248468797623,0.5,31878
0.52,ascending,1.0,0.15,20,20,<2>par,16,0.88,-2.1171158125,0.220134659090909,0.9518966666666644,0.00032,-0.9514033333333308,0.951759999999997,2.4999999999999994e-05,0.9512416666666644,0.0001222333333333,,0.475780025000001,0.0001292418969791,0.5,32384
0.52,ascending,1.0,0.15,20,20,<2>par,16,0.89,-2.1190326874999994,0.2229907303370786,0.9503183333333288,0.0003133333333333,-0.950234999999994,0.9502316666666618,-3.833333333333334e-05,0.9500133333333278,0.0001306958333333,,0.4751160624999996,0.0001342790730313,0.5,32122
0.52,ascending,1.0,0.15,20,20,<2>par,16,0.9,-2.1202648749999997,0.22538625,0.9491133333333308,0.0003533333333333,-0.9488549999999992,0.9493583333333306,3.0000000000000014e-05,0.9488466666666644,0.0001287291666666,,0.4745400708333337,0.0001306562176497,0.5,32077
0.52,ascending,1.0,0.15,20,20,<2>par,16,0.91,-2.1241706875,0.2285940934065934,0.9466133333333292,0.0004816666666666,-0.9462049999999964,0.94672833333333,7.333333333333336e-05,0.9460733333333322,0.0001475208333333,,0.473144470833333,0.0001373813242251,0.5,32217
0.52,ascending,1.0,0.15,20,20,<2>par,16,0.92,-2.1247471875,0.2305198369565217,0.9475933333333284,0.0003799999999999,-0.9471933333333288,0.947436666666662,-0.0001166666666666,0.9470099999999956,0.00013295,,0.473625583333333,0.0001403670922471,0.5,32062
0.52,ascending,1.0,0.15,20,20,<2>par,16,0.93,-2.1267073125,0.2318348118279569,0.9457083333333314,0.0003816666666666,-0.9451383333333312,0.9454749999999984,8.333333333333342e-06,0.9449833333333322,0.0001373124999999,,0.4726335375000008,0.0001525713955909,0.5,32559
0.52,ascending,1.0,0.15,20,20,<2>par,16,0.9351,-2.1292243124999994,0.2344677039888781,0.9442566666666652,0.0005016666666666,-0.9438483333333328,0.9440549999999984,3.3333333333333465e-06,0.9436249999999976,0.0001421291666666,,0.4719429458333335,0.0001492587927914,0.5,32618
0.52,ascending,1.0,0.15,20,20,<2>par,16,0.94,-2.1303281874999995,0.2356639627659574,0.9439483333333296,0.0002266666666666,-0.9438366666666632,0.9441499999999978,-6.833333333333337e-05,0.9433683333333306,0.0001410249999999,,0.4718453499999998,0.0001480567947354,0.5,32422
0.52,ascending,1.0,0.15,20,20,<2>par,16,0.95,-2.1333341875,0.2376160526315789,0.9437133333333304,0.00028,-0.9434333333333318,0.9434816666666636,-6.000000000000004e-05,0.9429399999999988,0.0001477125,,0.4716933791666677,0.0001464303775409,0.5,32531
0.52,ascending,1.0,0.15,20,20,<2>par,16,0.96,-2.1350145624999994,0.2408796874999999,0.942361666666667,0.0004683333333333,-0.9421383333333336,0.9425949999999984,2.833333333333332e-05,0.9418366666666664,0.0001536124999999,,0.4710554541666661,0.0001516067060427,0.5,32885
0.52,ascending,1.0,0.15,20,20,<2>par,16,0.97,-2.137915999999999,0.243082087628866,0.9417999999999984,0.0004066666666666,-0.9412149999999968,0.9420333333333322,3.333333333333333e-05,0.9409783333333328,0.0001494749999999,,0.4706768249999994,0.0001523247967345,0.5,32550
0.52,ascending,1.0,0.15,20,20,<2>par,16,0.98,-2.139029999999999,0.2460183673469387,0.9416999999999996,0.0004683333333333,-0.9410366666666647,0.9417833333333318,-3.333333333333337e-06,0.940701666666666,0.000151075,,0.4705957583333339,0.0001513663925913,0.5,32710
0.52,ascending,1.0,0.15,20,20,<2>par,16,0.99,-2.1424272499999995,0.2484448232323232,0.9381516666666676,0.0005733333333333,-0.937708333333332,0.9380100000000005,-1.333333333333331e-05,0.9373899999999996,0.0001573,,0.4688964916666667,0.0001622906362324,0.5,32514
0.52,ascending,1.0,0.15,20,20,<2>par,16,1.0,-2.144088375,0.2512232499999999,0.938476666666668,0.0005649999999999,-0.9381049999999996,0.9383416666666684,4.666666666666667e-05,0.9377600000000004,0.0001558041666666,,0.4690686374999987,0.000162537959458,0.5,32701
0.52,ascending,1.0,0.15,20,20,<2>par,16,1.01,-2.145639625,0.2533813118811881,0.9364133333333352,0.0006549999999999,-0.9359966666666696,0.9364583333333374,-0.0001133333333333,0.9355633333333364,0.0001558291666666,,0.4679857375000003,0.0001639537521383,0.5,32962
0.52,ascending,1.0,0.15,20,20,<2>par,16,1.02,-2.14896175,0.2557982843137255,0.9343783333333358,0.0005599999999999,-0.9337200000000028,0.9344600000000016,-8.333333333333337e-05,0.9334016666666676,0.0001726499999999,,0.4669093166666678,0.0001753850584807,0.5,32725
0.52,ascending,1.0,0.15,20,20,<2>par,16,1.1,-2.1701008749999997,0.2760582954545454,0.9249750000000072,0.0007783333333333,-0.9244366666666726,0.9250600000000072,-9.999999999999984e-06,0.9239750000000084,0.0002095166666666,,0.4621579333333342,0.0001967620984117,0.5,33206
0.52,ascending,1.0,0.15,20,20,<2>par,16,1.2,-2.2000496249999992,0.3024820833333333,0.9091383333333416,0.0010766666666666,-0.9081300000000084,0.9093216666666764,-1.3333333333333352e-05,0.907565000000007,0.0002367541666666,,0.454005120833333,0.0002520986997119,0.5,34206
0.52,ascending,1.0,0.15,20,20,<2>par,17,0.05,-2.0204091874999994,0.0125499999999999,0.9997799999999964,0.0,-0.9997799999999964,0.9997799999999964,0.0,0.9997799999999964,5.333333333333324e-07,,0.4998905500000008,5.634836165729067e-07,0.5,27471
0.52,ascending,1.0,0.15,20,20,<2>par,17,0.1,-2.0214436249999994,0.0249687499999999,0.9993116666666576,0.0,-0.9993116666666576,0.9993116666666576,0.0,0.9993116666666576,1.8208333333333404e-06,,0.4996576625000024,1.73530056647915e-06,0.5,27526
0.52,ascending,1.0,0.15,20,20,<2>par,17,0.2,-2.02577325,0.0495456249999999,0.9976149999999768,5e-06,-0.9976149999999768,0.99761833333331,-1.6666666666666669e-06,0.9976216666666432,6.295833333333338e-06,,0.4988141375000062,5.9526638342708825e-06,0.5,27952
0.52,ascending,1.0,0.15,20,20,<2>par,17,0.3,-2.030143687499999,0.0742195833333333,0.9949283333333,1.6666666666666669e-06,-0.9949249999999666,0.9949299999999668,-1.6666666666666669e-06,0.9949283333333,1.3008333333333046e-05,,0.4974782666666748,1.2349425969104036e-05,0.5,28443
0.52,ascending,1.0,0.15,20,20,<2>par,17,0.4,-2.0390696875000005,0.0993924999999999,0.9903483333332994,8.333333333333334e-06,-0.9903299999999656,0.990406666666632,1.6666666666666664e-05,0.9903516666666328,2.7041666666665907e-05,,0.4951949500000091,2.400024514045799e-05,0.5,29022
0.52,ascending,1.0,0.15,20,20,<2>par,17,0.5,-2.0497693124999987,0.1246522499999999,0.9846633333333052,3.833333333333334e-05,-0.9846849999999722,0.9846916666666388,8.333333333333335e-06,0.9847016666666386,4.077083333333202e-05,,0.4923630541666715,3.923680339887475e-05,0.5,29751
0.52,ascending,1.0,0.15,20,20,<2>par,17,0.6,-2.0643371875,0.149291875,0.9780249999999834,6.000000000000002e-05,-0.9780133333333172,0.9781433333333158,-1.6666666666666673e-06,0.9779749999999832,5.687499999999804e-05,,0.4890560416666714,5.477619487945298e-05,0.5,30406
0.52,ascending,1.0,0.15,20,20,<2>par,17,0.7,-2.0819601249999997,0.1746753571428571,0.9697416666666524,0.00016,-0.9696066666666544,0.9697566666666532,-1.5000000000000004e-05,0.9696016666666524,7.597499999999742e-05,,0.4848530250000015,7.637987620787501e-05,0.5,30805
0.52,ascending,1.0,0.15,20,20,<2>par,17,0.8,-2.0995388749999995,0.1995057812499999,0.9593499999999904,0.0001516666666666,-0.9589866666666588,0.9594849999999912,6.666666666666668e-05,0.9589599999999914,0.0001039624999999,,0.4795801208333347,0.0001044951237921,0.5,31399
0.52,ascending,1.0,0.15,20,20,<2>par,17,0.86,-2.1132133750000004,0.2155912790697674,0.9543883333333274,0.0002266666666666,-0.9541116666666624,0.9543599999999944,1.833333333333332e-05,0.953994999999993,0.0001141916666666,,0.4771084666666667,0.0001179308031214,0.5,32020
0.52,ascending,1.0,0.15,20,20,<2>par,17,0.87,-2.113069875,0.2172122126436781,0.9518183333333298,0.0003783333333333,-0.951526666666663,0.9518849999999972,0.0001133333333333,0.9513049999999954,0.0001320458333333,,0.4757861708333339,0.0001284489178054,0.5,32161
0.52,ascending,1.0,0.15,20,20,<2>par,17,0.88,-2.116066374999999,0.2203089488636363,0.952589999999997,0.0002866666666666,-0.9526216666666626,0.9531266666666622,-8.16666666666667e-05,0.952281666666662,0.0001192916666666,,0.4762827916666666,0.0001141610957455,0.5,31938
0.52,ascending,1.0,0.15,20,20,<2>par,17,0.89,-2.117665374999999,0.2222391853932584,0.9505966666666616,0.0002766666666666,-0.9501733333333292,0.9505649999999964,-9.83333333333334e-05,0.9500483333333304,0.0001288874999999,,0.4751388041666669,0.0001278926164056,0.5,32206
0.52,ascending,1.0,0.15,20,20,<2>par,17,0.9,-2.1234528125,0.2246198611111111,0.9503699999999976,0.0003566666666666,-0.9501133333333294,0.9503116666666632,-3.666666666666663e-05,0.9497849999999962,0.0001388291666666,,0.4750670374999995,0.000129915125014,0.5,32424
0.52,ascending,1.0,0.15,20,20,<2>par,17,0.91,-2.124851874999999,0.2282645604395604,0.9480383333333274,0.0004166666666666,-0.947809999999995,0.9481083333333284,-7.16666666666667e-05,0.9476549999999938,0.0001339124999999,,0.4739945291666668,0.0001331182193714,0.5,32626
0.52,ascending,1.0,0.15,20,20,<2>par,17,0.92,-2.1257708125,0.2292807065217391,0.9473283333333304,0.0004749999999999,-0.9468316666666624,0.9471899999999944,4.499999999999999e-05,0.9466399999999956,0.0001379249999999,,0.473491025000001,0.0001364339492392,0.5,32348
0.52,ascending,1.0,0.15,20,20,<2>par,17,0.93,-2.1265817499999997,0.2321243279569892,0.945641666666666,0.0005416666666666,-0.9454483333333312,0.945639999999998,-7.333333333333336e-05,0.945121666666666,0.0001403333333333,,0.4726961000000002,0.0001489430530383,0.5,32372
0.52,ascending,1.0,0.15,20,20,<2>par,17,0.9351,-2.1285417499999992,0.2345791893915088,0.9449283333333288,0.0003733333333333,-0.9446349999999968,0.9452749999999948,9.999999999999996e-06,0.944454999999997,0.0001546041666666,,0.4723361291666667,0.0001462569191935,0.5,32617
0.52,ascending,1.0,0.15,20,20,<2>par,17,0.94,-2.1293921249999994,0.2347692819148936,0.9454366666666666,0.0004483333333333,-0.9452666666666651,0.9453516666666658,-3.500000000000003e-05,0.9449016666666676,0.0001384375,,0.4726065791666674,0.0001418902845165,0.5,32769
0.52,ascending,1.0,0.15,20,20,<2>par,17,0.95,-2.131724812499999,0.2376585526315789,0.9438116666666646,0.0003833333333333,-0.9437166666666648,0.9439799999999994,3.666666666666666e-05,0.9433116666666668,0.00014405,,0.4718533083333336,0.0001425659441853,0.5,32486
0.52,ascending,1.0,0.15,20,20,<2>par,17,0.96,-2.136706812499999,0.2413203125,0.9430799999999984,0.0004883333333333,-0.942911666666665,0.9428249999999986,-9.999999999999975e-06,0.9425133333333312,0.0001426291666666,,0.4714261625000002,0.0001481518427749,0.5,32438
0.52,ascending,1.0,0.15,20,20,<2>par,17,0.97,-2.138066875,0.2425351804123711,0.9419816666666656,0.0005099999999999,-0.9416600000000002,0.9422049999999984,6.333333333333333e-05,0.9413783333333332,0.0001444125,,0.4708231791666664,0.0001502214701767,0.5,32840
0.52,ascending,1.0,0.15,20,20,<2>par,17,0.98,-2.137930624999999,0.2456691326530612,0.939788333333332,0.0003633333333333,-0.9394283333333324,0.9397449999999998,0.000105,0.9392516666666656,0.0001467625,,0.4697129125000004,0.0001522484164723,0.5,32649
0.52,ascending,1.0,0.15,20,20,<2>par,17,0.99,-2.140973312499999,0.2480446969696969,0.9387716666666636,0.0005066666666666,-0.9383316666666658,0.9388733333333328,-6.833333333333336e-05,0.9380599999999992,0.000154675,,0.4691728083333337,0.0001531891124625,0.5,32758
0.52,ascending,1.0,0.15,20,20,<2>par,17,1.0,-2.1446731874999987,0.25075575,0.937030000000002,0.0007449999999999,-0.936783333333335,0.9370766666666684,-0.0001283333333333,0.9364083333333352,0.0001679166666666,,0.4682973833333322,0.0001728459570703,0.5,33013
0.52,ascending,1.0,0.15,20,20,<2>par,17,1.01,-2.148875125,0.2536221534653465,0.9364850000000008,0.0004966666666666,-0.9362833333333316,0.936358333333332,8.000000000000003e-05,0.9359316666666644,0.0001615125,,0.468081229166667,0.0001644103165613,0.5,32754
0.52,ascending,1.0,0.15,20,20,<2>par,17,1.02,-2.15032,0.2562890931372548,0.9318550000000017,0.0005999999999999,-0.9316283333333372,0.9321150000000028,-1.166666666666663e-05,0.9310083333333372,0.0001781708333333,,0.4656617541666658,0.0001839252543046,0.5,33377
0.52,ascending,1.0,0.15,20,20,<2>par,17,1.1,-2.1697230000000003,0.2763549999999999,0.9221466666666696,0.0010366666666666,-0.9212300000000032,0.9220650000000038,-0.0001166666666666,0.9208233333333372,0.0002184458333333,,0.4606005291666666,0.0002093544419088,0.5,33584
0.52,ascending,1.0,0.15,20,20,<2>par,17,1.2,-2.1985855625,0.3022672916666666,0.909848333333339,0.0010449999999999,-0.9088500000000068,0.9098383333333384,-8.16666666666667e-05,0.9081833333333416,0.0002445041666666,,0.4543149791666654,0.0002363466186271,0.5,34214
0.52,ascending,1.0,0.15,20,20,<2>par,18,0.05,-2.0215076874999998,0.0121575,0.9998333333333318,0.0,-0.9998333333333318,0.9998333333333318,0.0,0.9998333333333318,4.166666666666663e-07,,0.4999171000000008,4.166666666666699e-07,0.5,27337
0.52,ascending,1.0,0.15,20,20,<2>par,18,0.1,-2.0212361875,0.02456,0.9993999999999909,0.0,-0.999398333333324,0.999398333333324,0.0,0.999398333333324,1.6041666666666692e-06,,0.4997007458333353,1.5279508497187466e-06,0.5,27323
0.52,ascending,1.0,0.15,20,20,<2>par,18,0.2,-2.0256836875,0.0495793749999999,0.9979033333333072,0.0,-0.997904999999974,0.9979016666666408,0.0,0.9979033333333072,5.1958333333334176e-06,,0.4989566125000069,5.411803398875021e-06,0.5,27856
0.52,ascending,1.0,0.15,20,20,<2>par,18,0.3,-2.030180875,0.07381125,0.9941983333332972,1.1666666666666668e-05,-0.9941699999999638,0.9941666666666306,-5e-06,0.9941683333332972,1.434166666666635e-05,,0.4970999416666751,1.5199071198499688e-05,0.5,28987
0.52,ascending,1.0,0.15,20,20,<2>par,18,0.4,-2.038273999999999,0.0993249999999999,0.9903283333332982,5e-06,-0.990334999999965,0.9903349999999652,-8.333333333333334e-06,0.9903449999999652,2.3354166666666027e-05,,0.4951906875000074,2.446085365987983e-05,0.5,29148
0.52,ascending,1.0,0.15,20,20,<2>par,18,0.5,-2.0523023125,0.1242497499999999,0.9847616666666408,1.9999999999999995e-05,-0.9847616666666398,0.984809999999974,-1.6666666666666664e-05,0.9847316666666408,3.7683333333332085e-05,,0.49241185833334,3.933448139512467e-05,0.5,29695
0.52,ascending,1.0,0.15,20,20,<2>par,18,0.6,-2.064220999999999,0.1497454166666666,0.978591666666646,4.666666666666668e-05,-0.9785149999999796,0.9787216666666456,5e-06,0.9785149999999792,5.3837499999998e-05,,0.4893202625000025,5.212657058755196e-05,0.5,30323
0.52,ascending,1.0,0.15,20,20,<2>par,18,0.7,-2.0816728125,0.1743658928571428,0.9705366666666524,7.500000000000003e-05,-0.9704649999999851,0.9705099999999854,9.999999999999996e-06,0.9703799999999856,7.314166666666409e-05,,0.4852674583333353,7.193906259014074e-05,0.5,30733
0.52,ascending,1.0,0.15,20,20,<2>par,18,0.8,-2.0980166875,0.1990525,0.960516666666656,0.0001283333333333,-0.9603849999999888,0.9606566666666564,4.500000000000001e-05,0.9603099999999888,0.0001065333333333,,0.4802430583333345,0.0001017710994112,0.5,31484
0.52,ascending,1.0,0.15,20,20,<2>par,18,0.86,-2.1116288125,0.2148735465116278,0.9525916666666596,0.0003433333333333,-0.95251666666666,0.9527733333333258,2.1666666666666653e-05,0.9523183333333276,0.0001184499999999,,0.4762945666666666,0.0001230597844053,0.5,32074
0.52,ascending,1.0,0.15,20,20,<2>par,18,0.87,-2.113879999999999,0.2168843390804597,0.9526533333333272,0.0002783333333333,-0.9524966666666612,0.9527449999999936,2.0000000000000005e-05,0.952433333333326,0.0001242624999999,,0.4763051041666674,0.0001285805888038,0.5,32329
0.52,ascending,1.0,0.15,20,20,<2>par,18,0.88,-2.1157773124999992,0.2194267045454545,0.9529349999999946,0.0003483333333333,-0.9527299999999954,0.9526499999999948,5.1666666666666685e-05,0.9525233333333288,0.0001273083333333,,0.476396483333332,0.0001220422955126,0.5,31983
0.52,ascending,1.0,0.15,20,20,<2>par,18,0.89,-2.118866875,0.2225338483146067,0.9513433333333268,0.000325,-0.9510533333333268,0.95117166666666,-2.1666666666666667e-05,0.95091666666666,0.0001213958333333,,0.4755314874999982,0.000127317429135,0.5,32059
0.52,ascending,1.0,0.15,20,20,<2>par,18,0.9,-2.120527125,0.2250130555555555,0.9495516666666604,0.000315,-0.9491266666666628,0.949434999999996,-2.4999999999999988e-05,0.9489249999999962,0.0001338291666666,,0.4745838291666644,0.0001288531621125,0.5,32470
0.52,ascending,1.0,0.15,20,20,<2>par,18,0.91,-2.122809625,0.2280990384615384,0.9499766666666628,0.00034,-0.9497399999999954,0.9498666666666618,6.500000000000002e-05,0.9495616666666628,0.0001205416666666,,0.4749085833333341,0.0001285802469733,0.5,31947
0.52,ascending,1.0,0.15,20,20,<2>par,18,0.92,-2.1245021875,0.2308895380434782,0.9467883333333316,0.0004966666666666,-0.9464716666666636,0.9466849999999972,-4.6666666666666685e-05,0.9462849999999976,0.0001430708333333,,0.4732556458333344,0.000138957302899,0.5,32580
0.52,ascending,1.0,0.15,20,20,<2>par,18,0.93,-2.12853075,0.2328979838709677,0.9448099999999988,0.0004799999999999,-0.9444499999999988,0.9445449999999987,3.666666666666666e-05,0.9441116666666668,0.0001472208333333,,0.472216804166667,0.0001548805739758,0.5,32378
0.52,ascending,1.0,0.15,20,20,<2>par,18,0.9351,-2.1283045000000005,0.2333974975938402,0.9455116666666652,0.00022,-0.945448333333332,0.9456949999999972,-0.0001116666666666,0.945214999999998,0.0001425874999999,,0.4727130291666664,0.0001384370694768,0.5,32309
0.52,ascending,1.0,0.15,20,20,<2>par,18,0.94,-2.1297751874999995,0.2362954787234042,0.9446666666666634,0.0003549999999999,-0.9442483333333324,0.9445933333333324,4.166666666666667e-05,0.9440183333333312,0.0001330583333333,,0.4721452250000005,0.0001448578171722,0.5,32476
0.52,ascending,1.0,0.15,20,20,<2>par,18,0.95,-2.133265,0.2389284210526316,0.9432916666666666,0.0004533333333333,-0.943063333333333,0.943113333333333,1.833333333333333e-05,0.9426416666666664,0.0001465916666666,,0.4714566333333326,0.0001496925775854,0.5,32220
0.52,ascending,1.0,0.15,20,20,<2>par,18,0.96,-2.135810375,0.23988515625,0.9410683333333322,0.0005016666666666,-0.9407099999999976,0.940983333333332,0.0001266666666666,0.9403616666666642,0.00015975,,0.4703529416666673,0.0001549416069089,0.5,32705
0.52,ascending,1.0,0.15,20,20,<2>par,18,0.97,-2.1362259999999997,0.2419270618556701,0.9413449999999992,0.0004533333333333,-0.941039999999999,0.9409933333333316,-8.333333333333329e-06,0.940636666666667,0.0001568,,0.4704980083333338,0.0001455134097519,0.5,32688
0.52,ascending,1.0,0.15,20,20,<2>par,18,0.98,-2.1403078749999995,0.2455224489795918,0.938833333333332,0.0005533333333333,-0.938201666666666,0.9387916666666672,-0.0001083333333333,0.9381266666666652,0.0001711791666666,,0.4691531125000011,0.0001613554532935,0.5,32659
0.52,ascending,1.0,0.15,20,20,<2>par,18,0.99,-2.141981999999999,0.2480787878787878,0.9370383333333347,0.0005249999999999,-0.93652,0.9372450000000004,8.500000000000003e-05,0.9362166666666686,0.0001596708333333,,0.4682895625000005,0.0001733497270914,0.5,32627
0.52,ascending,1.0,0.15,20,20,<2>par,18,1.0,-2.142857687499999,0.2506276249999999,0.9367749999999982,0.0005083333333333,-0.9361083333333312,0.9366799999999992,-8.166666666666674e-05,0.9358233333333328,0.0001714833333333,,0.4681131333333332,0.0001564361714981,0.5,32780
0.52,ascending,1.0,0.15,20,20,<2>par,18,1.01,-2.14710275,0.2537293316831683,0.9345133333333334,0.0006433333333333,-0.9343133333333322,0.934758333333334,-9.500000000000005e-05,0.9341066666666664,0.0001790208333333,,0.4671557958333343,0.0001681001176275,0.5,32870
0.52,ascending,1.0,0.15,20,20,<2>par,18,1.02,-2.149711437499999,0.2561030637254901,0.9364300000000034,0.0006266666666666,-0.9359083333333342,0.9363266666666696,-0.0001066666666666,0.935605000000003,0.0001731499999999,,0.467983916666669,0.0001759516364547,0.5,32906
0.52,ascending,1.0,0.15,20,20,<2>par,18,1.1,-2.1710826875,0.2766512499999999,0.9230916666666698,0.0007499999999999,-0.9224216666666694,0.9232783333333354,3.499999999999999e-05,0.922235000000003,0.0001975208333333,,0.4612526958333349,0.0001913090059422,0.5,33458
0.52,ascending,1.0,0.15,20,20,<2>par,18,1.2,-2.19968525,0.3024353125,0.9100833333333422,0.0013083333333333,-0.9090366666666768,0.910266666666677,7.5e-05,0.9084666666666756,0.0002389749999999,,0.4544787416666681,0.0002378812934023,0.5,34293
0.52,ascending,1.0,0.15,20,20,<2>par,19,0.05,-2.020069375,0.0120474999999999,0.9997933333333308,0.0,-0.9997933333333308,0.9997933333333308,0.0,0.9997933333333308,4.999999999999992e-07,,0.4998972166666683,5.000000000000063e-07,0.5,26936
0.52,ascending,1.0,0.15,20,20,<2>par,19,0.1,-2.022216249999999,0.02537,0.9993716666666572,0.0,-0.9993716666666572,0.9993716666666572,0.0,0.9993716666666572,1.5625000000000011e-06,,0.4996874041666693,1.5868920915260289e-06,0.5,27340
0.52,ascending,1.0,0.15,20,20,<2>par,19,0.2,-2.0251907499999997,0.0494387499999999,0.9974949999999732,0.0,-0.9974949999999732,0.9975083333333064,0.0,0.9974949999999732,6.387499999999999e-06,,0.4987542791666731,6.2049180828646206e-06,0.5,28337
0.52,ascending,1.0,0.15,20,20,<2>par,19,0.3,-2.031800687499999,0.0747820833333333,0.9947433333332972,1.5e-05,-0.994698333333298,0.9947116666666312,1.6666666666666669e-06,0.9947116666666308,1.4079166666666367e-05,,0.4973637875000103,1.3266987559692446e-05,0.5,28531
0.52,ascending,1.0,0.15,20,20,<2>par,19,0.4,-2.040488624999999,0.0983343749999999,0.989899999999963,1.6666666666666669e-06,-0.9898599999999624,0.9898466666666292,3.3333333333333337e-06,0.9898449999999628,2.521666666666593e-05,,0.4949533250000074,2.602896834386939e-05,0.5,28803
0.52,ascending,1.0,0.15,20,20,<2>par,19,0.5,-2.0506845624999994,0.1247499999999999,0.9838199999999744,2.6666666666666667e-05,-0.9837983333333074,0.9838233333333076,-1.6666666666666664e-05,0.9838083333333072,3.9824999999998725e-05,,0.491933983333339,4.159415311563523e-05,0.5,29825
0.52,ascending,1.0,0.15,20,20,<2>par,19,0.6,-2.0656793125000004,0.1486591666666666,0.9790066666666468,1.3333333333333332e-05,-0.979008333333314,0.9791149999999802,2.4999999999999994e-05,0.9789916666666478,5.170416666666485e-05,,0.4895286125000037,5.313415250468728e-05,0.5,30523
0.52,ascending,1.0,0.15,20,20,<2>par,19,0.7,-2.081790749999999,0.1738714285714285,0.969716666666653,4.166666666666667e-05,-0.9696449999999852,0.969703333333319,4.999999999999995e-06,0.9695083333333188,7.2933333333331e-05,,0.4848477166666681,7.93224279131195e-05,0.5,30935
0.52,ascending,1.0,0.15,20,20,<2>par,19,0.8,-2.1002408125,0.2001557812499999,0.9600149999999928,0.000125,-0.959826666666662,0.9599583333333276,-2.333333333333333e-05,0.9597366666666608,9.933749999999846e-05,,0.4799406541666675,0.0001081840120517,0.5,31876
0.52,ascending,1.0,0.15,20,20,<2>par,19,0.86,-2.1116608125,0.2142008720930232,0.9536066666666608,0.000245,-0.953601666666659,0.9537216666666622,3.333333333333333e-05,0.953146666666661,0.0001125958333333,,0.4767298125000004,0.0001202056356214,0.5,31800
0.52,ascending,1.0,0.15,20,20,<2>par,19,0.87,-2.1139103125,0.217389224137931,0.952638333333332,0.0003,-0.952581666666666,0.9527949999999972,-0.00012,0.9523233333333304,0.0001249041666666,,0.4762809125000002,0.0001215423743199,0.5,31617
0.52,ascending,1.0,0.15,20,20,<2>par,19,0.88,-2.1177323125,0.2197328124999999,0.9519216666666624,0.0003816666666666,-0.951613333333329,0.9518383333333302,2.8333333333333346e-05,0.9515399999999962,0.0001236625,,0.4758355208333327,0.0001285277685217,0.5,31977
0.52,ascending,1.0,0.15,20,20,<2>par,19,0.89,-2.11807075,0.2233405898876404,0.9489216666666636,0.0004899999999999,-0.9486299999999992,0.9490033333333308,6.666666666666668e-05,0.9483899999999974,0.0001378666666666,,0.4743733333333336,0.0001336535488728,0.5,31870
0.52,ascending,1.0,0.15,20,20,<2>par,19,0.9,-2.1212765,0.2251806944444444,0.94793833333333,0.0003599999999999,-0.9477033333333305,0.948061666666664,-3.0000000000000004e-05,0.9475216666666648,0.0001322708333333,,0.4738789541666674,0.0001320478972565,0.5,32186
0.52,ascending,1.0,0.15,20,20,<2>par,19,0.91,-2.124228687499999,0.2281251373626373,0.9492416666666644,0.0003583333333333,-0.9491966666666636,0.949486666666664,-2.333333333333333e-05,0.9489683333333316,0.0001371916666666,,0.4745625666666664,0.000126922693991,0.5,32013
0.52,ascending,1.0,0.15,20,20,<2>par,19,0.92,-2.1240761875,0.2307107336956521,0.9456599999999958,0.0004899999999999,-0.9453916666666632,0.9458516666666636,3e-05,0.9450533333333304,0.0001378208333333,,0.4726433791666673,0.0001452140926918,0.5,32354
0.52,ascending,1.0,0.15,20,20,<2>par,19,0.93,-2.128511874999999,0.2324037634408602,0.944891666666666,0.0004266666666666,-0.9444883333333308,0.9447333333333316,-7.500000000000002e-05,0.944326666666664,0.0001331666666666,,0.4722981916666657,0.0001451481842719,0.5,32341
0.52,ascending,1.0,0.15,20,20,<2>par,19,0.9351,-2.1288879999999994,0.2342364452999678,0.945546666666664,0.0004849999999999,-0.9452716666666636,0.9456483333333298,7.500000000000005e-05,0.945138333333331,0.0001447625,,0.4727341791666657,0.0001336044506273,0.5,32688
0.52,ascending,1.0,0.15,20,20,<2>par,19,0.94,-2.128843875,0.2351289893617021,0.9438999999999996,0.0005516666666666,-0.9435399999999998,0.944006666666668,6.666666666666664e-06,0.9431483333333346,0.000146125,,0.4717478083333318,0.0001542251576146,0.5,32418
0.52,ascending,1.0,0.15,20,20,<2>par,19,0.95,-2.1315345000000003,0.2378768421052631,0.9431533333333332,0.0006116666666666,-0.9427066666666672,0.943151666666666,9.830099697201906e-21,0.9425916666666664,0.0001488291666666,,0.4714184791666667,0.000154555193325,0.5,32579
0.52,ascending,1.0,0.15,20,20,<2>par,19,0.96,-2.134450062499999,0.239933984375,0.9444600000000004,0.0004366666666666,-0.9440533333333332,0.9447250000000006,4.000000000000002e-05,0.9438433333333348,0.0001447124999999,,0.4720767208333329,0.0001469707895704,0.5,32795
0.52,ascending,1.0,0.15,20,20,<2>par,19,0.97,-2.137733374999999,0.2432387886597938,0.9414733333333326,0.0004299999999999,-0.94125,0.9415316666666648,4.500000000000001e-05,0.940978333333332,0.0001565541666666,,0.4706406291666676,0.0001572782569147,0.5,32663
0.52,ascending,1.0,0.15,20,20,<2>par,19,0.98,-2.1357364375,0.2458845663265305,0.9397183333333344,0.0004449999999999,-0.9394650000000024,0.9397683333333336,1.6666666666666715e-06,0.9392316666666688,0.0001553458333333,,0.4697480791666683,0.000157432527102,0.5,32396
0.52,ascending,1.0,0.15,20,20,<2>par,19,0.99,-2.143597,0.2475329545454545,0.9372300000000005,0.0008083333333333,-0.9365850000000008,0.9368233333333345,0.0001633333333333,0.9364400000000008,0.0001590583333333,,0.4683506999999998,0.0001654112095972,0.5,32690
0.52,ascending,1.0,0.15,20,20,<2>par,19,1.0,-2.1440595625000003,0.251223875,0.9393100000000008,0.0003699999999999,-0.9390066666666664,0.9394566666666662,-7.16666666666667e-05,0.9384533333333328,0.0001535749999999,,0.4694323833333347,0.0001561919376872,0.5,32750
0.52,ascending,1.0,0.15,20,20,<2>par,19,1.01,-2.1473098749999995,0.2529355198019801,0.9361683333333352,0.0006783333333333,-0.9357750000000032,0.9361716666666684,6.166666666666668e-05,0.9352116666666688,0.0001704041666666,,0.4678532624999995,0.0001750870736983,0.5,32876
0.52,ascending,1.0,0.15,20,20,<2>par,19,1.02,-2.1507255,0.2552658088235293,0.9364050000000036,0.0005866666666666,-0.9356150000000052,0.9364733333333384,-0.0001083333333333,0.9355200000000048,0.0001686666666666,,0.4679104750000008,0.0001662711363436,0.5,33070
0.52,ascending,1.0,0.15,20,20,<2>par,19,1.1,-2.169948562499999,0.2760476136363636,0.9248683333333384,0.0009199999999999,-0.9242550000000054,0.9252716666666696,0.0001533333333333,0.9240366666666716,0.0002083041666666,,0.4620595208333343,0.0001945986277352,0.5,34013
0.52,ascending,1.0,0.15,20,20,<2>par,19,1.2,-2.2007146875,0.3033469791666666,0.9097866666666732,0.0010549999999999,-0.9087383333333392,0.9095316666666744,0.00019,0.9079883333333382,0.0002437541666666,,0.4542409374999999,0.0002518408935918,0.5,34225
0.52,ascending,1.0,0.15,20,20,<2>par,20,0.05,-2.0200911249999995,0.0126874999999999,0.9998249999999969,0.0,-0.9998249999999969,0.9998249999999969,0.0,0.9998249999999969,4.374999999999997e-07,,0.4999129375000004,4.375000000000053e-07,0.5,27295
0.52,ascending,1.0,0.15,20,20,<2>par,20,0.1,-2.021335499999999,0.0244362499999999,0.9992966666666592,0.0,-0.9993116666666588,0.9992966666666592,0.0,0.9992966666666592,1.6750000000000054e-06,,0.4996501916666696,1.7769672331458236e-06,0.5,27494
0.52,ascending,1.0,0.15,20,20,<2>par,20,0.2,-2.0252461875,0.050348125,0.9977566666666426,0.0,-0.9977566666666426,0.997759999999976,0.0,0.9977633333333096,5.49166666666671e-06,,0.4988845416666724,5.6818853160104095e-06,0.5,28137
0.52,ascending,1.0,0.15,20,20,<2>par,20,0.3,-2.0303144375,0.0748929166666666,0.9943949999999632,-1.6666666666666669e-06,-0.9943899999999634,0.9943899999999632,3.333333333333333e-06,0.9943883333332963,1.3624999999999704e-05,,0.4972113083333412,1.3357527102062362e-05,0.5,28350
0.52,ascending,1.0,0.15,20,20,<2>par,20,0.4,-2.0380045,0.0987415624999999,0.9904033333332976,5e-06,-0.9903783333332976,0.9903449999999646,6.666666666666668e-06,0.990358333333298,2.386249999999936e-05,,0.4952019791666749,2.5446229978926704e-05,0.5,29112
0.52,ascending,1.0,0.15,20,20,<2>par,20,0.5,-2.0495814375,0.1233407499999999,0.9844316666666428,6.500000000000002e-05,-0.984334999999976,0.9844166666666424,5.782411586589358e-22,0.984334999999976,3.772499999999877e-05,,0.4922178916666734,3.97745017216715e-05,0.5,29907
0.52,ascending,1.0,0.15,20,20,<2>par,20,0.6,-2.064939875,0.149135625,0.9769999999999802,7.16666666666667e-05,-0.9768916666666476,0.9768699999999808,1.3333333333333332e-05,0.976774999999981,5.781666666666444e-05,,0.4884538250000024,6.028607292017198e-05,0.5,30357
0.52,ascending,1.0,0.15,20,20,<2>par,20,0.7,-2.0811923125,0.1750548214285714,0.9687366666666544,0.00017,-0.9686683333333218,0.9688233333333216,-4.333333333333334e-05,0.9685349999999876,7.727499999999734e-05,,0.4843452833333352,7.799640736422923e-05,0.5,30966
0.52,ascending,1.0,0.15,20,20,<2>par,20,0.8,-2.0985365625,0.2004526562499999,0.960803333333324,0.0002266666666666,-0.9606916666666564,0.9608183333333238,1.6666666666666944e-06,0.9605233333333232,0.0001039208333333,,0.4803958875000005,9.787980845271875e-05,0.5,31681
0.52,ascending,1.0,0.15,20,20,<2>par,20,0.86,-2.1124081249999995,0.2154109011627906,0.9527816666666628,0.0002716666666666,-0.9526933333333292,0.9527816666666624,-0.00013,0.9523033333333296,0.0001225041666666,,0.4763463375000015,0.0001247263205044,0.5,31899
0.52,ascending,1.0,0.15,20,20,<2>par,20,0.87,-2.115940375,0.2186283045977011,0.9538866666666614,0.0002516666666666,-0.9535849999999954,0.9537133333333284,4.833333333333335e-05,0.9534083333333276,0.0001152249999999,,0.476849891666667,0.0001157583123958,0.5,31810
0.52,ascending,1.0,0.15,20,20,<2>par,20,0.88,-2.1181521875,0.2201427556818181,0.95248333333333,0.00024,-0.9521799999999964,0.9523399999999967,-9.666666666666672e-05,0.9519799999999976,0.0001224416666666,,0.4761225666666671,0.0001248166019662,0.5,31998
0.52,ascending,1.0,0.15,20,20,<2>par,20,0.89,-2.118411625,0.2232705056179774,0.9501133333333296,0.0004333333333333,-0.9498599999999968,0.9502616666666625,1.5000000000000012e-05,0.9495833333333284,0.0001310374999999,,0.4749163041666676,0.000128754036099,0.5,31861
0.52,ascending,1.0,0.15,20,20,<2>par,20,0.9,-2.1211958125,0.2253805555555555,0.9496216666666608,0.0002316666666666,-0.949269999999996,0.9496133333333276,-2.8333333333333332e-05,0.9491166666666624,0.0001341416666666,,0.4747411666666656,0.0001300194142509,0.5,32276
0.52,ascending,1.0,0.15,20,20,<2>par,20,0.91,-2.1235839375,0.2282657967032966,0.9472249999999984,0.0003233333333333,-0.9466749999999962,0.9472933333333304,-7.16666666666667e-05,0.9466183333333292,0.0001376249999999,,0.4733900499999999,0.0001402331041876,0.5,32272
0.52,ascending,1.0,0.15,20,20,<2>par,20,0.92,-2.1255784375,0.2305104619565217,0.9475283333333328,0.0005349999999999,-0.9473866666666676,0.9477433333333328,-0.0001183333333333,0.9471916666666664,0.0001345416666666,,0.4737309916666654,0.0001387602438634,0.5,32315
0.52,ascending,1.0,0.15,20,20,<2>par,20,0.93,-2.1259613125,0.2334592741935483,0.9448783333333336,0.0003133333333333,-0.9445066666666658,0.9446366666666658,8.833333333333337e-05,0.9443316666666663,0.0001440333333333,,0.4722733499999998,0.0001492731115741,0.5,32315
0.52,ascending,1.0,0.15,20,20,<2>par,20,0.9351,-2.1297314375,0.2339851352796492,0.9462016666666636,0.0004533333333333,-0.9460733333333312,0.946481666666665,7.333333333333336e-05,0.945788333333332,0.0001313291666666,,0.4730568041666658,0.0001417063013997,0.5,32336
0.52,ascending,1.0,0.15,20,20,<2>par,20,0.94,-2.1294290625,0.234276329787234,0.9458983333333322,0.0005816666666666,-0.945374999999998,0.9457799999999982,-2.1666666666666657e-05,0.9451883333333312,0.0001435749999999,,0.4727630666666658,0.0001455261221816,0.5,32713
0.52,ascending,1.0,0.15,20,20,<2>par,20,0.95,-2.130517,0.2379547368421053,0.9435533333333316,0.0005116666666666,-0.9432483333333328,0.9435016666666656,8.333333333333352e-06,0.9430583333333328,0.0001492291666666,,0.4716663374999997,0.0001465104021992,0.5,32521
0.52,ascending,1.0,0.15,20,20,<2>par,20,0.96,-2.133179375,0.2408227864583333,0.9423183333333324,0.0004966666666666,-0.9419716666666668,0.9425766666666652,-0.0001483333333333,0.9417433333333332,0.0001417333333333,,0.4710390749999998,0.0001478148928136,0.5,32785
0.52,ascending,1.0,0.15,20,20,<2>par,20,0.97,-2.1376210625,0.2437487113402062,0.9406533333333326,0.00034,-0.940293333333332,0.9406516666666644,3.500000000000003e-05,0.9401849999999984,0.0001486874999999,,0.4701951375000001,0.000154241353771,0.5,32406
0.52,ascending,1.0,0.15,20,20,<2>par,20,0.98,-2.1397758124999995,0.2461656887755101,0.9371750000000012,0.0005683333333333,-0.9368133333333368,0.9370300000000024,-1.6666666666666698e-05,0.9366516666666704,0.00016185,,0.4684663166666677,0.0001665390976345,0.5,33117
0.52,ascending,1.0,0.15,20,20,<2>par,20,0.99,-2.1424915625,0.2488199494949494,0.9390033333333336,0.0005783333333333,-0.9383383333333332,0.9387733333333312,0.0001083333333333,0.9382683333333334,0.000160325,,0.4692391666666654,0.0001654159521827,0.5,32678
0.52,ascending,1.0,0.15,20,20,<2>par,20,1.0,-2.1438161249999994,0.2506352499999999,0.9384333333333346,0.0006133333333333,-0.938005,0.9383866666666696,0.0001266666666666,0.9379366666666668,0.0001580916666666,,0.4690445583333332,0.0001672463087862,0.5,33240
0.52,ascending,1.0,0.15,20,20,<2>par,20,1.01,-2.147122874999999,0.2534084158415841,0.9369899999999994,0.0004099999999999,-0.9364649999999992,0.9369766666666648,0.00012,0.93624,0.0001661166666666,,0.4682823166666675,0.0001659997289793,0.5,32987
0.52,ascending,1.0,0.15,20,20,<2>par,20,1.02,-2.1500395,0.2566078431372549,0.9328566666666712,0.0006066666666666,-0.9321300000000032,0.932548333333336,-1.499999999999998e-05,0.9319850000000034,0.0001643208333333,,0.4661801791666676,0.0001787047178721,0.5,33130
0.52,ascending,1.0,0.15,20,20,<2>par,20,1.1,-2.1688654375,0.2769418181818182,0.92244833333334,0.0008533333333333,-0.9215900000000056,0.922026666666671,1.6666666666666626e-06,0.9210300000000048,0.0002048666666666,,0.4607424416666666,0.0002197601532828,0.5,33719
0.52,ascending,1.0,0.15,20,20,<2>par,20,1.2,-2.2009265625,0.303664375,0.9095766666666744,0.0011733333333333,-0.9084250000000093,0.9096266666666724,-1.4999999999999983e-05,0.9079483333333428,0.0002440333333333,,0.4542078000000008,0.0002386953559925,0.5,34314
0.52,ascending,1.0,0.15,20,20,<2>par,21,0.05,-2.0198205625,0.0119724999999999,0.9998999999999988,0.0,-0.9998999999999988,0.9998999999999988,0.0,0.9998999999999988,2.500000000000001e-07,,0.4999502500000002,2.499999999999982e-07,0.5,27166
0.52,ascending,1.0,0.15,20,20,<2>par,21,0.1,-2.0215075,0.02447,0.9992766666666582,0.0,-0.9992766666666582,0.9992766666666582,0.0,0.9992766666666582,1.7750000000000042e-06,,0.4996402250000025,1.8769672331458265e-06,0.5,27409
0.52,ascending,1.0,0.15,20,20,<2>par,21,0.2,-2.025711625,0.0492393749999999,0.997778333333308,0.0,-0.997776666666641,0.9977749999999744,-5e-06,0.9977749999999744,5.3458333333333975e-06,,0.4988937958333411,5.3324384094115215e-06,0.5,27952
0.52,ascending,1.0,0.15,20,20,<2>par,21,0.3,-2.0308385625,0.0752383333333333,0.9939249999999596,-3.3333333333333337e-06,-0.9939266666666264,0.9938966666666263,-1.6666666666666669e-06,0.9939049999999596,1.4908333333333004e-05,,0.4969649083333418,1.5694761024109076e-05,0.5,28748
0.52,ascending,1.0,0.15,20,20,<2>par,21,0.4,-2.0416790625,0.0992893749999999,0.9903599999999644,-1.6666666666666673e-06,-0.9903783333332976,0.9903866666666312,-1.666666666666666e-06,0.990356666666631,2.4283333333332695e-05,,0.4952063416666745,2.448202882373401e-05,0.5,28982
0.52,ascending,1.0,0.15,20,20,<2>par,21,0.5,-2.05069475,0.1245992499999999,0.9842616666666396,3.333333333333334e-05,-0.9841766666666394,0.9841766666666402,3.3333333333333337e-06,0.9841649999999732,3.751666666666537e-05,,0.492119425000004,4.1374467844093504e-05,0.5,29511
0.52,ascending,1.0,0.15,20,20,<2>par,21,0.6,-2.0644905625,0.149189375,0.9785749999999788,0.0001183333333333,-0.9784716666666448,0.9786183333333116,-1.3333333333333332e-05,0.9784449999999786,5.1237499999998e-05,,0.4892823541666705,5.5335710152156174e-05,0.5,30419
0.52,ascending,1.0,0.15,20,20,<2>par,21,0.7,-2.080557749999999,0.1746710714285714,0.9697699999999846,0.0001716666666666,-0.9695499999999844,0.9695799999999846,2.333333333333333e-05,0.969556666666652,8.22749999999973e-05,,0.4848205250000031,7.946685204938004e-05,0.5,31083
0.52,ascending,1.0,0.15,20,20,<2>par,21,0.8,-2.098424,0.1993309374999999,0.9600516666666584,0.000195,-0.9598566666666594,0.959869999999992,-1e-05,0.9596899999999912,0.0001064749999999,,0.479951016666667,0.0001022242645786,0.5,31865
0.52,ascending,1.0,0.15,20,20,<2>par,21,0.86,-2.11149275,0.2154325581395348,0.9529266666666618,0.0004133333333333,-0.9527799999999956,0.9530549999999952,3.5000000000000004e-05,0.9524999999999956,0.0001231958333333,,0.4764121375000005,0.0001163906381203,0.5,32127
0.52,ascending,1.0,0.15,20,20,<2>par,21,0.87,-2.1147396874999997,0.2171188218390804,0.9525616666666624,0.00033,-0.9523033333333284,0.9525766666666612,-8.666666666666671e-05,0.9521983333333284,0.0001224916666666,,0.4761732500000009,0.0001269265995224,0.5,31731
0.52,ascending,1.0,0.15,20,20,<2>par,21,0.88,-2.1180371875,0.2203427556818181,0.951809999999997,0.0003616666666666,-0.95157833333333,0.951826666666664,-5.66666666666667e-05,0.951259999999998,0.0001179416666666,,0.4757945916666661,0.0001248849069756,0.5,32065
0.52,ascending,1.0,0.15,20,20,<2>par,21,0.89,-2.1176324375,0.2230467696629213,0.9512899999999967,0.0003466666666666,-0.9509049999999966,0.9511333333333314,5.782411586589358e-22,0.9507366666666642,0.0001268583333333,,0.4755050166666667,0.0001197391562254,0.5,32401
0.52,ascending,1.0,0.15,20,20,<2>par,21,0.9,-2.1201685,0.2254327777777778,0.9497366666666618,0.0003033333333333,-0.9493799999999952,0.9495366666666608,8.333333333333342e-06,0.9491266666666626,0.0001246083333333,,0.4747368000000004,0.0001324661634456,0.5,32509
0.52,ascending,1.0,0.15,20,20,<2>par,21,0.91,-2.1227086875,0.22702239010989,0.9491533333333332,0.0004666666666666,-0.9491083333333294,0.9492649999999968,-1.6666666666666715e-06,0.9486949999999968,0.0001256541666666,,0.4745097958333316,0.0001311617097635,0.5,32430
0.52,ascending,1.0,0.15,20,20,<2>par,21,0.92,-2.1236076874999994,0.2303173913043478,0.9461899999999984,0.0004649999999999,-0.9459916666666645,0.9462516666666646,6.333333333333337e-05,0.9457399999999968,0.0001441958333333,,0.473013945833333,0.0001432028861493,0.5,32246
0.52,ascending,1.0,0.15,20,20,<2>par,21,0.93,-2.1255655625,0.2327306451612903,0.9457399999999986,0.0004416666666666,-0.9454399999999988,0.9455983333333304,-2.33333333333333e-05,0.9450383333333318,0.0001424291666666,,0.4726929541666675,0.0001421247110966,0.5,32251
0.52,ascending,1.0,0.15,20,20,<2>par,21,0.9351,-2.1275240625000005,0.2338816704095818,0.9447849999999972,0.0003499999999999,-0.9446066666666626,0.944901666666662,-7.16666666666667e-05,0.9442316666666624,0.0001428708333333,,0.4722809791666676,0.0001506110839723,0.5,32565
0.52,ascending,1.0,0.15,20,20,<2>par,21,0.94,-2.1278836875,0.2351079787234042,0.9443633333333312,0.0005083333333333,-0.944041666666666,0.9442716666666652,-8.666666666666671e-05,0.9438633333333326,0.0001452708333333,,0.4720099125000013,0.000149604761635,0.5,32526
0.52,ascending,1.0,0.15,20,20,<2>par,21,0.95,-2.132440499999999,0.2368642105263158,0.9444899999999984,0.0003933333333333,-0.943926666666665,0.9440566666666648,-5.1666666666666685e-05,0.9437233333333308,0.0001486166666666,,0.4719891500000005,0.0001453265108298,0.5,32390
0.52,ascending,1.0,0.15,20,20,<2>par,21,0.96,-2.1360235625,0.2407570312499999,0.9424049999999996,0.0003983333333333,-0.9421566666666652,0.9427133333333324,2.500000000000001e-05,0.9419583333333325,0.0001494333333333,,0.4710780583333333,0.0001475901638342,0.5,32654
0.52,ascending,1.0,0.15,20,20,<2>par,21,0.97,-2.138368062499999,0.2439457474226804,0.9415433333333316,0.0005933333333333,-0.9413183333333318,0.9415066666666656,6.000000000000005e-05,0.941048333333334,0.000154075,,0.4706288416666666,0.0001540331928803,0.5,32921
0.52,ascending,1.0,0.15,20,20,<2>par,21,0.98,-2.1387867499999995,0.2453227040816326,0.939501666666666,0.0005099999999999,-0.9390549999999984,0.9394916666666644,-0.0001733333333333,0.9385383333333316,0.0001594541666666,,0.4694762708333342,0.0001559762946242,0.5,32923
0.52,ascending,1.0,0.15,20,20,<2>par,21,0.99,-2.1420755,0.2478220959595959,0.9383066666666632,0.0006633333333333,-0.9378766666666636,0.9382933333333308,8.33333333333333e-06,0.9374449999999972,0.0001591999999999,,0.468905025,0.0001645129545154,0.5,32903
0.52,ascending,1.0,0.15,20,20,<2>par,21,1.0,-2.1466406875,0.252227375,0.936503333333334,0.0007066666666666,-0.9362250000000012,0.9367866666666674,8.333333333333342e-06,0.9360366666666682,0.0001580833333333,,0.4681267666666666,0.0001649413438857,0.5,32920
0.52,ascending,1.0,0.15,20,20,<2>par,21,1.01,-2.148078875,0.2532184405940594,0.9363699999999986,0.0004583333333333,-0.9359483333333334,0.936218333333334,6.0000000000000015e-05,0.9355466666666662,0.0001742708333333,,0.4679536541666657,0.0001588192966233,0.5,33148
0.52,ascending,1.0,0.15,20,20,<2>par,21,1.02,-2.1471068750000004,0.2551213235294117,0.934540000000001,0.0006416666666666,-0.9339749999999998,0.9344916666666688,0.000205,0.9338716666666697,0.0001676958333333,,0.4669832041666676,0.0001779349808402,0.5,32634
0.52,ascending,1.0,0.15,20,20,<2>par,21,1.1,-2.1714984374999995,0.2766685227272726,0.92393166666667,0.0007249999999999,-0.9234283333333384,0.9240166666666704,-2.000000000000004e-05,0.9227400000000022,0.0001928999999999,,0.4616459166666666,0.0001971621871043,0.5,33514
0.52,ascending,1.0,0.15,20,20,<2>par,21,1.2,-2.2007647499999994,0.3028898958333333,0.9084166666666754,0.0010699999999999,-0.9077650000000086,0.9089666666666748,-8.666666666666672e-05,0.9068633333333436,0.0002464666666666,,0.4537355750000003,0.0002404794129739,0.5,34408
0.52,ascending,1.0,0.15,20,20,<2>par,22,0.05,-2.019657125,0.0120149999999999,0.9998616666666652,0.0,-0.9998616666666652,0.9998616666666652,0.0,0.9998616666666652,3.541666666666669e-07,,0.4999311791666672,3.484084749531254e-07,0.5,27268
0.52,ascending,1.0,0.15,20,20,<2>par,22,0.1,-2.0208999999999997,0.025095,0.9993366666666584,0.0,-0.9993366666666584,0.9993366666666584,0.0,0.9993366666666584,1.6500000000000062e-06,,0.4996700500000018,1.5576706097864688e-06,0.5,27451
0.52,ascending,1.0,0.15,20,20,<2>par,22,0.2,-2.022753624999999,0.0497781249999999,0.997198333333308,0.0,-0.997198333333308,0.9972016666666412,0.0,0.997198333333308,7.095833333333289e-06,,0.4986072458333392,6.841236143494789e-06,0.5,28080
0.52,ascending,1.0,0.15,20,20,<2>par,22,0.3,-2.0315173125,0.07459625,0.9941966666666286,0.0,-0.9941866666666288,0.9941833333332954,1.3333333333333332e-05,0.9941899999999618,1.4608333333332998e-05,,0.4971087416666769,1.3913838387176906e-05,0.5,28707
0.52,ascending,1.0,0.15,20,20,<2>par,22,0.4,-2.041581,0.0986271874999999,0.9898366666666308,3.333333333333333e-06,-0.9898833333332973,0.9898633333332972,-5.782411586589358e-22,0.9898466666666308,2.489166666666596e-05,,0.4949475166666732,2.5888428801499666e-05,0.5,28626
0.52,ascending,1.0,0.15,20,20,<2>par,22,0.5,-2.049868875,0.1242489999999999,0.9845699999999722,2.1666666666666664e-05,-0.9845083333333056,0.9844899999999728,1.9999999999999995e-05,0.9844783333333056,3.8658333333332e-05,,0.4922713416666721,3.916493163389559e-05,0.5,29832
0.52,ascending,1.0,0.15,20,20,<2>par,22,0.6,-2.0640366875,0.1483645833333333,0.9780649999999796,7.500000000000005e-05,-0.9779833333333132,0.9780166666666464,1.666666666666666e-06,0.9779766666666476,5.708333333333124e-05,,0.4890232416666706,5.772843124529135e-05,0.5,30429
0.52,ascending,1.0,0.15,20,20,<2>par,22,0.7,-2.0797479374999988,0.1741964285714285,0.9694916666666542,8.833333333333338e-05,-0.9694216666666544,0.9696149999999876,-5.500000000000002e-05,0.9693249999999882,7.851249999999774e-05,,0.484751520833335,7.652898128395329e-05,0.5,30897
0.52,ascending,1.0,0.15,20,20,<2>par,22,0.8,-2.099970687499999,0.1996134375,0.9591349999999912,0.0001783333333333,-0.9588933333333256,0.9593199999999918,-9.500000000000005e-05,0.9587666666666588,9.774166666666524e-05,,0.4794795416666678,0.000103600599911,0.5,31647
0.52,ascending,1.0,0.15,20,20,<2>par,22,0.86,-2.1118568749999995,0.2152107558139535,0.9531133333333276,0.00025,-0.9530083333333276,0.9533449999999944,-3.166666666666665e-05,0.952896666666662,0.0001129624999999,,0.4765772041666677,0.0001218099457958,0.5,31656
0.52,ascending,1.0,0.15,20,20,<2>par,22,0.87,-2.1160467499999998,0.2176380747126436,0.9527849999999956,0.0002966666666666,-0.952706666666662,0.9528416666666624,-3.166666666666666e-05,0.952628333333327,0.0001155791666666,,0.4763710958333337,0.0001250244370212,0.5,32276
0.52,ascending,1.0,0.15,20,20,<2>par,22,0.88,-2.1159864375,0.2196639204545454,0.9531749999999962,0.0004083333333333,-0.9529649999999946,0.9531833333333272,-5.0000000000000055e-06,0.9527516666666616,0.0001288999999999,,0.4765097083333337,0.0001264953799847,0.5,31936
0.52,ascending,1.0,0.15,20,20,<2>par,22,0.89,-2.1186635000000003,0.2224988764044943,0.9516583333333284,0.0002,-0.9512749999999948,0.9515666666666612,-5.500000000000001e-05,0.9511733333333284,0.0001180666666666,,0.4756759166666672,0.0001269546938799,0.5,32401
0.52,ascending,1.0,0.15,20,20,<2>par,22,0.9,-2.120075874999999,0.2241743055555555,0.9485449999999962,0.0003633333333333,-0.9482183333333308,0.94849333333333,1.6666666666666678e-05,0.9481199999999982,0.0001294,,0.4741587999999987,0.0001351959718983,0.5,32228
0.52,ascending,1.0,0.15,20,20,<2>par,22,0.91,-2.1226419374999987,0.2282542582417581,0.9463349999999976,0.0004016666666666,-0.9461033333333316,0.9463183333333304,2.4999999999999984e-05,0.9457816666666644,0.0001427791666666,,0.4730209125000005,0.0001400961523384,0.5,32283
0.52,ascending,1.0,0.15,20,20,<2>par,22,0.92,-2.1244419374999994,0.2304923913043478,0.9462449999999972,0.0004549999999999,-0.9459416666666628,0.94679333333333,-6.666666666666685e-06,0.9457799999999956,0.0001371083333333,,0.4730378749999998,0.0001370853005664,0.5,32457
0.52,ascending,1.0,0.15,20,20,<2>par,22,0.93,-2.1274741874999994,0.2328413978494623,0.9458049999999978,0.0003949999999999,-0.9453449999999978,0.945591666666663,-1.329954664915552e-20,0.945283333333332,0.0001374791666666,,0.4727380624999992,0.000143200054815,0.5,32334
0.52,ascending,1.0,0.15,20,20,<2>par,22,0.9351,-2.1293725,0.2340832531280076,0.9447999999999974,0.0004033333333333,-0.9445099999999964,0.944844999999998,4.833333333333335e-05,0.9443683333333304,0.0001356208333333,,0.4722259375000001,0.0001467169597915,0.5,32347
0.52,ascending,1.0,0.15,20,20,<2>par,22,0.94,-2.1302275,0.2353674202127659,0.9448083333333288,0.0003533333333333,-0.9447583333333286,0.9446566666666634,-7.833333333333334e-05,0.9443566666666644,0.0001446916666666,,0.4723008999999998,0.0001458972924028,0.5,32773
0.52,ascending,1.0,0.15,20,20,<2>par,22,0.95,-2.1329179375,0.2370581578947368,0.9427566666666648,0.0005849999999999,-0.9423449999999982,0.9428999999999976,-4.500000000000002e-05,0.9421499999999988,0.0001491833333333,,0.4712315166666657,0.0001476397702434,0.5,32883
0.52,ascending,1.0,0.15,20,20,<2>par,22,0.96,-2.1335359375,0.2408407552083333,0.9425266666666672,0.0003766666666666,-0.9425800000000006,0.9427016666666668,5e-05,0.9421283333333312,0.0001425708333333,,0.4711999958333344,0.0001495889590694,0.5,32211
0.52,ascending,1.0,0.15,20,20,<2>par,22,0.97,-2.137907437499999,0.243,0.9408500000000012,0.0004683333333333,-0.9406133333333364,0.9408450000000026,5.333333333333336e-05,0.9405516666666686,0.0001549458333333,,0.4702813958333345,0.0001536356842719,0.5,32828
0.52,ascending,1.0,0.15,20,20,<2>par,22,0.98,-2.14096625,0.2452024234693877,0.9388816666666662,0.0006216666666666,-0.93848,0.9392649999999984,3.166666666666667e-05,0.9382583333333342,0.0001630958333333,,0.4692613375000006,0.0001591474587359,0.5,32586
0.52,ascending,1.0,0.15,20,20,<2>par,22,0.99,-2.1424853124999994,0.2487412878787878,0.9387350000000044,0.0006183333333333,-0.9383233333333384,0.9386583333333388,6.166666666666668e-05,0.9380316666666708,0.0001721375,,0.4691978541666672,0.0001637700141619,0.5,32598
0.52,ascending,1.0,0.15,20,20,<2>par,22,1.0,-2.1456375625,0.2510258749999999,0.937929999999998,0.0005583333333333,-0.937278333333332,0.9376850000000014,-3.833333333333332e-05,0.937151666666667,0.0001691291666666,,0.4687083874999985,0.0001644155475397,0.5,32990
0.52,ascending,1.0,0.15,20,20,<2>par,22,1.01,-2.1473836875,0.2531412128712871,0.934296666666667,0.0008433333333333,-0.9338499999999996,0.9338766666666692,1.6666666666666637e-05,0.9336100000000012,0.0001782083333333,,0.4669332916666667,0.000174846465234,0.5,33273
0.52,ascending,1.0,0.15,20,20,<2>par,22,1.02,-2.150397999999999,0.2554031862745097,0.9352499999999992,0.0006483333333333,-0.9349399999999974,0.9354366666666656,-1.333333333333334e-05,0.9345383333333334,0.0001687083333333,,0.4674771833333335,0.0001641620694768,0.5,33086
0.52,ascending,1.0,0.15,20,20,<2>par,22,1.1,-2.169956,0.2755680681818181,0.9235866666666708,0.0008333333333333,-0.9227433333333396,0.9231550000000052,-3.3333333333333037e-06,0.9223916666666732,0.0002132208333333,,0.4613607208333329,0.0001924025283239,0.5,33761
0.52,ascending,1.0,0.15,20,20,<2>par,22,1.2,-2.199685187499999,0.302266875,0.910016666666676,0.0011749999999999,-0.9088333333333432,0.9104850000000068,-0.0001233333333333,0.9082766666666752,0.0002446624999999,,0.4543989791666676,0.0002424772215378,0.5,34333
0.52,ascending,1.0,0.15,20,20,<2>par,23,0.05,-2.020950812499999,0.0123349999999999,0.9998383333333314,0.0,-0.9998383333333314,0.9998383333333314,0.0,0.9998383333333314,4.041666666666665e-07,,0.4999195708333333,4.041666666666709e-07,0.5,27276
0.52,ascending,1.0,0.15,20,20,<2>par,23,0.1,-2.020866625,0.0246487499999999,0.9993483333333258,0.0,-0.9993483333333258,0.9993483333333258,0.0,0.9993483333333258,1.5625000000000022e-06,,0.499675820833336,1.6178824836145816e-06,0.5,27285
0.52,ascending,1.0,0.15,20,20,<2>par,23,0.2,-2.024446374999999,0.050495,0.9974216666666392,0.0,-0.9974099999999724,0.9974099999999724,-6.666666666666667e-06,0.9974099999999724,6.483333333333352e-06,,0.4987120583333401,6.664754248593755e-06,0.5,27740
0.52,ascending,1.0,0.15,20,20,<2>par,23,0.3,-2.0322655624999992,0.0739308333333333,0.9941733333332936,3.333333333333333e-06,-0.9941566666666272,0.9941549999999604,0.0,0.9941599999999604,1.441249999999969e-05,,0.4970957125000084,1.4718722592463304e-05,0.5,28715
0.52,ascending,1.0,0.15,20,20,<2>par,23,0.4,-2.0423991249999998,0.0995403124999999,0.9905516666666296,6.666666666666667e-06,-0.9905099999999634,0.9905149999999632,1.666666666666666e-06,0.9905149999999636,2.4770833333332697e-05,,0.4952791708333398,2.4534426580051724e-05,0.5,28973
0.52,ascending,1.0,0.15,20,20,<2>par,23,0.5,-2.051986812499999,0.1238104999999999,0.9840449999999744,8.666666666666671e-05,-0.9840649999999748,0.9840066666666412,2.5e-05,0.9840383333333088,4.184166666666536e-05,,0.4920371833333391,4.003361235136964e-05,0.5,29572
0.52,ascending,1.0,0.15,20,20,<2>par,23,0.6,-2.0635601875,0.1494075,0.9773799999999804,6.000000000000002e-05,-0.9772649999999812,0.9774266666666468,5.782411586589358e-22,0.977306666666648,5.764166666666449e-05,,0.488707333333337,5.6050696601125e-05,0.5,30379
0.52,ascending,1.0,0.15,20,20,<2>par,23,0.7,-2.081198187499999,0.1746171428571428,0.9698616666666556,7.000000000000002e-05,-0.9698633333333208,0.9699333333333215,1.3333333333333332e-05,0.9697333333333223,7.561666666666401e-05,,0.484961416666669,7.681983677667705e-05,0.5,31171
0.52,ascending,1.0,0.15,20,20,<2>par,23,0.8,-2.099037749999999,0.1988964062499999,0.9605183333333228,9.500000000000005e-05,-0.9604533333333214,0.960389999999989,-5.666666666666669e-05,0.9603149999999904,9.875833333333175e-05,,0.4802415416666672,0.0001011558758192,0.5,31414
0.52,ascending,1.0,0.15,20,20,<2>par,23,0.86,-2.1130008124999997,0.2144148255813953,0.9547216666666596,0.000295,-0.954659999999993,0.9547066666666608,-2.5e-05,0.954524999999994,0.0001169583333333,,0.47733775,0.0001156720282127,0.5,31952
0.52,ascending,1.0,0.15,20,20,<2>par,23,0.87,-2.11507975,0.218021264367816,0.9517416666666596,0.0002933333333333,-0.9512149999999956,0.951744999999997,3.666666666666667e-05,0.9510983333333296,0.0001162124999999,,0.4756959208333343,0.0001288956879376,0.5,32050
0.52,ascending,1.0,0.15,20,20,<2>par,23,0.88,-2.116588687499999,0.2203870738636363,0.9517399999999951,0.0002966666666666,-0.9512716666666624,0.9515883333333288,-0.0001183333333333,0.9510583333333288,0.0001176041666666,,0.4757249374999996,0.0001301819333004,0.5,32376
0.52,ascending,1.0,0.15,20,20,<2>par,23,0.89,-2.1173970625,0.2224070224719101,0.9505883333333298,0.0002066666666666,-0.9503933333333312,0.950419999999998,2.333333333333333e-05,0.9500133333333316,0.0001224666666666,,0.4752030250000004,0.0001265490841385,0.5,32200
0.52,ascending,1.0,0.15,20,20,<2>par,23,0.9,-2.1215333124999995,0.2252695833333333,0.9485616666666667,0.0003666666666666,-0.9483533333333324,0.9488149999999984,-4.1666666666666686e-05,0.9480333333333312,0.0001303791666666,,0.474184037500001,0.0001360152685217,0.5,32432
0.52,ascending,1.0,0.15,20,20,<2>par,23,0.91,-2.1232428125,0.2274696428571428,0.9488249999999993,0.0002683333333333,-0.9484749999999984,0.9488333333333332,0.0001066666666666,0.9484083333333312,0.0001341416666666,,0.4742883166666682,0.0001311399864489,0.5,32156
0.52,ascending,1.0,0.15,20,20,<2>par,23,0.92,-2.1285185,0.230661277173913,0.9466649999999944,0.0003266666666666,-0.9463466666666612,0.9467066666666611,8.16666666666667e-05,0.9460966666666624,0.0001419583333333,,0.4732255583333335,0.0001467350874156,0.5,32399
0.52,ascending,1.0,0.15,20,20,<2>par,23,0.93,-2.1273178124999994,0.2320806451612903,0.9467749999999964,0.0005166666666666,-0.9464649999999964,0.9468933333333271,-3.1666666666666686e-05,0.9461849999999944,0.0001426083333333,,0.4732650166666671,0.0001414675338224,0.5,32263
0.52,ascending,1.0,0.15,20,20,<2>par,23,0.9351,-2.129583937499999,0.2346497700780664,0.9459633333333298,0.0004599999999999,-0.9457116666666632,0.94583833333333,-5.666666666666666e-05,0.9453699999999956,0.0001362124999999,,0.4728391958333327,0.0001407782378651,0.5,32626
0.52,ascending,1.0,0.15,20,20,<2>par,23,0.94,-2.130908874999999,0.2355509308510638,0.9446716666666678,0.0004633333333333,-0.944330000000001,0.9442133333333332,-6.666666666666658e-06,0.9438350000000008,0.0001549583333333,,0.4721380916666666,0.0001497956799402,0.5,32567
0.52,ascending,1.0,0.15,20,20,<2>par,23,0.95,-2.131544,0.2378052631578947,0.9430666666666644,0.0003649999999999,-0.9425083333333324,0.9431416666666654,5.166666666666669e-05,0.9422549999999984,0.0001488208333333,,0.4713158375000005,0.000144017527713,0.5,32466
0.52,ascending,1.0,0.15,20,20,<2>par,23,0.96,-2.1344524375,0.2402313802083333,0.943159999999998,0.0005683333333333,-0.9428816666666664,0.9432016666666652,-3.666666666666667e-05,0.9425916666666644,0.0001501124999999,,0.4714229041666657,0.0001483420922471,0.5,32484
0.52,ascending,1.0,0.15,20,20,<2>par,23,0.97,-2.1367643124999995,0.2434576030927835,0.9424716666666644,0.0006399999999999,-0.9419499999999986,0.9426483333333312,2.1666666666666667e-05,0.9418083333333312,0.0001609375,,0.4710575458333334,0.0001487921679997,0.5,32995
0.52,ascending,1.0,0.15,20,20,<2>par,23,0.98,-2.140820937499999,0.2464100765306122,0.938415000000001,0.0005133333333333,-0.938168333333336,0.938415,-4.666666666666666e-05,0.9377966666666676,0.0001570375,,0.4690537958333343,0.0001607083025104,0.5,32767
0.52,ascending,1.0,0.15,20,20,<2>par,23,0.99,-2.1413081875,0.2475685606060606,0.9388700000000008,0.0003716666666666,-0.9383116666666672,0.9389683333333324,3.5000000000000004e-05,0.9381183333333332,0.0001629458333333,,0.4692082791666655,0.0001546138303897,0.5,32508
0.52,ascending,1.0,0.15,20,20,<2>par,23,1.0,-2.141347249999999,0.2507542499999999,0.9376466666666674,0.00033,-0.9372766666666662,0.9375300000000004,8.16666666666667e-05,0.9370200000000009,0.0001559666666666,,0.468612508333334,0.0001680069093082,0.5,33069
0.52,ascending,1.0,0.15,20,20,<2>par,23,1.01,-2.1465854374999997,0.253384405940594,0.93760666666667,0.0006049999999999,-0.9370200000000016,0.9377616666666686,6.16666666666667e-05,0.9367783333333362,0.0001630041666666,,0.4685278875000001,0.0001631250239922,0.5,32962
0.52,ascending,1.0,0.15,20,20,<2>par,23,1.02,-2.1495798125,0.256223406862745,0.9342100000000004,0.0006783333333333,-0.9337549999999992,0.9343399999999998,0.0001133333333333,0.9334916666666652,0.000162525,,0.4669273416666673,0.0001678340459292,0.5,33062
0.52,ascending,1.0,0.15,20,20,<2>par,23,1.1,-2.170562375,0.2762174999999999,0.9244150000000017,0.0007783333333333,-0.9237766666666688,0.9243983333333374,0.0001483333333333,0.9235166666666704,0.0001980541666666,,0.4618895125000016,0.0001997234294124,0.5,33659
0.52,ascending,1.0,0.15,20,20,<2>par,23,1.2,-2.1999991249999997,0.3031114583333333,0.9068833333333414,0.0013049999999999,-0.9060733333333402,0.9075016666666756,0.0002516666666666,0.9054300000000068,0.0002563458333333,,0.4529095458333342,0.0002558993772635,0.5,34320
0.52,ascending,1.0,0.15,20,20,<23>par,1000,0.05,-2.0126980624999997,0.0135375,0.9998449999999977,0.1999833333333331,-0.599933333333304,0.9998449999999977,0.1999833333333331,0.9998449999999977,0.0399893875000023,,3.8749999999999947e-07,0.4188311918001672,0.4,27206
0.52,ascending,1.0,0.15,20,20,<23>par,1000,0.1,-2.0137570625,0.02790125,0.9992366666666584,0.1999333333333331,-0.5996849999999722,0.9992366666666584,0.1999333333333331,0.9992366666666584,0.039948525000002,,1.850000000000008e-06,0.4186245352461811,0.4,27368
0.52,ascending,1.0,0.15,20,20,<23>par,1000,0.2,-2.0176251249999995,0.0530499999999999,0.9971183333333032,0.1997083333333332,-0.598808333333315,0.9971333333333036,0.1997083333333332,0.99711999999997,0.0397911666666674,,7.374999999999974e-06,0.4178948200019687,0.4,28262
0.52,ascending,1.0,0.15,20,20,<23>par,1000,0.3,-2.0241800625,0.07950125,0.992808333333294,0.1994483333333333,-0.5970033333333225,0.9929416666666274,0.1994316666666667,0.992779999999961,0.0395528958333333,,1.7762499999999547e-05,0.4164176304402902,0.4,28683
0.52,ascending,1.0,0.15,20,20,<23>par,1000,0.4,-2.0350296875,0.1063359374999999,0.987714999999971,0.1990333333333333,-0.5951733333333254,0.9877249999999708,0.199005,0.9877033333333036,0.0391164041666665,,3.13041666666657e-05,0.4147687354175955,0.4,29147
0.52,ascending,1.0,0.15,20,20,<23>par,1000,0.5,-2.045523999999999,0.1335422499999999,0.9822499999999804,0.1987666666666667,-0.5927283333333291,0.9823216666666466,0.1987850000000001,0.982166666666648,0.0389032791666665,,4.393749999999888e-05,0.4128365517243955,0.4,29549
0.52,ascending,1.0,0.15,20,20,<23>par,1000,0.6,-2.0588996875,0.1605935416666666,0.9737849999999836,0.1977950000000004,-0.589343333333331,0.9736933333333192,0.1978050000000004,0.9736099999999834,0.0381934416666665,,6.615833333333134e-05,0.4099156687094406,0.4,30411
0.52,ascending,1.0,0.15,20,20,<23>par,1000,0.7,-2.0762685,0.1868014285714285,0.9624483333333216,0.1974450000000005,-0.5848500000000012,0.9626949999999884,0.1972550000000003,0.9620516666666562,0.0375196958333331,,9.907083333333212e-05,0.4060948685647976,0.4,30729
0.52,ascending,1.0,0.15,20,20,<23>par,1000,0.8,-2.0963873125,0.2132078124999999,0.949243333333331,0.1962700000000006,-0.5795950000000031,0.9491683333333328,0.1960800000000005,0.948411666666664,0.0365349791666667,,0.0001363874999999,0.401518890009545,0.4,31578
0.52,ascending,1.0,0.15,20,20,<23>par,1000,0.86,-2.1099093124999992,0.2307008720930232,0.9435566666666656,0.1962600000000007,-0.5777433333333352,0.9436250000000004,0.1957016666666671,0.9427066666666668,0.0360380125,,0.0001483791666666,0.3997581342722008,0.4,31859
0.52,ascending,1.0,0.15,20,20,<23>par,1000,0.87,-2.112126874999999,0.2333804597701149,0.9413016666666664,0.1959466666666673,-0.57655166666667,0.94132,0.195553333333334,0.9403466666666656,0.0359494666666666,,0.0001592166666666,0.3987969013681992,0.4,32121
0.52,ascending,1.0,0.15,20,20,<23>par,1000,0.88,-2.114255625,0.2371607954545454,0.9412000000000016,0.1961583333333335,-0.5769000000000042,0.9411883333333366,0.1958366666666668,0.940275000000003,0.0358808791666666,,0.0001652541666666,0.398960201625177,0.4,31972
0.52,ascending,1.0,0.15,20,20,<23>par,1000,0.89,-2.117634374999999,0.2402561797752808,0.9391316666666626,0.1954049999999999,-0.5749866666666695,0.938778333333332,0.1950650000000001,0.93782333333333,0.0357673708333334,,0.0001623875,0.3978224750322259,0.4,32130
0.52,ascending,1.0,0.15,20,20,<23>par,1000,0.9,-2.119192687499999,0.2413429166666666,0.9364433333333344,0.195493333333334,-0.5741350000000014,0.936786666666667,0.1948583333333337,0.9351916666666672,0.0356736833333333,,0.0001741,0.3969543632832366,0.4,32234
0.52,ascending,1.0,0.15,20,20,<23>par,1000,0.91,-2.1233561875,0.2457688186813186,0.9382133333333348,0.1955483333333336,-0.5744316666666694,0.9378183333333344,0.1952283333333336,0.9369200000000028,0.0359319708333332,,0.0001684708333333,0.3974471023221755,0.4,32346
0.52,ascending,1.0,0.15,20,20,<23>par,1000,0.92,-2.12588575,0.2480978260869565,0.934598333333338,0.195443333333334,-0.5751183333333351,0.9353333333333348,0.1949650000000003,0.9332966666666688,0.0349897666666665,,0.0001710583333333,0.3969108782360434,0.4,32455
0.52,ascending,1.0,0.15,20,20,<23>par,1000,0.93,-2.1274890624999987,0.2505493279569892,0.9321766666666716,0.1954399999999997,-0.5728183333333371,0.9324966666666692,0.1950533333333333,0.930230000000003,0.0351444833333333,,0.0001925,0.3955912593314787,0.4,32474
0.52,ascending,1.0,0.15,20,20,<23>par,1000,0.9351,-2.12988575,0.2523357127579937,0.9357066666666646,0.1955816666666673,-0.5747750000000028,0.9359216666666642,0.1950750000000006,0.9341650000000008,0.0353110541666666,,0.0001692708333333,0.3970335956682315,0.4,32362
0.52,ascending,1.0,0.15,20,20,<23>par,1000,0.94,-2.129477875,0.2540667553191489,0.9328900000000016,0.1952549999999999,-0.5739683333333357,0.9330699999999996,0.1948716666666666,0.9312966666666672,0.0349969333333333,,0.0001826166666666,0.3961082185686898,0.4,32828
0.52,ascending,1.0,0.15,20,20,<23>par,1000,0.95,-2.133450875,0.2564861842105263,0.9312066666666708,0.1950766666666671,-0.5715283333333337,0.9317933333333372,0.1947200000000007,0.929958333333338,0.035493325,,0.0001791916666666,0.3950747953385062,0.4,32665
0.52,ascending,1.0,0.15,20,20,<23>par,1000,0.96,-2.134587312499999,0.2589934895833333,0.9299850000000048,0.194990000000001,-0.5706783333333374,0.9302500000000048,0.1942533333333342,0.9283516666666723,0.035418175,,0.0001945083333333,0.3944078978137738,0.4,32521
0.52,ascending,1.0,0.15,20,20,<23>par,1000,0.97,-2.138603999999999,0.2618172680412371,0.926998333333339,0.194998333333333,-0.5705100000000038,0.926551666666672,0.1942933333333334,0.9247300000000048,0.0348996625,,0.0002081625,0.3935753572875509,0.4,32591
0.52,ascending,1.0,0.15,20,20,<23>par,1000,0.98,-2.1392139375,0.2646946428571428,0.9256066666666708,0.1944799999999995,-0.5684516666666696,0.9251783333333378,0.1937933333333328,0.9235883333333378,0.0353257374999999,,0.0001970541666666,0.3926219368934748,0.4,32626
0.52,ascending,1.0,0.15,20,20,<23>par,1000,0.99,-2.1425146249999987,0.2668564393939394,0.924948333333339,0.1947516666666672,-0.5697450000000044,0.9248983333333411,0.1940333333333336,0.9229966666666728,0.0347506291666666,,0.0002074125,0.3929721935592813,0.4,33020
0.52,ascending,1.0,0.15,20,20,<23>par,1000,1.0,-2.1451245625,0.2703236249999999,0.9227866666666724,0.1947750000000005,-0.5700733333333365,0.923451666666673,0.1941916666666666,0.9205500000000064,0.0342291375,,0.0002128541666666,0.392523102612486,0.4,32952
0.52,ascending,1.0,0.15,20,20,<23>par,1000,1.01,-2.1505895,0.2740283415841584,0.9218650000000008,0.1942633333333338,-0.5679450000000017,0.9227333333333344,0.1934166666666673,0.9208033333333354,0.0348645499999999,,0.00022105,0.3917951690705145,0.4,33039
0.52,ascending,1.0,0.15,20,20,<23>par,1000,1.02,-2.1517650624999987,0.2762599264705882,0.9215033333333378,0.1942266666666674,-0.5679250000000013,0.9218600000000065,0.1937933333333341,0.919985000000007,0.0346162166666667,,0.0002088666666666,0.3917514609140155,0.4,32921
0.52,ascending,1.0,0.15,20,20,<23>par,1000,1.1,-2.1738547500000003,0.2985759090909091,0.9058100000000094,0.193671666666667,-0.5622750000000015,0.9064100000000086,0.1927316666666668,0.9031283333333436,0.0334035416666666,,0.0002509333333333,0.3863954227913888,0.4,34034
0.52,ascending,1.0,0.15,20,20,<23>par,1000,1.2,-2.204371874999999,0.3261926041666666,0.8874016666666714,0.1919516666666666,-0.5555983333333322,0.8872250000000051,0.1909616666666665,0.8834550000000039,0.0313679125,,0.0003204208333333,0.3799280167402652,0.4,34464
0.52,ascending,1.0,0.15,20,20,<23>par,1001,0.05,-2.01114775,0.01338,0.9997466666666616,0.1999916666666664,-0.599916666666638,0.9997466666666616,0.1999916666666664,0.9997466666666616,0.0399799666666688,,6.33333333333331e-07,0.4188074075768527,0.4,27019
0.52,ascending,1.0,0.15,20,20,<23>par,1001,0.1,-2.0137305000000003,0.0262812499999999,0.9992916666666564,0.1999366666666665,-0.5996949999999739,0.9992916666666564,0.1999366666666665,0.9992916666666564,0.0399561208333352,,1.7291666666666737e-06,0.4186395605571886,0.4,27593
0.52,ascending,1.0,0.15,20,20,<23>par,1001,0.2,-2.0176608124999995,0.0540362499999999,0.9970433333333056,0.1997716666666665,-0.5988616666666451,0.9970383333333056,0.1997699999999998,0.9970383333333056,0.0397788958333343,,7.770833333333271e-06,0.4179039211017711,0.4,27972
0.52,ascending,1.0,0.15,20,20,<23>par,1001,0.3,-2.0235046249999997,0.0803779166666666,0.9937999999999626,0.199555,-0.5974349999999864,0.993773333333296,0.1995416666666666,0.9937716666666292,0.0396133166666669,,1.4699999999999664e-05,0.416770827010998,0.4,28213
0.52,ascending,1.0,0.15,20,20,<23>par,1001,0.4,-2.0329750625,0.1077706249999999,0.9879783333333004,0.19899,-0.5948066666666607,0.9879383333333006,0.1989666666666666,0.9879099999999676,0.0392729041666666,,2.907083333333248e-05,0.4146910754737907,0.4,29345
0.52,ascending,1.0,0.15,20,20,<23>par,1001,0.5,-2.0460563125,0.1342759999999999,0.9805216666666428,0.1985083333333335,-0.5923399999999966,0.980731666666643,0.1984833333333335,0.9804483333333092,0.0386178958333331,,5.0120833333331913e-05,0.4123231477216624,0.4,29672
0.52,ascending,1.0,0.15,20,20,<23>par,1001,0.6,-2.0595109375,0.1593024999999999,0.9738866666666508,0.1980016666666667,-0.5893366666666647,0.97382166666665,0.1979150000000001,0.9737549999999828,0.0382873791666665,,6.757916666666463e-05,0.40995862452406,0.4,30083
0.52,ascending,1.0,0.15,20,20,<23>par,1001,0.7,-2.0771893125,0.18769375,0.962598333333324,0.1972150000000004,-0.5851483333333333,0.9624399999999902,0.1970900000000004,0.9622183333333244,0.0373273333333333,,9.699166666666562e-05,0.4062293673700892,0.4,31084
0.52,ascending,1.0,0.15,20,20,<23>par,1001,0.8,-2.0985901874999997,0.2152484374999999,0.9519216666666608,0.1966916666666671,-0.5805766666666683,0.9519433333333278,0.1965016666666671,0.9514783333333277,0.0368302666666667,,0.000119725,0.402510824991406,0.4,31841
0.52,ascending,1.0,0.15,20,20,<23>par,1001,0.86,-2.1115997500000003,0.2311665697674418,0.9435799999999964,0.1961650000000005,-0.5771800000000025,0.9438483333333304,0.1957283333333341,0.942504999999998,0.0362190458333332,,0.0001490375,0.3995659698773245,0.4,31536
0.52,ascending,1.0,0.15,20,20,<23>par,1001,0.87,-2.1140761875,0.234208908045977,0.9416133333333294,0.1955466666666676,-0.5771683333333364,0.9416949999999988,0.1951450000000007,0.9400933333333272,0.0355058458333333,,0.0001540791666666,0.3989506436761004,0.4,31994
0.52,ascending,1.0,0.15,20,20,<23>par,1001,0.88,-2.115844874999999,0.238583096590909,0.9400733333333277,0.1957433333333337,-0.5757200000000018,0.9404616666666612,0.1953083333333338,0.9390149999999968,0.0359022291666664,,0.0001631458333333,0.3983331885988296,0.4,32069
0.52,ascending,1.0,0.15,20,20,<23>par,1001,0.89,-2.118916062499999,0.2397488764044943,0.9396416666666664,0.1958216666666667,-0.5753350000000018,0.939686666666668,0.1954483333333334,0.9387083333333331,0.0359985916666665,,0.0001636833333333,0.3981238481332577,0.4,32246
0.52,ascending,1.0,0.15,20,20,<23>par,1001,0.9,-2.121479812499999,0.2436722222222222,0.9385533333333343,0.1952433333333342,-0.5751783333333368,0.9384783333333344,0.1951833333333342,0.9369500000000004,0.0356155375,,0.0001700375,0.3977209263117456,0.4,32146
0.52,ascending,1.0,0.15,20,20,<23>par,1001,0.91,-2.123297812499999,0.2445934065934065,0.9355366666666656,0.1955100000000006,-0.5744300000000019,0.9354866666666656,0.1951133333333342,0.9340050000000006,0.0353928,,0.000175475,0.3968542117395908,0.4,32693
0.52,ascending,1.0,0.15,20,20,<23>par,1001,0.92,-2.1268369375,0.2488188858695652,0.935378333333334,0.1952966666666664,-0.57366166666667,0.9347400000000008,0.1949266666666666,0.9337250000000008,0.0355385249999999,,0.0001829916666666,0.3965462917214157,0.4,32405
0.52,ascending,1.0,0.15,20,20,<23>par,1001,0.93,-2.129277374999999,0.2508379032258064,0.9307216666666708,0.1951883333333335,-0.5726933333333369,0.9299366666666696,0.1944766666666667,0.9288983333333376,0.0348056333333333,,0.0001906833333333,0.3951880638592367,0.4,32178
0.52,ascending,1.0,0.15,20,20,<23>par,1001,0.9351,-2.129668812499999,0.2513787295476419,0.9352316666666666,0.1954966666666667,-0.5742950000000039,0.934948333333334,0.195111666666667,0.9334666666666688,0.0352738208333333,,0.0001701125,0.3967039872442536,0.4,32572
0.52,ascending,1.0,0.15,20,20,<23>par,1001,0.94,-2.1275593125,0.2516227393617021,0.931731666666669,0.1950933333333338,-0.5725283333333337,0.9316200000000028,0.194488333333334,0.9299800000000056,0.0351604333333333,,0.00018395,0.3952723430841525,0.4,32591
0.52,ascending,1.0,0.15,20,20,<23>par,1001,0.95,-2.13300625,0.2565388157894737,0.9321233333333366,0.1951333333333341,-0.5731100000000019,0.9317533333333344,0.1947116666666676,0.9307250000000028,0.0351787333333333,,0.0001833416666666,0.3955920348849528,0.4,32390
0.52,ascending,1.0,0.15,20,20,<23>par,1001,0.96,-2.1369333125,0.2600442708333333,0.930303333333336,0.1951833333333339,-0.5713400000000026,0.92999166666667,0.1946983333333336,0.9279450000000048,0.0352967958333333,,0.0001878375,0.3945048988873145,0.4,32814
0.52,ascending,1.0,0.15,20,20,<23>par,1001,0.97,-2.138247,0.2620282216494846,0.9286316666666696,0.1950533333333335,-0.5713983333333365,0.928566666666668,0.1944483333333336,0.9268700000000032,0.034974275,,0.0001896166666666,0.394311989939963,0.4,32668
0.52,ascending,1.0,0.15,20,20,<23>par,1001,0.98,-2.1413371875,0.2647158163265306,0.927130000000003,0.1949500000000006,-0.5710166666666685,0.9265533333333345,0.1945066666666673,0.9250816666666696,0.0348000416666666,,0.0002043583333333,0.3938376196829294,0.4,32861
0.52,ascending,1.0,0.15,20,20,<23>par,1001,0.99,-2.1412763749999986,0.266054797979798,0.92562166666667,0.1949400000000004,-0.5699966666666711,0.9251566666666718,0.1944600000000008,0.923856666666671,0.0348743916666667,,0.0002086333333333,0.3933104675216342,0.4,32968
0.52,ascending,1.0,0.15,20,20,<23>par,1001,1.0,-2.1481740624999985,0.2711608749999999,0.9233516666666718,0.1946966666666676,-0.5696516666666706,0.9238450000000044,0.1939483333333335,0.9214933333333396,0.0344092041666667,,0.0002153291666666,0.3926341245807691,0.4,32733
0.52,ascending,1.0,0.15,20,20,<23>par,1001,1.01,-2.1491153124999998,0.2733679455445544,0.9209916666666704,0.1943983333333339,-0.5676783333333346,0.920910000000003,0.1936316666666668,0.9188450000000044,0.0345027166666667,,0.0002144083333333,0.3915061388945207,0.4,32592
0.52,ascending,1.0,0.15,20,20,<23>par,1001,1.02,-2.150057499999999,0.2769223039215686,0.9193450000000052,0.1948283333333338,-0.5679450000000015,0.918641666666673,0.1940916666666671,0.9169066666666744,0.0341797375,,0.0002329041666666,0.3910938973319918,0.4,32951
0.52,ascending,1.0,0.15,20,20,<23>par,1001,1.1,-2.1739775625000006,0.2988949999999999,0.9043850000000102,0.1934983333333341,-0.5621999999999973,0.9048950000000108,0.1924800000000006,0.9011483333333428,0.0329207458333334,,0.0002678541666666,0.3858104634743748,0.4,33628
0.52,ascending,1.0,0.15,20,20,<23>par,1001,1.2,-2.2058529999999994,0.3269338541666666,0.8876483333333408,0.1920216666666676,-0.5554849999999988,0.8873433333333409,0.190693333333334,0.8840216666666723,0.0316222416666666,,0.0003362083333333,0.3799024708747719,0.4,34143
0.52,ascending,1.0,0.15,20,20,<23>par,1002,0.05,-2.0129573125,0.01334,0.999848333333331,0.1999866666666664,-0.5999683333333036,0.999848333333331,0.1999866666666664,0.999848333333331,0.039977379166669,,3.79166666666666e-07,0.4188435883940806,0.4,27059
0.52,ascending,1.0,0.15,20,20,<23>par,1002,0.1,-2.0129558125,0.0260537499999999,0.9993383333333252,0.1999516666666665,-0.599781666666639,0.9993383333333252,0.1999516666666665,0.9993383333333252,0.0399373708333354,,1.6541666666666704e-06,0.4186781295702964,0.4,27678
0.52,ascending,1.0,0.15,20,20,<23>par,1002,0.2,-2.0158385,0.0541018749999999,0.9971099999999667,0.1998383333333332,-0.5987149999999795,0.9971099999999667,0.1998383333333332,0.9971066666666336,0.0398782083333341,,6.933333333333305e-06,0.4178787228523534,0.4,27875
0.52,ascending,1.0,0.15,20,20,<23>par,1002,0.3,-2.0240863125,0.0801845833333333,0.9932583333332952,0.1994316666666666,-0.5972449999999868,0.9932449999999616,0.199435,0.993253333333295,0.0395449041666668,,1.7004166666666283e-05,0.4165900048386585,0.4,28050
0.52,ascending,1.0,0.15,20,20,<23>par,1002,0.4,-2.032594875,0.1067690625,0.9882816666666314,0.1991099999999999,-0.5949583333333264,0.9881299999999652,0.1990633333333333,0.9881149999999654,0.0393098583333332,,3.1008333333332404e-05,0.414783795191223,0.4,29026
0.52,ascending,1.0,0.15,20,20,<23>par,1002,0.5,-2.046001937499999,0.1333392499999999,0.9817583333333127,0.1985766666666668,-0.5930916666666632,0.9818549999999808,0.1985083333333334,0.981538333333314,0.0385335208333333,,4.6170833333332014e-05,0.4128159276023265,0.4,29566
0.52,ascending,1.0,0.15,20,20,<23>par,1002,0.6,-2.059377374999999,0.1608604166666666,0.9735666666666524,0.1980283333333338,-0.5894033333333318,0.9733266666666516,0.1980300000000005,0.9732599999999846,0.0381634249999998,,7.011666666666465e-05,0.4099125642354382,0.4,30020
0.52,ascending,1.0,0.15,20,20,<23>par,1002,0.7,-2.076253187499999,0.1875780357142857,0.9638249999999904,0.1972000000000002,-0.58519,0.9635033333333242,0.1971400000000004,0.9636183333333226,0.0376575499999999,,9.240833333333168e-05,0.4064738842986112,0.4,30937
0.52,ascending,1.0,0.15,20,20,<23>par,1002,0.8,-2.096940374999999,0.2154674999999999,0.9510649999999968,0.1964800000000005,-0.5809883333333349,0.95102333333333,0.196216666666667,0.9502266666666618,0.0363054916666666,,0.0001299249999999,0.4023375159273196,0.4,31804
0.52,ascending,1.0,0.15,20,20,<23>par,1002,0.86,-2.110566124999999,0.2315476744186046,0.9423999999999992,0.1958400000000004,-0.5772800000000041,0.941801666666665,0.1954733333333338,0.9408916666666644,0.0357614041666666,,0.0001603041666666,0.3992250894455195,0.4,31879
0.52,ascending,1.0,0.15,20,20,<23>par,1002,0.87,-2.1130143124999994,0.2353030172413793,0.9420149999999974,0.1954966666666672,-0.5775300000000015,0.9415333333333296,0.1952666666666672,0.9408616666666644,0.0354558499999999,,0.0001579833333333,0.3992758362556393,0.4,31961
0.52,ascending,1.0,0.15,20,20,<23>par,1002,0.88,-2.1175596875,0.2369012784090908,0.942596666666666,0.1959516666666671,-0.5766433333333356,0.9426883333333338,0.1954983333333337,0.941425,0.0360840208333332,,0.0001547208333333,0.3990779671643799,0.4,31712
0.52,ascending,1.0,0.15,20,20,<23>par,1002,0.89,-2.1181475624999995,0.2413499999999999,0.9388166666666689,0.1956783333333343,-0.5759333333333373,0.9383400000000028,0.1953566666666673,0.9373433333333367,0.035536075,,0.0001688833333333,0.3980018069967548,0.4,32285
0.52,ascending,1.0,0.15,20,20,<23>par,1002,0.9,-2.119741812499999,0.2418559722222222,0.938991666666666,0.1957766666666672,-0.5754566666666708,0.938566666666666,0.1954516666666669,0.9375933333333332,0.0357064666666666,,0.0001732916666666,0.3979551728603489,0.4,32221
0.52,ascending,1.0,0.15,20,20,<23>par,1002,0.91,-2.122855749999999,0.2444877747252747,0.935640000000001,0.195491666666667,-0.5751083333333371,0.9354966666666658,0.1950633333333335,0.9338400000000006,0.0351264666666667,,0.0001813416666666,0.3970200953428426,0.4,32419
0.52,ascending,1.0,0.15,20,20,<23>par,1002,0.92,-2.1258708125,0.2479986413043478,0.9352816666666685,0.1952466666666672,-0.5729533333333362,0.9351066666666664,0.1948333333333338,0.933668333333334,0.0357307666666667,,0.0001818166666666,0.3961797660684502,0.4,32491
0.52,ascending,1.0,0.15,20,20,<23>par,1002,0.93,-2.1294101875,0.2517373655913978,0.933425,0.1956316666666671,-0.5745800000000034,0.9334399999999986,0.1952883333333339,0.9319666666666664,0.0350079666666666,,0.0001752833333333,0.396498270174282,0.4,32449
0.52,ascending,1.0,0.15,20,20,<23>par,1002,0.9351,-2.129009625,0.2516900598866431,0.9306550000000018,0.1952366666666675,-0.5717516666666673,0.9309016666666696,0.194631666666667,0.928786666666668,0.0353149874999999,,0.0001974791666666,0.3949065048436185,0.4,32379
0.52,ascending,1.0,0.15,20,20,<23>par,1002,0.94,-2.13064575,0.2538695478723404,0.932914999999998,0.1954916666666672,-0.5729166666666702,0.9333749999999988,0.1950850000000006,0.931505,0.0355199708333333,,0.0001754125,0.3958568163664123,0.4,32654
0.52,ascending,1.0,0.15,20,20,<23>par,1002,0.95,-2.13295225,0.2568567105263158,0.9295933333333356,0.194926666666667,-0.5717383333333332,0.92964166666667,0.1943333333333334,0.9280683333333364,0.0349991375,,0.0001961458333333,0.3946739706260729,0.4,32287
0.52,ascending,1.0,0.15,20,20,<23>par,1002,0.96,-2.1361405625,0.2596069010416666,0.9291933333333342,0.1953150000000004,-0.5718300000000036,0.9295316666666682,0.1946966666666671,0.9271433333333352,0.0350042958333332,,0.0001931875,0.3945760748747723,0.4,32475
0.52,ascending,1.0,0.15,20,20,<23>par,1002,0.97,-2.137655249999999,0.2610990979381443,0.9289516666666708,0.1950549999999999,-0.5708983333333368,0.9289133333333351,0.194735,0.9274250000000036,0.0352999999999999,,0.0002016166666666,0.394281826016764,0.4,32999
0.52,ascending,1.0,0.15,20,20,<23>par,1002,0.98,-2.1407840624999994,0.2654215561224489,0.9249783333333365,0.1949150000000001,-0.570138333333338,0.9234316666666708,0.1942349999999996,0.9228450000000036,0.0345899624999999,,0.0002111541666666,0.3929720089352687,0.4,32904
0.52,ascending,1.0,0.15,20,20,<23>par,1002,0.99,-2.1429846875,0.2678479797979798,0.926855000000002,0.1949933333333336,-0.5705100000000004,0.9271616666666695,0.1944066666666672,0.9253016666666696,0.0350377458333334,,0.0001893875,0.3938070136904784,0.4,32711
0.52,ascending,1.0,0.15,20,20,<23>par,1002,1.0,-2.146637374999999,0.2713655,0.9223233333333366,0.1946199999999998,-0.5693500000000016,0.9224400000000056,0.1940783333333333,0.92034666666667,0.0342501250000001,,0.00021755,0.3923267838613394,0.4,32976
0.52,ascending,1.0,0.15,20,20,<23>par,1002,1.01,-2.1479954375,0.2738944306930693,0.922033333333338,0.1945016666666671,-0.5686300000000015,0.9223200000000056,0.1937150000000004,0.9200966666666732,0.0344169249999999,,0.0002128833333333,0.391975728772743,0.4,32944
0.52,ascending,1.0,0.15,20,20,<23>par,1002,1.02,-2.1539680624999997,0.2761905637254901,0.919756666666672,0.1943700000000008,-0.5680666666666684,0.919605000000006,0.1937600000000009,0.917426666666674,0.0341403125,,0.0002257458333333,0.3912645450205944,0.4,33242
0.52,ascending,1.0,0.15,20,20,<23>par,1002,1.1,-2.175392687499999,0.2997701136363636,0.9092700000000096,0.1936316666666668,-0.5636116666666677,0.9085516666666756,0.1929683333333336,0.9057966666666736,0.0332849708333333,,0.0002520625,0.3873810653240706,0.4,33897
0.52,ascending,1.0,0.15,20,20,<23>par,1002,1.2,-2.2055599375,0.3268453125,0.8861150000000063,0.1922450000000002,-0.5538849999999975,0.8860850000000062,0.1907483333333335,0.8811066666666727,0.0315691458333333,,0.0003447041666666,0.3788993986803715,0.4,34386
0.52,ascending,1.0,0.15,20,20,<23>par,1003,0.05,-2.012089,0.0135849999999999,0.999814999999998,0.1999766666666665,-0.5999316666666371,0.999814999999998,0.1999766666666665,0.999814999999998,0.0399814625000024,,4.625000000000001e-07,0.418823903410186,0.4,27030
0.52,ascending,1.0,0.15,20,20,<23>par,1003,0.1,-2.012298999999999,0.0265749999999999,0.9991799999999892,0.1999083333333331,-0.5996083333333075,0.9991799999999892,0.1999083333333331,0.9991799999999892,0.0399579333333351,,1.983333333333344e-06,0.4185854407477349,0.4,27206
0.52,ascending,1.0,0.15,20,20,<23>par,1003,0.2,-2.0171746875,0.05293,0.9965483333332988,0.1998049999999999,-0.5984999999999838,0.9966049999999654,0.1997916666666666,0.9965499999999654,0.0398424041666672,,8.51249999999994e-06,0.4176888257649336,0.4,27923
0.52,ascending,1.0,0.15,20,20,<23>par,1003,0.3,-2.024816874999999,0.07969,0.9935716666666268,0.1994833333333333,-0.5972916666666527,0.99356999999996,0.1994883333333333,0.9935799999999596,0.0396088916666668,,1.597499999999953e-05,0.4166759734501792,0.4,28520
0.52,ascending,1.0,0.15,20,20,<23>par,1003,0.4,-2.0333643125000003,0.1050215624999999,0.9896166666666328,0.1992083333333333,-0.5954199999999923,0.9896383333332998,0.199205,0.9896066666666328,0.0394617374999998,,2.771249999999933e-05,0.4152403539151592,0.4,29241
0.52,ascending,1.0,0.15,20,20,<23>par,1003,0.5,-2.045830625,0.1334329999999999,0.98128999999998,0.1985200000000004,-0.5924816666666628,0.9812083333333136,0.1984850000000003,0.9811649999999796,0.0387045791666666,,4.702916666666538e-05,0.4125370497137769,0.4,29633
0.52,ascending,1.0,0.15,20,20,<23>par,1003,0.6,-2.06061025,0.1605510416666666,0.9740533333333182,0.1980933333333337,-0.5891866666666652,0.9738866666666532,0.198061666666667,0.9737183333333204,0.0383724916666666,,6.934999999999801e-05,0.4099417758247928,0.4,30470
0.52,ascending,1.0,0.15,20,20,<23>par,1003,0.7,-2.0767080624999994,0.1867605357142857,0.9630049999999902,0.1975150000000005,-0.5849133333333327,0.9630983333333244,0.1972600000000006,0.9626849999999924,0.0376358291666665,,9.988749999999922e-05,0.4062251973778596,0.4,30785
0.52,ascending,1.0,0.15,20,20,<23>par,1003,0.8,-2.096683375,0.2152224999999999,0.9499899999999972,0.1964566666666673,-0.5796383333333347,0.9505099999999972,0.1962200000000007,0.948788333333332,0.0366081916666667,,0.000136675,0.4016481973803689,0.4,31803
0.52,ascending,1.0,0.15,20,20,<23>par,1003,0.86,-2.111069124999999,0.2309438953488371,0.9423449999999982,0.1959233333333341,-0.5776750000000025,0.9426033333333308,0.1955900000000006,0.9412816666666638,0.0357070833333333,,0.000155725,0.3993855747238766,0.4,32102
0.52,ascending,1.0,0.15,20,20,<23>par,1003,0.87,-2.114923375,0.2340797413793103,0.9415749999999964,0.1961033333333342,-0.576618333333336,0.941791666666662,0.1957783333333341,0.9406933333333288,0.0360698041666666,,0.0001524375,0.3989694293036691,0.4,31906
0.52,ascending,1.0,0.15,20,20,<23>par,1003,0.88,-2.1147391874999992,0.2371941761363636,0.9397216666666665,0.1961200000000005,-0.5758433333333345,0.940365,0.1958316666666672,0.9386799999999998,0.0360385374999999,,0.0001621875,0.398312153792217,0.4,32048
0.52,ascending,1.0,0.15,20,20,<23>par,1003,0.89,-2.116532375,0.2392633426966292,0.9388149999999984,0.1958766666666672,-0.5756600000000036,0.9393699999999964,0.1954100000000004,0.9379466666666636,0.0357188166666666,,0.0001509916666666,0.3981018560896117,0.4,31993
0.52,ascending,1.0,0.15,20,20,<23>par,1003,0.9,-2.1202186874999995,0.2440916666666666,0.9386166666666668,0.1956283333333338,-0.5748683333333358,0.9388816666666672,0.1952066666666671,0.937223333333335,0.0358642624999999,,0.0001639875,0.3977301792473227,0.4,32508
0.52,ascending,1.0,0.15,20,20,<23>par,1003,0.91,-2.1232079999999995,0.2454528846153846,0.9381299999999998,0.1955583333333343,-0.5755450000000031,0.9378899999999976,0.1951700000000009,0.9367733333333318,0.0354712833333333,,0.0001690916666666,0.3977715271498617,0.4,32385
0.52,ascending,1.0,0.15,20,20,<23>par,1003,0.92,-2.125827187499999,0.2471501358695652,0.9376483333333332,0.1955616666666675,-0.5742950000000027,0.937386666666664,0.1951066666666675,0.936529999999999,0.0358852333333333,,0.0001650083333333,0.3973558131099674,0.4,32485
0.52,ascending,1.0,0.15,20,20,<23>par,1003,0.93,-2.1283119375,0.2506432795698924,0.9317333333333356,0.195306666666667,-0.5733116666666717,0.9321616666666692,0.1948700000000001,0.9303566666666686,0.0350352124999999,,0.0001858375,0.3957231220208072,0.4,32842
0.52,ascending,1.0,0.15,20,20,<23>par,1003,0.9351,-2.1299398124999995,0.2513967757459094,0.9328650000000056,0.1952933333333337,-0.5740966666666709,0.9329950000000048,0.1947616666666667,0.9312483333333396,0.0348978874999999,,0.0001695791666666,0.396207340534705,0.4,32605
0.52,ascending,1.0,0.15,20,20,<23>par,1003,0.94,-2.1327694375,0.2542622340425531,0.9316266666666676,0.1950550000000007,-0.5714483333333363,0.9314650000000008,0.1943116666666671,0.9300100000000028,0.0355210625,,0.0001837208333333,0.3949576670248244,0.4,32312
0.52,ascending,1.0,0.15,20,20,<23>par,1003,0.95,-2.1329623749999995,0.2557753947368421,0.9321683333333346,0.195075,-0.572611666666671,0.9322650000000036,0.194715,0.9309650000000028,0.0352991958333333,,0.0001788958333333,0.3955701110968236,0.4,32447
0.52,ascending,1.0,0.15,20,20,<23>par,1003,0.96,-2.1354792499999995,0.2594584635416667,0.9275716666666696,0.1947616666666675,-0.5712450000000026,0.9270666666666708,0.1941433333333343,0.9262066666666704,0.0347910749999999,,0.0001994333333333,0.3939927698655325,0.4,32804
0.52,ascending,1.0,0.15,20,20,<23>par,1003,0.97,-2.1369263749999994,0.2611046391752577,0.927978333333336,0.1949400000000006,-0.5705016666666692,0.9276016666666724,0.194358333333334,0.9258716666666714,0.0351280874999999,,0.0001943041666666,0.3937984878980141,0.4,32425
0.52,ascending,1.0,0.15,20,20,<23>par,1003,0.98,-2.1401653125,0.2658128826530612,0.9241616666666717,0.1947816666666671,-0.5696000000000019,0.924246666666672,0.1942150000000005,0.9223333333333408,0.0345654833333333,,0.0002080666666666,0.3927759659018312,0.4,32390
0.52,ascending,1.0,0.15,20,20,<23>par,1003,0.99,-2.1432370625,0.2679305555555555,0.9273466666666692,0.1945333333333338,-0.5700766666666691,0.9280916666666716,0.19385,0.9262050000000048,0.0350499958333332,,0.0002043791666666,0.393701758603769,0.4,33204
0.52,ascending,1.0,0.15,20,20,<23>par,1003,1.0,-2.1461929374999986,0.271514,0.9220883333333366,0.1946300000000002,-0.5695433333333341,0.9211766666666716,0.1938400000000003,0.9195516666666732,0.0340090083333333,,0.0002203833333333,0.3921125852921951,0.4,32972
0.52,ascending,1.0,0.15,20,20,<23>par,1003,1.01,-2.1495658749999995,0.2730311881188118,0.9211416666666716,0.1945316666666669,-0.5685233333333357,0.9209166666666718,0.1936416666666668,0.91895833333334,0.0344165416666667,,0.0002215083333333,0.3916879703851442,0.4,32639
0.52,ascending,1.0,0.15,20,20,<23>par,1003,1.02,-2.152225,0.275858088235294,0.920350000000004,0.1943500000000007,-0.5681700000000028,0.9204066666666724,0.1937166666666668,0.9174183333333388,0.0339731916666666,,0.0002534916666666,0.3909193022187403,0.4,32954
0.52,ascending,1.0,0.15,20,20,<23>par,1003,1.1,-2.1741009999999994,0.2991869318181818,0.90643333333334,0.1934716666666672,-0.5620199999999992,0.9059083333333424,0.1925016666666664,0.9037016666666728,0.0334257791666667,,0.0002609125,0.3863100090942814,0.4,33213
0.52,ascending,1.0,0.15,20,20,<23>par,1003,1.2,-2.206226312500001,0.3265910416666666,0.888530000000006,0.1920000000000004,-0.5551633333333349,0.8872050000000055,0.1907583333333336,0.8843200000000018,0.0316910208333333,,0.0003520875,0.3799112163155109,0.4,34144
0.52,ascending,1.0,0.15,20,20,<23>par,1004,0.05,-2.012155124999999,0.0132825,0.9998649999999972,0.1999933333333331,-0.5999266666666377,0.9998649999999972,0.1999933333333331,0.9998649999999972,0.040000004166669,,3.3749999999999973e-07,0.4188342204894926,0.4,27055
0.52,ascending,1.0,0.15,20,20,<23>par,1004,0.1,-2.0137634374999998,0.0260999999999999,0.9994166666666596,0.1999516666666664,-0.5996916666666394,0.9994166666666596,0.1999516666666664,0.9994166666666596,0.039988825000002,,1.4666666666666652e-06,0.4186645402590669,0.4,27333
0.52,ascending,1.0,0.15,20,20,<23>par,1004,0.2,-2.017324,0.0540293749999999,0.9974599999999728,0.1997749999999998,-0.5989766666666457,0.9974866666666397,0.1997766666666665,0.9974566666666392,0.0398184083333343,,6.325000000000007e-06,0.4180235749620963,0.4,28026
0.52,ascending,1.0,0.15,20,20,<23>par,1004,0.3,-2.0232450625,0.07971375,0.9934983333332956,0.1994816666666666,-0.5974083333333225,0.9935066666666286,0.1994733333333332,0.993489999999962,0.0395410583333333,,1.6174999999999627e-05,0.4166934864858354,0.4,28553
0.52,ascending,1.0,0.15,20,20,<23>par,1004,0.4,-2.0325458125,0.1064390624999999,0.9889299999999676,0.19909,-0.5956166666666582,0.988946666666634,0.1990683333333333,0.9889099999999672,0.0391849083333333,,3.027499999999909e-05,0.4151539245635535,0.4,29242
0.52,ascending,1.0,0.15,20,20,<23>par,1004,0.5,-2.0456795,0.1324149999999999,0.98123833333331,0.1986216666666668,-0.5926266666666633,0.9813299999999776,0.1985350000000002,0.9812133333333112,0.0386445083333332,,4.92416666666652e-05,0.4125819514946319,0.4,29785
0.52,ascending,1.0,0.15,20,20,<23>par,1004,0.6,-2.059341625,0.1619189583333333,0.9731333333333174,0.1978750000000001,-0.5892566666666651,0.9730449999999832,0.1978200000000001,0.9728133333333164,0.0380952791666665,,6.716249999999782e-05,0.4097372997104385,0.4,30058
0.52,ascending,1.0,0.15,20,20,<23>par,1004,0.7,-2.077741937499999,0.1876421428571428,0.963684999999988,0.1975983333333337,-0.5854666666666672,0.9636283333333228,0.1974633333333338,0.9634199999999896,0.0375985791666665,,9.435416666666528e-05,0.4065980224797285,0.4,30950
0.52,ascending,1.0,0.15,20,20,<23>par,1004,0.8,-2.097723,0.214834375,0.9501299999999948,0.1964566666666671,-0.5798733333333341,0.9507416666666628,0.1961500000000005,0.9492166666666634,0.0365533208333332,,0.0001329125,0.4017976534641221,0.4,31545
0.52,ascending,1.0,0.15,20,20,<23>par,1004,0.86,-2.1116227500000004,0.2314408430232558,0.9462166666666622,0.1960000000000003,-0.5777750000000036,0.9462383333333312,0.1957633333333338,0.9454099999999966,0.0365184541666665,,0.0001359625,0.4003071466348026,0.4,31824
0.52,ascending,1.0,0.15,20,20,<23>par,1004,0.87,-2.1117701875,0.2338969827586206,0.9419466666666648,0.1956166666666666,-0.5765650000000022,0.9412516666666648,0.1951749999999997,0.9404616666666668,0.0358834041666666,,0.0001620541666666,0.398814506414345,0.4,31798
0.52,ascending,1.0,0.15,20,20,<23>par,1004,0.88,-2.115489749999999,0.2362586647727272,0.9430333333333322,0.1964866666666672,-0.576580000000004,0.9431616666666645,0.1960966666666673,0.9421983333333308,0.0364848958333332,,0.0001451958333333,0.399359675979786,0.4,31860
0.52,ascending,1.0,0.15,20,20,<23>par,1004,0.89,-2.1177892499999995,0.2392455056179775,0.9418733333333318,0.1959833333333335,-0.5764983333333348,0.9416066666666644,0.1955683333333338,0.9408099999999976,0.0360825083333332,,0.0001411583333333,0.3988935121894241,0.4,32147
0.52,ascending,1.0,0.15,20,20,<23>par,1004,0.9,-2.1215306875,0.2424780555555555,0.9373983333333346,0.195708333333334,-0.5750066666666696,0.9373466666666684,0.1952350000000007,0.9362566666666678,0.0356035333333333,,0.0001737333333333,0.3974101165721017,0.4,32407
0.52,ascending,1.0,0.15,20,20,<23>par,1004,0.91,-2.123181125,0.2454045329670329,0.9356833333333378,0.1954433333333334,-0.5738133333333366,0.9352300000000006,0.19493,0.9343933333333356,0.0355417916666666,,0.00017485,0.3966851182851751,0.4,32111
0.52,ascending,1.0,0.15,20,20,<23>par,1004,0.92,-2.1274805000000003,0.247830027173913,0.9350166666666672,0.195413333333334,-0.5742683333333373,0.935775000000002,0.1949216666666674,0.933673333333336,0.0353572791666666,,0.0001633541666666,0.3966921732754047,0.4,32252
0.52,ascending,1.0,0.15,20,20,<23>par,1004,0.93,-2.129170375,0.2513970430107526,0.9364083333333358,0.1954100000000004,-0.5746383333333351,0.9367766666666688,0.1949716666666668,0.9355650000000014,0.0355091166666667,,0.00017075,0.3971908112768028,0.4,32306
0.52,ascending,1.0,0.15,20,20,<23>par,1004,0.9351,-2.1295359375,0.2521370709015078,0.9344366666666708,0.1953566666666668,-0.5731233333333363,0.9345016666666692,0.1949249999999996,0.9328316666666698,0.0356022874999999,,0.0001806375,0.3961450123782967,0.4,32418
0.52,ascending,1.0,0.15,20,20,<23>par,1004,0.94,-2.1291694375,0.2532288563829787,0.933886666666668,0.1956783333333337,-0.5725466666666704,0.9337666666666702,0.1951483333333335,0.932453333333337,0.0357515583333333,,0.0001733083333333,0.3960077440636781,0.4,32331
0.52,ascending,1.0,0.15,20,20,<23>par,1004,0.95,-2.1317839374999994,0.2576228947368421,0.9299300000000011,0.1946866666666671,-0.5713700000000037,0.9300083333333342,0.1941150000000003,0.928445000000002,0.0351245291666666,,0.0001952625,0.3946213343117229,0.4,32330
0.52,ascending,1.0,0.15,20,20,<23>par,1004,0.96,-2.1365046875,0.2586472656249999,0.9299016666666696,0.1950050000000006,-0.5719900000000033,0.9299383333333374,0.1944350000000007,0.9279750000000044,0.0349112291666666,,0.0001924791666666,0.3947753185681539,0.4,32459
0.52,ascending,1.0,0.15,20,20,<23>par,1004,0.97,-2.1377996875,0.2624626288659794,0.9275900000000026,0.1947433333333335,-0.5713500000000034,0.9277566666666716,0.1942783333333332,0.9254716666666716,0.0345183166666665,,0.0002086,0.394041834153112,0.4,32558
0.52,ascending,1.0,0.15,20,20,<23>par,1004,0.98,-2.142069187499999,0.2661392857142857,0.9267166666666712,0.1947100000000005,-0.5715766666666678,0.9271266666666688,0.1940750000000002,0.9247700000000044,0.0343524749999999,,0.000208875,0.3939357254791159,0.4,32953
0.52,ascending,1.0,0.15,20,20,<23>par,1004,0.99,-2.1431799375,0.2673282828282828,0.9249666666666706,0.1944716666666673,-0.5695350000000035,0.9255200000000032,0.1937950000000003,0.9237066666666708,0.0347866833333333,,0.000189875,0.3930542809067131,0.4,32684
0.52,ascending,1.0,0.15,20,20,<23>par,1004,1.0,-2.145921374999999,0.272213,0.9242766666666704,0.194593333333334,-0.5698483333333334,0.9234650000000052,0.1940283333333343,0.9221950000000024,0.0345594124999999,,0.0002205375,0.3927242719838006,0.4,32924
0.52,ascending,1.0,0.15,20,20,<23>par,1004,1.01,-2.149226874999999,0.2747815594059405,0.9210883333333396,0.1945866666666669,-0.5690516666666701,0.921728333333338,0.1937833333333334,0.91893333333334,0.0341345958333334,,0.0002143958333333,0.3919215134859565,0.4,32895
0.52,ascending,1.0,0.15,20,20,<23>par,1004,1.02,-2.1522704999999984,0.276635906862745,0.9180366666666716,0.1943916666666671,-0.5674833333333354,0.9174666666666732,0.1937733333333335,0.915980000000006,0.0340949833333333,,0.00023475,0.3907350955623993,0.4,32904
0.52,ascending,1.0,0.15,20,20,<23>par,1004,1.1,-2.173566562499999,0.2975556818181817,0.90871833333334,0.193368333333333,-0.563278333333333,0.9077600000000092,0.1924216666666664,0.9059466666666756,0.0333029916666666,,0.000253825,0.3872566669223616,0.4,33491
0.52,ascending,1.0,0.15,20,20,<23>par,1004,1.2,-2.206504437499999,0.3280778124999999,0.887680000000004,0.1921916666666676,-0.5560966666666639,0.8878883333333435,0.1908883333333338,0.88385166666667,0.0311947375,,0.0003088625,0.3801155466344208,0.4,34484
0.52,ascending,1.0,0.15,20,20,<23>par,1005,0.05,-2.0119679374999992,0.0128924999999999,0.9998066666666632,0.1999833333333331,-0.5999433333333039,0.9998066666666632,0.1999833333333331,0.9998066666666632,0.0399777500000023,,4.6666666666666846e-07,0.4188268364336771,0.4,27174
0.52,ascending,1.0,0.15,20,20,<23>par,1005,0.1,-2.01398925,0.02677,0.9988749999999832,0.1999599999999998,-0.5995849999999738,0.9988749999999832,0.1999599999999998,0.9988749999999832,0.0399276625000015,,2.6541666666666945e-06,0.4185241748256501,0.4,27433
0.52,ascending,1.0,0.15,20,20,<23>par,1005,0.2,-2.0171975625,0.0531087499999999,0.9967766666666372,0.1997249999999999,-0.5986849999999817,0.9967766666666372,0.1997233333333332,0.9967816666666376,0.0397799500000007,,8.499999999999946e-06,0.417789665693236,0.4,27864
0.52,ascending,1.0,0.15,20,20,<23>par,1005,0.3,-2.022891562499999,0.0794733333333333,0.9932149999999628,0.1995116666666666,-0.5972333333333214,0.9932383333332968,0.1994766666666667,0.9932066666666296,0.0395649958333333,,1.7412499999999644e-05,0.416583008870986,0.4,28563
0.52,ascending,1.0,0.15,20,20,<23>par,1005,0.4,-2.0328423125,0.1064103124999999,0.9874983333333022,0.1991683333333334,-0.5949416666666606,0.987543333333302,0.1991133333333334,0.9874466666666352,0.0391944916666664,,3.2499999999999096e-05,0.4146719426812271,0.4,29067
0.52,ascending,1.0,0.15,20,20,<23>par,1005,0.5,-2.0458259375,0.13289325,0.9814399999999792,0.1985900000000001,-0.5923799999999964,0.981423333333313,0.1985233333333335,0.98148499999998,0.0388097749999997,,4.9466666666665215e-05,0.4125490034715801,0.4,29668
0.52,ascending,1.0,0.15,20,20,<23>par,1005,0.6,-2.0588265625,0.1595964583333333,0.9735849999999832,0.1980783333333338,-0.5890266666666648,0.9734266666666508,0.1979283333333338,0.9732783333333168,0.0383436333333331,,6.774999999999803e-05,0.4098059846611783,0.4,30387
0.52,ascending,1.0,0.15,20,20,<23>par,1005,0.7,-2.0787045625,0.1880142857142857,0.9629199999999905,0.1973016666666671,-0.5853766666666661,0.9631033333333232,0.1971500000000005,0.9623949999999908,0.0373819833333331,,9.550833333333233e-05,0.4063430544317368,0.4,31382
0.52,ascending,1.0,0.15,20,20,<23>par,1005,0.8,-2.097209812499999,0.2146742187499999,0.9507416666666616,0.196253333333334,-0.5803300000000036,0.9506299999999956,0.196133333333334,0.9499349999999956,0.0364797916666665,,0.0001282083333333,0.4021254194577988,0.4,31494
0.52,ascending,1.0,0.15,20,20,<23>par,1005,0.86,-2.1116919375,0.2308277616279069,0.9439333333333306,0.1955716666666672,-0.5771683333333364,0.9444966666666644,0.1953766666666673,0.9430850000000002,0.0361522333333333,,0.000145775,0.3995757924973864,0.4,31812
0.52,ascending,1.0,0.15,20,20,<23>par,1005,0.87,-2.113403125,0.2338586206896551,0.9422266666666652,0.1957216666666676,-0.576541666666669,0.941811666666666,0.1954766666666674,0.9410233333333312,0.0359921041666666,,0.0001580625,0.399011425829657,0.4,32286
0.52,ascending,1.0,0.15,20,20,<23>par,1005,0.88,-2.1154768749999997,0.2362019886363636,0.9410583333333326,0.1955216666666673,-0.5757083333333362,0.9409433333333324,0.1951033333333338,0.9399433333333348,0.0360129249999999,,0.0001581916666666,0.3983975999991346,0.4,31862
0.52,ascending,1.0,0.15,20,20,<23>par,1005,0.89,-2.1180696249999995,0.2397762640449438,0.9389816666666652,0.1953150000000007,-0.5758000000000016,0.9390016666666644,0.1949450000000008,0.9376799999999998,0.0354407208333334,,0.0001632124999999,0.398011441793313,0.4,32250
0.52,ascending,1.0,0.15,20,20,<23>par,1005,0.9,-2.1199775,0.2418219444444444,0.9365933333333324,0.1952883333333341,-0.5747550000000032,0.9366866666666664,0.1948583333333341,0.935481666666666,0.0353666249999999,,0.0001684666666666,0.3972201531212999,0.4,32254
0.52,ascending,1.0,0.15,20,20,<23>par,1005,0.91,-2.122433,0.2449777472527472,0.9377100000000026,0.1956700000000009,-0.5756000000000024,0.9382266666666692,0.1953116666666676,0.936579999999999,0.0354113166666665,,0.0001745166666666,0.3977501073120885,0.4,32152
0.52,ascending,1.0,0.15,20,20,<23>par,1005,0.92,-2.1244508124999992,0.2467543478260869,0.9368699999999992,0.1954716666666672,-0.5747166666666703,0.9373116666666672,0.1951283333333336,0.9357466666666672,0.0356744624999999,,0.0001712291666666,0.3972611138474471,0.4,32391
0.52,ascending,1.0,0.15,20,20,<23>par,1005,0.93,-2.1279959375,0.2507481182795699,0.9332166666666668,0.1954366666666675,-0.5732616666666692,0.9330316666666666,0.1948383333333339,0.9318616666666664,0.0353136958333333,,0.0001731125,0.3960768627668397,0.4,32412
0.52,ascending,1.0,0.15,20,20,<23>par,1005,0.9351,-2.12960975,0.2514467703988878,0.9312816666666656,0.195258333333334,-0.5731150000000026,0.9316583333333328,0.1947050000000005,0.9292516666666668,0.0347892791666667,,0.0001876625,0.395395806164254,0.4,32428
0.52,ascending,1.0,0.15,20,20,<23>par,1005,0.94,-2.1322678124999994,0.2535696808510638,0.9315433333333372,0.1951133333333338,-0.5729933333333364,0.9316400000000018,0.1946800000000005,0.929826666666671,0.0349948833333333,,0.0001896666666666,0.395468543142259,0.4,32287
0.52,ascending,1.0,0.15,20,20,<23>par,1005,0.95,-2.1331654374999998,0.2571994736842105,0.9313916666666684,0.1951316666666667,-0.5730883333333364,0.9311750000000008,0.194656666666667,0.9298933333333376,0.0348967958333332,,0.0001880375,0.395456893233284,0.4,32158
0.52,ascending,1.0,0.15,20,20,<23>par,1005,0.96,-2.1359068749999994,0.258569140625,0.9311516666666668,0.1952166666666668,-0.572216666666671,0.9315066666666658,0.1946766666666669,0.9298366666666672,0.0352966583333332,,0.0001860916666666,0.3952198130698254,0.4,32640
0.52,ascending,1.0,0.15,20,20,<23>par,1005,0.97,-2.1372445625,0.2626980670103093,0.9276433333333356,0.1946150000000009,-0.5718583333333366,0.9281550000000026,0.1942400000000008,0.9256500000000047,0.0342103958333334,,0.0001999458333333,0.3942439182017151,0.4,32720
0.52,ascending,1.0,0.15,20,20,<23>par,1005,0.98,-2.140658625,0.2644968112244898,0.923723333333334,0.1945916666666667,-0.5697300000000016,0.9239900000000036,0.1939916666666671,0.9221116666666684,0.0345459916666667,,0.0002119166666666,0.3927689116015416,0.4,32550
0.52,ascending,1.0,0.15,20,20,<23>par,1005,0.99,-2.142856374999999,0.2678176767676767,0.9252866666666706,0.1948850000000007,-0.5698250000000022,0.925043333333338,0.194076666666667,0.9230766666666737,0.0347575499999999,,0.000194125,0.3930339396073765,0.4,32724
0.52,ascending,1.0,0.15,20,20,<23>par,1005,1.0,-2.1457443750000005,0.2707889999999999,0.9229116666666716,0.1943150000000004,-0.5686066666666697,0.9223500000000042,0.1936199999999999,0.9207700000000044,0.034511725,,0.0002060666666666,0.3920419807717941,0.4,32953
0.52,ascending,1.0,0.15,20,20,<23>par,1005,1.01,-2.149334375,0.2733410891089108,0.9214400000000044,0.1944316666666671,-0.5695566666666688,0.9215016666666738,0.1938650000000005,0.9185566666666736,0.0339111458333333,,0.0002161125,0.3919536144149284,0.4,32917
0.52,ascending,1.0,0.15,20,20,<23>par,1005,1.02,-2.151780625,0.2759105392156862,0.9189233333333396,0.1942200000000006,-0.5670133333333345,0.9187300000000048,0.1934400000000009,0.917020000000005,0.0344300083333334,,0.0002161666666666,0.3907761175479521,0.4,33308
0.52,ascending,1.0,0.15,20,20,<23>par,1005,1.1,-2.1744086874999997,0.2998431818181818,0.903731666666677,0.1932666666666666,-0.5630950000000039,0.904036666666676,0.1923866666666662,0.9006366666666767,0.0323195,,0.000271575,0.3860251067169771,0.4,33493
0.52,ascending,1.0,0.15,20,20,<23>par,1005,1.2,-2.2063580625,0.327686875,0.888425000000006,0.1919550000000009,-0.5555516666666656,0.8884583333333427,0.190895000000001,0.8841250000000047,0.0316663791666667,,0.0003165291666666,0.3800008453976012,0.4,34027
0.52,ascending,1.0,0.15,20,20,<23>par,1006,0.05,-2.012496874999999,0.0129799999999999,0.999678333333328,0.1999766666666665,-0.5999333333333035,0.999678333333328,0.1999766666666665,0.999678333333328,0.0399537958333355,,8.041666666666645e-07,0.4187974391960917,0.4,27142
0.52,ascending,1.0,0.15,20,20,<23>par,1006,0.1,-2.012968375,0.0265562499999999,0.9994299999999924,0.1999466666666665,-0.5997666666666392,0.9994299999999924,0.1999466666666665,0.9994299999999924,0.0399594333333353,,1.4249999999999982e-06,0.4186907953100506,0.4,27346
0.52,ascending,1.0,0.15,20,20,<23>par,1006,0.2,-2.017239687499999,0.0539899999999999,0.9969916666666392,0.1997799999999999,-0.5987333333333148,0.9969916666666392,0.1997899999999998,0.997003333333306,0.0398276541666675,,7.329166666666612e-06,0.4178561267517738,0.4,27910
0.52,ascending,1.0,0.15,20,20,<23>par,1006,0.3,-2.0246517499999994,0.0794783333333333,0.9932499999999572,0.19957,-0.5974166666666529,0.993324999999957,0.19957,0.9932349999999572,0.0395297041666666,,1.6520833333332892e-05,0.4166595640515418,0.4,28466
0.52,ascending,1.0,0.15,20,20,<23>par,1006,0.4,-2.0319705624999997,0.1059762499999999,0.9885716666666332,0.1992266666666667,-0.5957299999999922,0.9885549999999668,0.1991766666666667,0.9885549999999664,0.0391320208333331,,2.8462499999999188e-05,0.4151412793074769,0.4,29095
0.52,ascending,1.0,0.15,20,20,<23>par,1006,0.5,-2.045913875,0.1339929999999999,0.981379999999978,0.1987466666666667,-0.5928566666666636,0.9814149999999776,0.1987316666666667,0.9812583333333113,0.0386658874999999,,4.812083333333191e-05,0.4127003191360919,0.4,29719
0.52,ascending,1.0,0.15,20,20,<23>par,1006,0.6,-2.0585008125,0.1613241666666666,0.9720866666666502,0.1982583333333336,-0.5885299999999989,0.971891666666651,0.1981500000000003,0.9716933333333176,0.0382590208333332,,7.553749999999798e-05,0.4093346462938513,0.4,30033
0.52,ascending,1.0,0.15,20,20,<23>par,1006,0.7,-2.0768031874999995,0.1879989285714285,0.962603333333322,0.1975966666666668,-0.5843083333333349,0.9626733333333208,0.1973583333333332,0.9621416666666558,0.0378168333333332,,9.390833333333246e-05,0.4059617715096414,0.4,30939
0.52,ascending,1.0,0.15,20,20,<23>par,1006,0.8,-2.096858124999999,0.2152031249999999,0.950151666666662,0.1964600000000002,-0.5805300000000035,0.950471666666662,0.1961833333333334,0.9496733333333292,0.0364417624999999,,0.0001258958333333,0.4021008742054977,0.4,31848
0.52,ascending,1.0,0.15,20,20,<23>par,1006,0.86,-2.1116737499999987,0.2327398255813953,0.9434766666666664,0.1958950000000009,-0.5772683333333366,0.9434383333333318,0.1956033333333344,0.9425116666666672,0.0361062874999999,,0.0001494041666666,0.3995026690587056,0.4,32025
0.52,ascending,1.0,0.15,20,20,<23>par,1006,0.87,-2.1138440000000003,0.2341768678160919,0.942721666666663,0.1958550000000006,-0.5769466666666685,0.9428866666666648,0.1957133333333339,0.9414750000000002,0.0360392999999999,,0.00015605,0.3992315098218327,0.4,31992
0.52,ascending,1.0,0.15,20,20,<23>par,1006,0.88,-2.1158193124999998,0.2368884943181818,0.9414299999999992,0.1959200000000003,-0.5771933333333357,0.9411916666666652,0.1955450000000002,0.9397349999999984,0.0355726791666666,,0.0001712458333333,0.3989051057824051,0.4,31717
0.52,ascending,1.0,0.15,20,20,<23>par,1006,0.89,-2.1184088125,0.2399566011235954,0.9427649999999964,0.1955766666666671,-0.5765050000000029,0.9423449999999972,0.1951933333333337,0.941578333333334,0.0360663125,,0.0001629208333333,0.3990280933068827,0.4,32069
0.52,ascending,1.0,0.15,20,20,<23>par,1006,0.9,-2.1203559999999992,0.2423295833333333,0.937413333333334,0.195761666666667,-0.5747916666666706,0.9367616666666648,0.195371666666667,0.9355200000000016,0.0355884958333332,,0.0001764875,0.3973245799343142,0.4,32111
0.52,ascending,1.0,0.15,20,20,<23>par,1006,0.91,-2.1247311249999994,0.2463298076923076,0.9356499999999992,0.1956683333333337,-0.5749383333333375,0.9356616666666638,0.1952200000000004,0.9342716666666636,0.0353069374999999,,0.0001727458333333,0.3970727631020349,0.4,32612
0.52,ascending,1.0,0.15,20,20,<23>par,1006,0.92,-2.1263417500000004,0.2474213315217391,0.9372666666666682,0.1953533333333338,-0.5745016666666681,0.9378516666666664,0.1949750000000001,0.9362683333333374,0.0357634625,,0.0001604291666666,0.397261363156615,0.4,32793
0.52,ascending,1.0,0.15,20,20,<23>par,1006,0.93,-2.1257836875,0.2511064516129032,0.9330466666666668,0.1955116666666675,-0.5730350000000048,0.9327016666666692,0.1950383333333341,0.9314833333333358,0.0354543208333333,,0.0001790791666666,0.3958359154258373,0.4,32337
0.52,ascending,1.0,0.15,20,20,<23>par,1006,0.9351,-2.1310381875,0.2524758047267672,0.9314200000000008,0.1954483333333335,-0.5739300000000037,0.9313716666666662,0.1950633333333336,0.9295600000000014,0.0346611541666667,,0.0001952708333333,0.3957203767037003,0.4,32398
0.52,ascending,1.0,0.15,20,20,<23>par,1006,0.94,-2.1298568749999998,0.253888164893617,0.9333883333333332,0.1951350000000005,-0.5727800000000038,0.9335333333333314,0.1945350000000006,0.931910000000001,0.0354610499999999,,0.0001867083333333,0.3958238622704885,0.4,32377
0.52,ascending,1.0,0.15,20,20,<23>par,1006,0.95,-2.1311000625,0.2570413157894737,0.9293616666666688,0.1952216666666673,-0.5717200000000032,0.9296983333333356,0.1945416666666671,0.927935000000002,0.0351316791666665,,0.0001987541666666,0.3946218498529434,0.4,32509
0.52,ascending,1.0,0.15,20,20,<23>par,1006,0.96,-2.1339259374999995,0.2583954427083333,0.9293583333333372,0.1946900000000007,-0.571503333333336,0.9289200000000029,0.194178333333334,0.927811666666669,0.0349257583333332,,0.00018085,0.3945218059053611,0.4,32385
0.52,ascending,1.0,0.15,20,20,<23>par,1006,0.97,-2.1377011875,0.2619970360824742,0.9271100000000038,0.1949166666666674,-0.5711483333333378,0.9267116666666708,0.1943166666666673,0.9252533333333368,0.0347204791666665,,0.0002051458333333,0.3938668062491848,0.4,32593
0.52,ascending,1.0,0.15,20,20,<23>par,1006,0.98,-2.141614374999999,0.2639382653061224,0.9260616666666714,0.1947183333333337,-0.5707083333333371,0.9265200000000032,0.1943900000000004,0.9245566666666718,0.0346562833333333,,0.00020365,0.3936040741995296,0.4,32828
0.52,ascending,1.0,0.15,20,20,<23>par,1006,0.99,-2.144313437499999,0.2675743686868687,0.9264750000000016,0.1950600000000007,-0.5697583333333377,0.9272050000000022,0.1945466666666673,0.924731666666668,0.0351151874999999,,0.0001931041666666,0.3934229237221229,0.4,32818
0.52,ascending,1.0,0.15,20,20,<23>par,1006,1.0,-2.1457120624999995,0.2706561249999999,0.9246583333333364,0.194678333333334,-0.5694966666666703,0.9250050000000068,0.1941116666666674,0.9227400000000052,0.0347996041666666,,0.0002001708333333,0.3928571302098376,0.4,33044
0.52,ascending,1.0,0.15,20,20,<23>par,1006,1.01,-2.1492388124999997,0.2736373762376237,0.9220166666666744,0.1947083333333333,-0.5691283333333367,0.9222366666666714,0.193998333333333,0.9198166666666718,0.0344765083333332,,0.0002162583333333,0.3919899658482229,0.4,33127
0.52,ascending,1.0,0.15,20,20,<23>par,1006,1.02,-2.15174,0.2770522058823529,0.9199966666666743,0.1946283333333342,-0.567373333333338,0.9201300000000052,0.1940000000000007,0.9177500000000056,0.0345647333333333,,0.0002086666666666,0.3912373492170218,0.4,32851
0.52,ascending,1.0,0.15,20,20,<23>par,1006,1.1,-2.1729120625,0.2991904545454545,0.9057850000000084,0.1933000000000002,-0.5636366666666675,0.905655000000009,0.192388333333334,0.9026250000000076,0.0327180875000001,,0.0002651708333333,0.3865982203298894,0.4,33617
0.52,ascending,1.0,0.15,20,20,<23>par,1006,1.2,-2.2068335625,0.3269665624999999,0.8877650000000097,0.192208333333334,-0.5544549999999995,0.8867650000000079,0.190685000000001,0.8832700000000068,0.0317158208333334,,0.0003274375,0.3796150236249003,0.4,34346
0.52,ascending,1.0,0.15,20,20,<23>par,1007,0.05,-2.0130684375,0.0137699999999999,0.9997683333333296,0.1999833333333331,-0.5999366666666373,0.9997683333333296,0.1999833333333331,0.9997683333333296,0.0399729208333356,,5.791666666666642e-07,0.4188171313979675,0.4,27245
0.52,ascending,1.0,0.15,20,20,<23>par,1007,0.1,-2.0138540000000003,0.0256425,0.9993983333333256,0.1999483333333331,-0.5997933333333052,0.9993983333333256,0.1999483333333331,0.9993983333333256,0.0399431208333353,,1.4374999999999966e-06,0.4186934109862696,0.4,27616
0.52,ascending,1.0,0.15,20,20,<23>par,1007,0.2,-2.017911624999999,0.0534893749999999,0.9976933333333072,0.1997799999999999,-0.5989949999999791,0.9976899999999738,0.1997799999999999,0.9976899999999738,0.039857800000001,,5.69166666666672e-06,0.4180774543880116,0.4,27926
0.52,ascending,1.0,0.15,20,20,<23>par,1007,0.3,-2.024129187499999,0.08001,0.993034999999962,0.1995133333333332,-0.5971499999999892,0.9929933333332952,0.1995249999999999,0.9929733333332952,0.0395595999999999,,1.818333333333296e-05,0.4165194161985983,0.4,28233
0.52,ascending,1.0,0.15,20,20,<23>par,1007,0.4,-2.03399675,0.1066703124999999,0.987838333333301,0.199075,-0.595561666666658,0.9878316666666336,0.1990166666666667,0.9877399999999678,0.0389769541666665,,3.0187499999999067e-05,0.4149057799893557,0.4,28925
0.52,ascending,1.0,0.15,20,20,<23>par,1007,0.5,-2.0448816875,0.1330017499999999,0.9821233333333108,0.1986416666666668,-0.5924716666666644,0.9821149999999768,0.1985566666666668,0.9820666666666432,0.0389224791666664,,4.425416666666552e-05,0.4127151273750031,0.4,29475
0.52,ascending,1.0,0.15,20,20,<23>par,1007,0.6,-2.0592457499999988,0.1593847916666666,0.9742349999999844,0.198021666666667,-0.5893583333333311,0.97405666666665,0.197976666666667,0.973809999999984,0.0382928916666666,,6.831666666666461e-05,0.410002575524117,0.4,30151
0.52,ascending,1.0,0.15,20,20,<23>par,1007,0.7,-2.078132187499999,0.1873771428571428,0.963156666666658,0.1973366666666672,-0.5848833333333334,0.9629849999999904,0.1971000000000006,0.9628433333333244,0.0375815291666665,,9.623749999999858e-05,0.4062725610049851,0.4,31094
0.52,ascending,1.0,0.15,20,20,<23>par,1007,0.8,-2.0974661249999995,0.2145056249999999,0.9530099999999966,0.1966250000000005,-0.5810550000000018,0.9529333333333286,0.1964950000000004,0.9523116666666642,0.036857225,,0.0001156916666666,0.4028472152492163,0.4,31373
0.52,ascending,1.0,0.15,20,20,<23>par,1007,0.86,-2.1101069375,0.2306274709302325,0.9447133333333324,0.1959216666666673,-0.5774316666666685,0.9448116666666636,0.1956316666666673,0.943901666666663,0.0362970624999999,,0.0001454708333333,0.3998655921415148,0.4,32060
0.52,ascending,1.0,0.15,20,20,<23>par,1007,0.87,-2.112713249999999,0.2338685344827586,0.9438649999999976,0.1961366666666674,-0.577645000000002,0.9431733333333316,0.195723333333334,0.9427966666666656,0.0361140083333331,,0.000148825,0.3997483052984683,0.4,32186
0.52,ascending,1.0,0.15,20,20,<23>par,1007,0.88,-2.1157951874999994,0.2376305397727272,0.9407566666666638,0.1956300000000006,-0.5760166666666708,0.9403799999999984,0.1953750000000005,0.939228333333332,0.035858875,,0.000164375,0.3983685479729297,0.4,32254
0.52,ascending,1.0,0.15,20,20,<23>par,1007,0.89,-2.1182881875,0.2410880617977527,0.9382299999999988,0.1956433333333338,-0.5762550000000031,0.9388999999999972,0.1952050000000006,0.937214999999999,0.0353828333333332,,0.0001576333333333,0.3980468420500165,0.4,32202
0.52,ascending,1.0,0.15,20,20,<23>par,1007,0.9,-2.120526125,0.2425081944444444,0.9373516666666682,0.1956300000000007,-0.5751366666666697,0.9372616666666682,0.1952616666666674,0.9362333333333338,0.0354608708333332,,0.0001673208333333,0.3975001018408478,0.4,32730
0.52,ascending,1.0,0.15,20,20,<23>par,1007,0.91,-2.122353499999999,0.2453053571428571,0.932905000000002,0.1955166666666676,-0.5744833333333346,0.9331083333333344,0.1948733333333344,0.9315216666666676,0.0347023458333333,,0.0001830958333333,0.3962986417588607,0.4,32343
0.52,ascending,1.0,0.15,20,20,<23>par,1007,0.92,-2.124465124999999,0.2477513586956521,0.9350066666666692,0.1956600000000007,-0.5730716666666693,0.935851666666672,0.1952516666666672,0.9334566666666692,0.0358888458333333,,0.0001766208333333,0.3963200636594297,0.4,32273
0.52,ascending,1.0,0.15,20,20,<23>par,1007,0.93,-2.126685562499999,0.2515129032258064,0.9338983333333336,0.195103333333334,-0.5732083333333358,0.934443333333334,0.1947116666666677,0.9330866666666664,0.0355409583333333,,0.000166525,0.3961933792421193,0.4,32335
0.52,ascending,1.0,0.15,20,20,<23>par,1007,0.9351,-2.1286020625,0.2514434285103197,0.9341483333333326,0.1954866666666675,-0.5733466666666701,0.9339616666666656,0.1949216666666679,0.9325616666666678,0.0354929041666667,,0.0001718875,0.3962182348345943,0.4,32392
0.52,ascending,1.0,0.15,20,20,<23>par,1007,0.94,-2.1294515625,0.2529163563829787,0.9341116666666658,0.1953666666666672,-0.5729283333333345,0.9343299999999988,0.1949216666666672,0.9325616666666652,0.0355573416666666,,0.0001859583333333,0.3960945832135182,0.4,32670
0.52,ascending,1.0,0.15,20,20,<23>par,1007,0.95,-2.131625875,0.2554767105263158,0.9314616666666669,0.1948449999999998,-0.5723799999999996,0.9314733333333372,0.1943700000000001,0.9300900000000004,0.035170075,,0.000190875,0.395306926571325,0.4,32492
0.52,ascending,1.0,0.15,20,20,<23>par,1007,0.96,-2.1366631249999988,0.25843125,0.9289283333333354,0.1950966666666673,-0.5712416666666693,0.928563333333336,0.1944100000000005,0.9272550000000034,0.0350444083333333,,0.0001901833333333,0.3943250294698368,0.4,32526
0.52,ascending,1.0,0.15,20,20,<23>par,1007,0.97,-2.1377281875,0.2610431701030928,0.9297233333333316,0.1949350000000006,-0.572551666666669,0.929825000000003,0.1944533333333339,0.928250000000002,0.0347743958333333,,0.0001868541666666,0.3950701643144725,0.4,32805
0.52,ascending,1.0,0.15,20,20,<23>par,1007,0.98,-2.1402570625,0.2646501275510204,0.9268566666666692,0.194823333333334,-0.5713083333333349,0.92680666666667,0.1944833333333341,0.9253133333333348,0.0347333333333332,,0.0001970833333333,0.3939946918655964,0.4,32897
0.52,ascending,1.0,0.15,20,20,<23>par,1007,0.99,-2.1449828749999997,0.268132702020202,0.9242050000000038,0.1946383333333337,-0.5694783333333362,0.924035000000002,0.1941066666666664,0.9224983333333364,0.0346512124999999,,0.0001992958333333,0.392786454043448,0.4,32853
0.52,ascending,1.0,0.15,20,20,<23>par,1007,1.0,-2.146131375,0.2706129999999999,0.9229400000000016,0.1946483333333338,-0.5678033333333352,0.9230866666666708,0.194138333333334,0.9209250000000055,0.0351369333333333,,0.0002087,0.3919952086295589,0.4,33141
0.52,ascending,1.0,0.15,20,20,<23>par,1007,1.01,-2.1485961875,0.2736735148514851,0.9222333333333388,0.1943166666666668,-0.5676950000000042,0.9221866666666712,0.194065,0.9199966666666716,0.0347865,,0.0002044,0.3917395066012317,0.4,33005
0.52,ascending,1.0,0.15,20,20,<23>par,1007,1.02,-2.152397749999999,0.2766053921568627,0.9227550000000018,0.1946383333333336,-0.5679883333333359,0.9229066666666722,0.1938650000000005,0.9207033333333382,0.0348706749999999,,0.0002135083333333,0.3920710314417941,0.4,32993
0.52,ascending,1.0,0.15,20,20,<23>par,1007,1.1,-2.174731187499999,0.2968325,0.9083133333333432,0.1933366666666667,-0.5625666666666651,0.9084200000000128,0.1923816666666662,0.9054316666666798,0.033614725,,0.0002461666666666,0.3868693865227561,0.4,33551
0.52,ascending,1.0,0.15,20,20,<23>par,1007,1.2,-2.206200312499999,0.3281279166666666,0.8857400000000077,0.1921400000000007,-0.555678333333332,0.8859483333333374,0.1906866666666677,0.8814066666666711,0.0309307125,,0.0003414708333333,0.3794170512805271,0.4,34363
0.52,ascending,1.0,0.15,20,20,<23>par,1008,0.05,-2.0127369375,0.0133874999999999,0.9997883333333314,0.1999683333333331,-0.5999349999999706,0.9997883333333314,0.1999683333333331,0.9997883333333314,0.0399715125000024,,5.291666666666658e-07,0.4188186988598139,0.4,27163
0.52,ascending,1.0,0.15,20,20,<23>par,1008,0.1,-2.012500437499999,0.0259537499999999,0.999373333333324,0.1999383333333331,-0.5996299999999741,0.999373333333324,0.1999383333333331,0.999373333333324,0.0399994416666686,,1.4416666666666642e-06,0.4186343691413265,0.4,27449
0.52,ascending,1.0,0.15,20,20,<23>par,1008,0.2,-2.017459312499999,0.0531418749999999,0.9967283333333024,0.1997449999999999,-0.5987533333333134,0.996736666666636,0.1997333333333332,0.996726666666636,0.039746408333334,,7.874999999999939e-06,0.4178030522827625,0.4,27716
0.52,ascending,1.0,0.15,20,20,<23>par,1008,0.3,-2.02437325,0.0789445833333333,0.9935416666666268,0.1995266666666666,-0.5973349999999868,0.9935283333332936,0.1995283333333333,0.9935599999999608,0.0396017041666668,,1.6229166666666264e-05,0.4166866465431518,0.4,28500
0.52,ascending,1.0,0.15,20,20,<23>par,1008,0.4,-2.032089437499999,0.1065459375,0.9887716666666369,0.1992066666666667,-0.5954233333333268,0.988838333333302,0.1991950000000001,0.9888333333333033,0.0392848541666665,,2.745416666666577e-05,0.415090266838851,0.4,29226
0.52,ascending,1.0,0.15,20,20,<23>par,1008,0.5,-2.0463821874999994,0.1338772499999999,0.981908333333308,0.1986350000000003,-0.5929683333333293,0.981828333333308,0.198576666666667,0.9818216666666406,0.0386561708333333,,4.844583333333191e-05,0.4128431134487094,0.4,29603
0.52,ascending,1.0,0.15,20,20,<23>par,1008,0.6,-2.060324187499999,0.1610777083333333,0.9739016666666512,0.1981833333333336,-0.5893216666666651,0.9737666666666508,0.1981416666666669,0.9736099999999844,0.0383315499999999,,6.793333333333148e-05,0.409966478858398,0.4,29965
0.52,ascending,1.0,0.15,20,20,<23>par,1008,0.7,-2.0770679375,0.1866912499999999,0.9629816666666569,0.197521666666667,-0.5853949999999988,0.963133333333322,0.1973350000000004,0.9627216666666554,0.0374958833333332,,9.294999999999848e-05,0.4064089603046727,0.4,30832
0.52,ascending,1.0,0.15,20,20,<23>par,1008,0.8,-2.0991898125,0.2149939062499999,0.950916666666662,0.1964016666666674,-0.5804750000000032,0.9505599999999992,0.1961966666666671,0.9497433333333308,0.03644565,,0.0001371999999999,0.4020737332159353,0.4,31272
0.52,ascending,1.0,0.15,20,20,<23>par,1008,0.86,-2.1114483124999994,0.2316706395348837,0.9429933333333316,0.195841666666667,-0.5771200000000031,0.942578333333332,0.1955750000000007,0.9421499999999974,0.0360209458333332,,0.0001446708333333,0.3993988173022874,0.4,32316
0.52,ascending,1.0,0.15,20,20,<23>par,1008,0.87,-2.1131466875,0.2333081896551724,0.9425316666666628,0.1959383333333338,-0.5766783333333364,0.9424283333333304,0.1956500000000002,0.9413766666666652,0.0361129625000001,,0.0001529458333333,0.3990625139356782,0.4,32268
0.52,ascending,1.0,0.15,20,20,<23>par,1008,0.88,-2.114137874999999,0.2374411931818181,0.941478333333333,0.1957766666666671,-0.5769966666666699,0.940976666666666,0.1955183333333339,0.9399983333333336,0.0356705083333334,,0.0001643083333333,0.3989257986320076,0.4,31977
0.52,ascending,1.0,0.15,20,20,<23>par,1008,0.89,-2.1186676875,0.2395244382022471,0.9385833333333335,0.1957016666666669,-0.5756033333333364,0.9388033333333328,0.1952833333333334,0.9376283333333334,0.0357457249999999,,0.0001691083333333,0.3979787713551831,0.4,32337
0.52,ascending,1.0,0.15,20,20,<23>par,1008,0.9,-2.1177543125,0.2424424999999999,0.938128333333332,0.1958066666666671,-0.5745283333333359,0.9380216666666654,0.1954216666666671,0.9365350000000005,0.0359909291666666,,0.0001716625,0.397373386885602,0.4,32202
0.52,ascending,1.0,0.15,20,20,<23>par,1008,0.91,-2.12144775,0.2447572802197802,0.9356133333333362,0.1957400000000005,-0.5747400000000021,0.9362283333333352,0.1952616666666677,0.9345850000000048,0.0353766624999999,,0.0001729708333333,0.3971077047717571,0.4,32337
0.52,ascending,1.0,0.15,20,20,<23>par,1008,0.92,-2.125574875,0.2478679347826086,0.9348799999999988,0.1953900000000012,-0.5745950000000026,0.9344533333333336,0.1949483333333345,0.9334766666666656,0.035194775,,0.0001907916666666,0.3966598948398322,0.4,32539
0.52,ascending,1.0,0.15,20,20,<23>par,1008,0.93,-2.1281898749999995,0.2510186827956989,0.933978333333334,0.1954816666666676,-0.573778333333337,0.9339183333333352,0.1950233333333339,0.9322900000000028,0.0353177874999999,,0.0001913708333333,0.3962462627062559,0.4,32579
0.52,ascending,1.0,0.15,20,20,<23>par,1008,0.9351,-2.1291348125000003,0.2524036199336968,0.9328266666666692,0.195258333333334,-0.5728950000000052,0.9328850000000042,0.1948716666666673,0.9311083333333364,0.0352480624999999,,0.0001821625,0.3957178695116381,0.4,32467
0.52,ascending,1.0,0.15,20,20,<23>par,1008,0.94,-2.1295658749999995,0.2546425531914894,0.9313666666666708,0.1950383333333337,-0.5723600000000022,0.931573333333337,0.1946100000000004,0.9297300000000032,0.0351093583333332,,0.0001868833333333,0.3952697031291424,0.4,32502
0.52,ascending,1.0,0.15,20,20,<23>par,1008,0.95,-2.1320440625000003,0.2554717105263158,0.9333916666666694,0.1951866666666673,-0.5734883333333363,0.9333400000000016,0.194491666666667,0.9319883333333352,0.0351451666666667,,0.0001788333333333,0.3960820729827666,0.4,32689
0.52,ascending,1.0,0.15,20,20,<23>par,1008,0.96,-2.1355305625,0.259298828125,0.931208333333337,0.1950983333333335,-0.5721633333333368,0.9311833333333358,0.1946083333333337,0.9294900000000028,0.0352430333333333,,0.0001956333333333,0.3951012770397771,0.4,32446
0.52,ascending,1.0,0.15,20,20,<23>par,1008,0.97,-2.1373700625000005,0.2621797680412371,0.9290016666666708,0.1949916666666669,-0.5708116666666699,0.9286683333333352,0.1944350000000002,0.9272350000000024,0.0352025541666667,,0.0001893458333333,0.3942988753095571,0.4,32553
0.52,ascending,1.0,0.15,20,20,<23>par,1008,0.98,-2.140527687499999,0.2644461734693877,0.9254383333333398,0.1950366666666669,-0.5705366666666687,0.9254000000000072,0.1946266666666669,0.9236483333333396,0.0346068499999999,,0.0002076333333333,0.3934476555700206,0.4,32615
0.52,ascending,1.0,0.15,20,20,<23>par,1008,0.99,-2.142415625,0.2681592171717172,0.92612833333334,0.1946633333333338,-0.5710216666666721,0.9261216666666702,0.1941166666666668,0.924718333333339,0.0345885208333334,,0.0001963541666666,0.3936996148237128,0.4,32803
0.52,ascending,1.0,0.15,20,20,<23>par,1008,1.0,-2.145122937499999,0.2717329999999999,0.9226316666666732,0.1946216666666674,-0.5702350000000018,0.9228250000000076,0.1939250000000002,0.9206333333333396,0.0339921125,,0.0002134958333333,0.3926067206614727,0.4,32841
0.52,ascending,1.0,0.15,20,20,<23>par,1008,1.01,-2.1487073750000003,0.2731314356435643,0.92085333333334,0.1945183333333338,-0.5686816666666702,0.9208916666666732,0.1939183333333337,0.9187250000000066,0.0341179125,,0.0002219291666666,0.3918289749885094,0.4,33165
0.52,ascending,1.0,0.15,20,20,<23>par,1008,1.02,-2.1520886875,0.2765560049019607,0.9212616666666688,0.1947650000000004,-0.5681416666666674,0.9215133333333372,0.1939933333333337,0.9190766666666708,0.0345549666666666,,0.0002235916666666,0.3916679573369939,0.4,33224
0.52,ascending,1.0,0.15,20,20,<23>par,1008,1.1,-2.1735098125000003,0.2983682954545454,0.906290000000008,0.1930100000000004,-0.5609366666666668,0.905100000000009,0.1921466666666674,0.9029983333333398,0.0335873333333333,,0.0002709666666666,0.3858458742775875,0.4,33908
0.52,ascending,1.0,0.15,20,20,<23>par,1008,1.2,-2.20533225,0.3276485416666667,0.8899633333333398,0.1921816666666666,-0.5552649999999998,0.8890883333333407,0.1905133333333326,0.8858616666666738,0.0319391458333334,,0.0003136291666666,0.3804079060087297,0.4,34294
0.52,ascending,1.0,0.15,20,20,<23>par,1009,0.05,-2.0128561249999994,0.0135249999999999,0.9998966666666655,0.1999766666666664,-0.5999333333333038,0.9998966666666655,0.1999766666666664,0.9998966666666655,0.0399969250000024,,2.583333333333334e-07,0.4188405719215154,0.4,26903
0.52,ascending,1.0,0.15,20,20,<23>par,1009,0.1,-2.0127623125,0.0262274999999999,0.9992266666666562,0.1999549999999998,-0.5997333333333061,0.9992266666666562,0.1999549999999998,0.9992266666666562,0.0399359833333353,,1.900000000000009e-06,0.4186408916564905,0.4,27507
0.52,ascending,1.0,0.15,20,20,<23>par,1009,0.2,-2.0157919374999995,0.0534124999999999,0.996349999999965,0.1997516666666665,-0.5987799999999813,0.9963449999999654,0.1997516666666665,0.9963483333332986,0.0396676041666671,,8.954166666666543e-06,0.4177391766242621,0.4,27740
0.52,ascending,1.0,0.15,20,20,<23>par,1009,0.3,-2.0224706875,0.0784966666666666,0.9936149999999596,0.1995916666666665,-0.5972283333333204,0.9936116666666266,0.1995916666666665,0.9936049999999598,0.0396815958333332,,1.5204166666666334e-05,0.4166755850644209,0.4,28287
0.52,ascending,1.0,0.15,20,20,<23>par,1009,0.4,-2.033703625,0.1062081249999999,0.9877916666666364,0.1992016666666666,-0.5951099999999939,0.9877849999999696,0.19921,0.9877766666666368,0.039240645833333,,3.128749999999902e-05,0.414787891319019,0.4,29429
0.52,ascending,1.0,0.15,20,20,<23>par,1009,0.5,-2.043847999999999,0.13379275,0.981886666666644,0.1987383333333334,-0.5928966666666642,0.981886666666645,0.1987400000000002,0.981818333333311,0.0387005499999997,,4.6274999999998665e-05,0.4128525190501785,0.4,29731
0.52,ascending,1.0,0.15,20,20,<23>par,1009,0.6,-2.058431125,0.1590714583333333,0.9736016666666512,0.1980300000000003,-0.5891883333333328,0.973494999999984,0.197901666666667,0.973248333333318,0.0382403374999999,,6.547083333333152e-05,0.4098423937734198,0.4,30276
0.52,ascending,1.0,0.15,20,20,<23>par,1009,0.7,-2.0772022500000005,0.1873462499999999,0.9626849999999912,0.1972250000000002,-0.5848866666666694,0.9627716666666588,0.1970200000000002,0.9620849999999924,0.0374381208333331,,9.374583333333172e-05,0.406112366461162,0.4,30808
0.52,ascending,1.0,0.15,20,20,<23>par,1009,0.8,-2.09845825,0.2143049999999999,0.950706666666664,0.1964583333333338,-0.5800450000000014,0.9504499999999974,0.1963083333333338,0.950076666666664,0.0366105916666665,,0.0001254083333333,0.4020429701626723,0.4,31315
0.52,ascending,1.0,0.15,20,20,<23>par,1009,0.86,-2.1095346875,0.2322806686046511,0.9439133333333308,0.1959383333333338,-0.5770333333333365,0.9443749999999984,0.195786666666667,0.9430433333333312,0.0364500874999998,,0.0001527625,0.3995125652066519,0.4,32000
0.52,ascending,1.0,0.15,20,20,<23>par,1009,0.87,-2.1123908125,0.2342596264367815,0.9416983333333312,0.1959300000000006,-0.576388333333336,0.9413916666666664,0.1955900000000004,0.9404766666666668,0.0360857291666665,,0.0001528041666666,0.398801813525924,0.4,31889
0.52,ascending,1.0,0.15,20,20,<23>par,1009,0.88,-2.116116374999999,0.2377588068181817,0.9399333333333352,0.1956116666666668,-0.575785000000002,0.9394166666666668,0.1952783333333335,0.9386416666666664,0.0358171333333332,,0.0001589583333333,0.398230765393897,0.4,32050
0.52,ascending,1.0,0.15,20,20,<23>par,1009,0.89,-2.117212687499999,0.23996952247191,0.9377866666666692,0.1957900000000001,-0.5760883333333371,0.9378283333333368,0.1953283333333338,0.9361933333333364,0.0352687208333333,,0.0001811875,0.3978255705031971,0.4,32339
0.52,ascending,1.0,0.15,20,20,<23>par,1009,0.9,-2.1206650625,0.242579861111111,0.9395349999999963,0.1955533333333342,-0.5747866666666687,0.9396316666666628,0.1950516666666677,0.9383183333333304,0.0361465041666665,,0.0001513125,0.3978704906134723,0.4,32118
0.52,ascending,1.0,0.15,20,20,<23>par,1009,0.91,-2.1215255,0.2457815934065933,0.9364983333333304,0.1958633333333338,-0.5751350000000024,0.9370299999999984,0.1953100000000008,0.935411666666664,0.0355377833333333,,0.0001667916666666,0.3973581108324072,0.4,32184
0.52,ascending,1.0,0.15,20,20,<23>par,1009,0.92,-2.1257475624999995,0.247744429347826,0.9355100000000018,0.1954616666666672,-0.5746383333333378,0.9347799999999994,0.1948950000000005,0.9339900000000008,0.03516825,,0.000182975,0.3967865904018703,0.4,32801
0.52,ascending,1.0,0.15,20,20,<23>par,1009,0.93,-2.1270549375,0.2520153225806451,0.9319333333333352,0.1952166666666673,-0.5731516666666707,0.932161666666672,0.1949100000000009,0.930818333333336,0.0351565458333333,,0.0001790541666666,0.3957074604536604,0.4,32490
0.52,ascending,1.0,0.15,20,20,<23>par,1009,0.9351,-2.128288124999999,0.2527333974975938,0.9352100000000038,0.1956700000000006,-0.5734816666666692,0.9348933333333368,0.1951750000000005,0.9338633333333364,0.03566785,,0.0001773333333333,0.3965678451074579,0.4,32255
0.52,ascending,1.0,0.15,20,20,<23>par,1009,0.94,-2.1282090625,0.2538615691489361,0.9319600000000032,0.1955866666666668,-0.5721466666666694,0.9314183333333382,0.195211666666667,0.930066666666672,0.0355085708333332,,0.0001793541666666,0.3954288709235503,0.4,32363
0.52,ascending,1.0,0.15,20,20,<23>par,1009,0.95,-2.133453874999999,0.2568743421052631,0.9292150000000048,0.1952700000000008,-0.5725183333333363,0.929418333333336,0.194813333333334,0.9274116666666724,0.0348468125,,0.0002076541666666,0.3947961922373834,0.4,32543
0.52,ascending,1.0,0.15,20,20,<23>par,1009,0.96,-2.1354230625,0.2583665364583333,0.9300050000000036,0.1951283333333342,-0.5724316666666687,0.9297283333333362,0.1945766666666674,0.9278366666666716,0.0347573791666665,,0.0001855875,0.3949511176942323,0.4,32502
0.52,ascending,1.0,0.15,20,20,<23>par,1009,0.97,-2.137688999999999,0.2618386597938144,0.9278883333333338,0.1951950000000005,-0.5713766666666686,0.9283550000000016,0.1948066666666673,0.926098333333336,0.0349272541666665,,0.0001868625,0.3941952028694896,0.4,32542
0.52,ascending,1.0,0.15,20,20,<23>par,1009,0.98,-2.1403851875,0.2648468112244898,0.9278483333333356,0.1948466666666672,-0.5701633333333362,0.9272150000000016,0.1941949999999997,0.9259783333333366,0.0351989708333333,,0.0002095791666666,0.3936545862527761,0.4,32817
0.52,ascending,1.0,0.15,20,20,<23>par,1009,0.99,-2.1430696249999994,0.2667056818181818,0.9247483333333372,0.194993333333334,-0.5701716666666674,0.9248716666666708,0.194243333333334,0.9229716666666712,0.0345895208333333,,0.0002068041666666,0.3931245163340306,0.4,32588
0.52,ascending,1.0,0.15,20,20,<23>par,1009,1.0,-2.1448191874999987,0.2700372499999999,0.9239500000000016,0.1944783333333337,-0.5689416666666685,0.9238166666666662,0.1938183333333338,0.9216016666666684,0.0347008083333334,,0.0002087333333333,0.3923440887982362,0.4,33132
0.52,ascending,1.0,0.15,20,20,<23>par,1009,1.01,-2.1495345624999995,0.27241150990099,0.9225066666666712,0.1943550000000005,-0.5689083333333363,0.9235766666666686,0.1936533333333333,0.9211250000000036,0.034458075,,0.0002133333333333,0.3922730986078004,0.4,32940
0.52,ascending,1.0,0.15,20,20,<23>par,1009,1.02,-2.15168675,0.2751219362745097,0.9214766666666736,0.1947166666666669,-0.5681866666666688,0.921213333333343,0.1937850000000001,0.9190916666666736,0.0344785416666666,,0.000216375,0.391623929142445,0.4,33013
0.52,ascending,1.0,0.15,20,20,<23>par,1009,1.1,-2.1736720000000003,0.2988923863636363,0.908103333333342,0.1931383333333333,-0.5624533333333314,0.9078416666666764,0.1923400000000001,0.9052666666666752,0.0334974041666666,,0.0002626125,0.3868613488824736,0.4,33369
0.52,ascending,1.0,0.15,20,20,<23>par,1009,1.2,-2.2055159375000004,0.3277626041666666,0.8883933333333387,0.1925583333333327,-0.5560483333333343,0.8880200000000049,0.1911099999999995,0.8844516666666701,0.0316644833333334,,0.0003303416666666,0.3803478025938842,0.4,34367
0.52,ascending,1.0,0.15,20,20,<23>par,1010,0.05,-2.0119644375,0.01287,0.999688333333328,0.1999783333333331,-0.5998566666666384,0.999688333333328,0.1999783333333331,0.999688333333328,0.0399871041666689,,7.791666666666632e-07,0.4187748289868275,0.4,27004
0.52,ascending,1.0,0.15,20,20,<23>par,1010,0.1,-2.014768999999999,0.02608625,0.9992299999999898,0.1999399999999998,-0.5997116666666394,0.9992299999999898,0.1999399999999998,0.9992299999999898,0.039939225000002,,1.908333333333344e-06,0.418632691524756,0.4,27362
0.52,ascending,1.0,0.15,20,20,<23>par,1010,0.2,-2.0169080624999998,0.0517131249999999,0.9975716666666412,0.1997366666666665,-0.5990549999999781,0.9975416666666416,0.1997366666666665,0.9975416666666416,0.0397869125000011,,6.095833333333336e-06,0.4180625965301299,0.4,27874
0.52,ascending,1.0,0.15,20,20,<23>par,1010,0.3,-2.0240275624999997,0.0797104166666666,0.993019999999962,0.19941,-0.5973683333333188,0.993033333333295,0.19942,0.9930116666666284,0.0394371833333335,,1.7258333333332883e-05,0.416585451607351,0.4,28457
0.52,ascending,1.0,0.15,20,20,<23>par,1010,0.4,-2.03152475,0.1066109374999999,0.9880183333332982,0.1991199999999999,-0.5954716666666595,0.9879166666666316,0.1990816666666666,0.9878766666666317,0.0390512833333331,,3.181666666666578e-05,0.4149177999117711,0.4,28976
0.52,ascending,1.0,0.15,20,20,<23>par,1010,0.5,-2.0447703749999997,0.1333117499999999,0.9821633333333094,0.1985750000000002,-0.5926699999999956,0.981981666666642,0.198496666666667,0.9819766666666426,0.0388030291666665,,4.7929166666665225e-05,0.4127696677429938,0.4,29674
0.52,ascending,1.0,0.15,20,20,<23>par,1010,0.6,-2.059862374999999,0.1603233333333333,0.9734349999999852,0.1980183333333337,-0.5893649999999984,0.9732249999999862,0.197886666666667,0.9731716666666532,0.0381208958333332,,6.90291666666646e-05,0.4098607098829415,0.4,30453
0.52,ascending,1.0,0.15,20,20,<23>par,1010,0.7,-2.0767323124999995,0.1875153571428571,0.9631083333333224,0.1975166666666669,-0.5852166666666674,0.9631199999999888,0.1974383333333335,0.9627333333333232,0.0375476833333331,,9.418333333333195e-05,0.4064292333675409,0.4,31212
0.52,ascending,1.0,0.15,20,20,<23>par,1010,0.8,-2.097781,0.2150546874999999,0.9510849999999992,0.1963050000000006,-0.5800033333333359,0.9510483333333312,0.1960433333333339,0.9501116666666642,0.0366586208333333,,0.0001265125,0.4019959874004206,0.4,31646
0.52,ascending,1.0,0.15,20,20,<23>par,1010,0.86,-2.111614249999999,0.230947965116279,0.944113333333331,0.1959633333333337,-0.5782266666666689,0.943696666666662,0.1958650000000006,0.9426866666666636,0.03575965,,0.0001468833333333,0.3998607294728071,0.4,32117
0.52,ascending,1.0,0.15,20,20,<23>par,1010,0.87,-2.1132560625,0.2346515804597701,0.9417750000000013,0.1959283333333339,-0.5771850000000024,0.9416366666666648,0.195743333333334,0.9404233333333336,0.0357737166666666,,0.000158575,0.3990866114151429,0.4,32247
0.52,ascending,1.0,0.15,20,20,<23>par,1010,0.88,-2.1156183125,0.2366839488636363,0.9423666666666678,0.1959566666666671,-0.5766350000000022,0.9427716666666688,0.1953866666666674,0.9411100000000022,0.0360450208333332,,0.0001592041666666,0.3990582944654463,0.4,32348
0.52,ascending,1.0,0.15,20,20,<23>par,1010,0.89,-2.117612875,0.2401316011235955,0.9388700000000032,0.1955516666666674,-0.5757866666666704,0.9391050000000016,0.1951366666666674,0.937696666666669,0.0355164958333332,,0.0001636624999999,0.3980446259038391,0.4,32148
0.52,ascending,1.0,0.15,20,20,<23>par,1010,0.9,-2.1195611875,0.2419073611111111,0.9405399999999992,0.1957450000000007,-0.5760300000000019,0.9401033333333344,0.1954666666666675,0.9390316666666654,0.035782525,,0.0001682583333333,0.3984198133919589,0.4,31930
0.52,ascending,1.0,0.15,20,20,<23>par,1010,0.91,-2.124034187499999,0.2459322802197801,0.9363716666666642,0.195428333333334,-0.5739683333333363,0.936079999999998,0.1950533333333337,0.935094999999998,0.0356840083333333,,0.00017435,0.3969019808930866,0.4,32487
0.52,ascending,1.0,0.15,20,20,<23>par,1010,0.92,-2.1246882499999997,0.2474065217391304,0.9357216666666692,0.1954383333333332,-0.5735600000000041,0.9354900000000016,0.1948866666666668,0.9345283333333384,0.0357407833333332,,0.0001720416666666,0.396696967887637,0.4,32502
0.52,ascending,1.0,0.15,20,20,<23>par,1010,0.93,-2.1274310625,0.2513477150537634,0.9336766666666672,0.1952900000000007,-0.5735133333333351,0.9338400000000016,0.1948000000000008,0.9325183333333348,0.0354268083333333,,0.000175575,0.3961960974597741,0.4,32243
0.52,ascending,1.0,0.15,20,20,<23>par,1010,0.9351,-2.1293135624999997,0.2512211260827718,0.9346700000000004,0.1955016666666671,-0.5731866666666687,0.9350216666666666,0.195096666666667,0.9332050000000018,0.0356563624999999,,0.0001706541666666,0.396333403896408,0.4,32362
0.52,ascending,1.0,0.15,20,20,<23>par,1010,0.94,-2.1295174375,0.2540651595744681,0.9325116666666668,0.1951000000000006,-0.57251666666667,0.9328250000000018,0.1945766666666673,0.9309050000000004,0.0352563291666665,,0.0001898791666666,0.3955484899760288,0.4,32450
0.52,ascending,1.0,0.15,20,20,<23>par,1010,0.95,-2.131375499999999,0.2551817105263158,0.9314000000000028,0.1951050000000004,-0.5726466666666714,0.9317750000000024,0.1945250000000007,0.9300600000000024,0.0350783541666667,,0.0001945458333333,0.395452493161136,0.4,32132
0.52,ascending,1.0,0.15,20,20,<23>par,1010,0.96,-2.1358661875,0.2593048177083333,0.9312283333333364,0.1949350000000009,-0.5718566666666705,0.9319533333333332,0.194243333333334,0.929358333333333,0.0351157416666666,,0.0001844916666666,0.3950331205942526,0.4,32616
0.52,ascending,1.0,0.15,20,20,<23>par,1010,0.97,-2.1383860625,0.2621391752577319,0.9271366666666708,0.1948600000000009,-0.5706550000000052,0.9267250000000036,0.1943883333333343,0.9255683333333364,0.0349182875,,0.0002010041666666,0.3938599316754863,0.4,32346
0.52,ascending,1.0,0.15,20,20,<23>par,1010,0.98,-2.140850812499999,0.2646589285714285,0.9251016666666692,0.1946783333333339,-0.5714183333333374,0.9255216666666688,0.194278333333334,0.9222266666666696,0.0339741708333333,,0.0002062541666666,0.3932693315232599,0.4,32927
0.52,ascending,1.0,0.15,20,20,<23>par,1010,0.99,-2.1413446249999994,0.2676369949494949,0.9277550000000052,0.1945750000000004,-0.5703566666666678,0.928015000000006,0.1938300000000003,0.9267700000000058,0.0351406875,,0.0001951041666666,0.3938755966688051,0.4,32898
0.52,ascending,1.0,0.15,20,20,<23>par,1010,1.0,-2.1470063125000003,0.270204625,0.9246266666666696,0.194935,-0.5706883333333329,0.9260633333333348,0.194388333333333,0.9226966666666688,0.0342348166666667,,0.0002115,0.3932409729987103,0.4,33030
0.52,ascending,1.0,0.15,20,20,<23>par,1010,1.01,-2.1490305625,0.2737669554455445,0.9201250000000084,0.1944800000000002,-0.5692216666666671,0.9204900000000034,0.1936033333333337,0.9177950000000066,0.033874075,,0.000212575,0.3917439396909971,0.4,32875
0.52,ascending,1.0,0.15,20,20,<23>par,1010,1.02,-2.1499913749999995,0.2771156862745097,0.9179250000000048,0.194381666666667,-0.5673583333333349,0.917918333333339,0.1936966666666669,0.9157000000000072,0.0342351125000001,,0.0002132041666666,0.3906359654914743,0.4,32933
0.52,ascending,1.0,0.15,20,20,<23>par,1010,1.1,-2.174020562499998,0.2999615909090909,0.9051133333333417,0.1934266666666673,-0.5629783333333331,0.9055133333333432,0.192416666666667,0.9020166666666776,0.0326629416666666,,0.0002535166666666,0.3864040992147595,0.4,33297
0.52,ascending,1.0,0.15,20,20,<23>par,1010,1.2,-2.2052561874999994,0.32699875,0.8893783333333392,0.1919033333333339,-0.5544783333333337,0.8884000000000046,0.1903116666666669,0.8854633333333358,0.032091225,,0.0003116,0.3799239990870729,0.4,34127
0.52,ascending,1.0,0.15,20,20,<23>par,1011,0.05,-2.0124230624999995,0.0124699999999999,0.9998383333333304,0.1999866666666664,-0.5999599999999701,0.9998383333333304,0.1999866666666664,0.9998383333333304,0.0399787375000024,,4.0416666666666737e-07,0.4188389166707663,0.4,27113
0.52,ascending,1.0,0.15,20,20,<23>par,1011,0.1,-2.012720374999999,0.0259399999999999,0.9991766666666556,0.1999199999999998,-0.5996233333333056,0.9991766666666556,0.1999199999999998,0.9991766666666556,0.0399560666666687,,2.0833333333333487e-06,0.418591090112059,0.4,27500
0.52,ascending,1.0,0.15,20,20,<23>par,1011,0.2,-2.0171970624999997,0.0530862499999999,0.9970866666666368,0.1997849999999999,-0.5987699999999789,0.9970866666666368,0.1997866666666665,0.9970866666666368,0.0398303166666676,,7.74999999999995e-06,0.417886448303817,0.4,28116
0.52,ascending,1.0,0.15,20,20,<23>par,1011,0.3,-2.0240416875,0.07970625,0.9937033333332974,0.1994966666666666,-0.5972416666666553,0.9936849999999644,0.1994966666666666,0.9936849999999644,0.0396511958333335,,1.6070833333333017e-05,0.416685067061975,0.4,28529
0.52,ascending,1.0,0.15,20,20,<23>par,1011,0.4,-2.0338626875,0.1072937499999999,0.987844999999966,0.1989500000000001,-0.595053333333328,0.9877499999999664,0.1989083333333334,0.9876949999999663,0.039132925,,3.194999999999905e-05,0.4147274155669846,0.4,29631
0.52,ascending,1.0,0.15,20,20,<23>par,1011,0.5,-2.046219,0.1331907499999999,0.9817366666666462,0.1987750000000002,-0.593234999999995,0.9818299999999788,0.1987866666666669,0.9817183333333128,0.0386123416666665,,4.437499999999885e-05,0.4129073803486395,0.4,30051
0.52,ascending,1.0,0.15,20,20,<23>par,1011,0.6,-2.058493,0.1601072916666666,0.9723433333333182,0.1980366666666671,-0.5893799999999978,0.9722883333333188,0.1980066666666671,0.9721999999999864,0.0379705624999999,,7.263749999999799e-05,0.4096752999234855,0.4,30274
0.52,ascending,1.0,0.15,20,20,<23>par,1011,0.7,-2.077265375,0.1871060714285714,0.9617566666666574,0.1972033333333337,-0.5846866666666676,0.9617516666666572,0.1969550000000003,0.9613083333333244,0.0373929624999999,,0.0001064208333333,0.4058050658510259,0.4,31101
0.52,ascending,1.0,0.15,20,20,<23>par,1011,0.8,-2.0972591875,0.2144564062499999,0.9504333333333292,0.1963850000000006,-0.580568333333335,0.9503433333333298,0.1960416666666672,0.9494866666666616,0.0363106999999999,,0.0001355916666666,0.402084907304295,0.4,31707
0.52,ascending,1.0,0.15,20,20,<23>par,1011,0.86,-2.110328062499999,0.2325738372093023,0.9443683333333284,0.1958933333333339,-0.5778733333333366,0.943986666666666,0.1955483333333339,0.9435983333333312,0.0359821249999999,,0.0001441833333333,0.3999139567373218,0.4,32087
0.52,ascending,1.0,0.15,20,20,<23>par,1011,0.87,-2.111222937499999,0.2343737068965517,0.9429349999999982,0.1959400000000003,-0.5776416666666702,0.9430899999999972,0.1955200000000004,0.9416216666666642,0.0357870583333333,,0.0001551416666666,0.3994659694011507,0.4,32051
0.52,ascending,1.0,0.15,20,20,<23>par,1011,0.88,-2.116551374999999,0.2369373579545454,0.9405249999999996,0.1959883333333337,-0.5767500000000028,0.9404116666666654,0.1955616666666671,0.9389649999999998,0.0355886458333332,,0.0001677041666666,0.3984885942685653,0.4,32167
0.52,ascending,1.0,0.15,20,20,<23>par,1011,0.89,-2.1167281874999992,0.2403650280898876,0.937868333333333,0.1953950000000004,-0.5746050000000041,0.938248333333334,0.1949183333333337,0.9364866666666664,0.0357101208333332,,0.0001709958333333,0.3974310747578102,0.4,31933
0.52,ascending,1.0,0.15,20,20,<23>par,1011,0.9,-2.1201861875,0.2427843055555555,0.9383233333333328,0.1956533333333335,-0.574800000000001,0.9389416666666646,0.195206666666667,0.9372266666666652,0.0359092625,,0.0001733708333333,0.3976228427128861,0.4,32278
0.52,ascending,1.0,0.15,20,20,<23>par,1011,0.91,-2.123326,0.2458945054945054,0.9370166666666668,0.1956800000000006,-0.5740566666666703,0.9369516666666682,0.1951450000000001,0.9355966666666682,0.0358564541666667,,0.0001660041666666,0.3969894656045187,0.4,32391
0.52,ascending,1.0,0.15,20,20,<23>par,1011,0.92,-2.1241194375,0.2477834239130434,0.936533333333334,0.1952316666666669,-0.5744550000000028,0.9370400000000002,0.1947500000000002,0.9351449999999992,0.0355028249999999,,0.0001762916666666,0.3970259506858258,0.4,32364
0.52,ascending,1.0,0.15,20,20,<23>par,1011,0.93,-2.1269281875000003,0.2517446236559139,0.932648333333338,0.1957550000000006,-0.5729100000000028,0.9325466666666696,0.1953000000000006,0.9304816666666724,0.0353146,,0.0001898,0.3956343683535863,0.4,32310
0.52,ascending,1.0,0.15,20,20,<23>par,1011,0.9351,-2.1286517500000004,0.2531677093358999,0.9329500000000048,0.1951500000000007,-0.5725800000000011,0.9327416666666672,0.194518333333334,0.9310783333333362,0.0353096291666666,,0.0001849541666666,0.3955854392523799,0.4,32374
0.52,ascending,1.0,0.15,20,20,<23>par,1011,0.94,-2.130487187499999,0.2539591755319149,0.9324766666666684,0.1953016666666673,-0.57308666666667,0.9317583333333368,0.194778333333334,0.9308600000000036,0.0350803375,,0.0001951541666666,0.3957424667395097,0.4,32269
0.52,ascending,1.0,0.15,20,20,<23>par,1011,0.95,-2.132464437499999,0.2588822368421052,0.9282066666666664,0.1953133333333335,-0.5710350000000024,0.9279033333333342,0.1947333333333337,0.926020000000003,0.0349788833333333,,0.000198725,0.3941201893138959,0.4,32792
0.52,ascending,1.0,0.15,20,20,<23>par,1011,0.96,-2.136034249999999,0.2594197916666666,0.9305483333333332,0.1950550000000006,-0.5728100000000028,0.9308200000000016,0.1942700000000009,0.9293316666666698,0.0348092833333332,,0.00018655,0.3953050396494728,0.4,32755
0.52,ascending,1.0,0.15,20,20,<23>par,1011,0.97,-2.139560312499999,0.2624203608247423,0.928138333333334,0.1950050000000004,-0.5719333333333361,0.9277450000000008,0.1943966666666672,0.9261483333333332,0.0346925374999999,,0.0002028125,0.3943697501891099,0.4,32699
0.52,ascending,1.0,0.15,20,20,<23>par,1011,0.98,-2.139523625,0.2652307397959183,0.9274483333333348,0.1945633333333338,-0.5701200000000038,0.9274300000000008,0.1941583333333338,0.9254983333333364,0.0350615083333333,,0.0001963583333333,0.3936688872845477,0.4,32335
0.52,ascending,1.0,0.15,20,20,<23>par,1011,0.99,-2.1423793750000004,0.267272601010101,0.9253066666666708,0.1947866666666668,-0.5686683333333366,0.925696666666668,0.194181666666667,0.9241950000000052,0.0353364666666666,,0.00019995,0.3929415720260563,0.4,32875
0.52,ascending,1.0,0.15,20,20,<23>par,1011,1.0,-2.146064312499999,0.2702146249999999,0.9216783333333368,0.1948216666666672,-0.5691566666666699,0.9222100000000072,0.1941250000000003,0.9196416666666738,0.03434525,,0.0002182833333333,0.3921517582939675,0.4,32984
0.52,ascending,1.0,0.15,20,20,<23>par,1011,1.01,-2.1497613749999998,0.2739480198019801,0.9196050000000044,0.1945850000000009,-0.5684000000000017,0.9195866666666732,0.1938533333333342,0.9180133333333385,0.0341452166666667,,0.0002217666666666,0.3915020581295637,0.4,32719
0.52,ascending,1.0,0.15,20,20,<23>par,1011,1.02,-2.151539375,0.275295588235294,0.919375000000007,0.1943283333333328,-0.5677683333333357,0.9197683333333364,0.1938766666666664,0.9175550000000068,0.0342805458333333,,0.0002270458333333,0.3912507215042067,0.4,33013
0.52,ascending,1.0,0.15,20,20,<23>par,1011,1.1,-2.1743004374999986,0.2987143181818181,0.9054433333333396,0.1936049999999998,-0.5614783333333353,0.9058116666666752,0.1927049999999999,0.9023733333333402,0.0334408374999999,,0.0002765541666666,0.3859896362222894,0.4,33227
0.52,ascending,1.0,0.15,20,20,<23>par,1011,1.2,-2.205288125,0.3280169791666666,0.8833916666666716,0.1925183333333329,-0.5543816666666648,0.8832550000000061,0.1912316666666666,0.8791533333333371,0.0313119958333333,,0.0003267791666666,0.3786407296188969,0.4,34407
0.52,ascending,1.0,0.15,20,20,<23>par,1012,0.05,-2.012670499999999,0.0142849999999999,0.9997299999999965,0.1999783333333331,-0.5998716666666385,0.9997299999999965,0.1999783333333331,0.9997299999999965,0.0399893416666689,,6.749999999999978e-07,0.4187879055136497,0.4,27151
0.52,ascending,1.0,0.15,20,20,<23>par,1012,0.1,-2.0129399375,0.0281925,0.9993599999999891,0.1999649999999998,-0.5996433333333081,0.9993599999999891,0.1999683333333331,0.9993599999999891,0.0400035833333351,,1.5666666666666672e-06,0.4186397177104716,0.4,27189
0.52,ascending,1.0,0.15,20,20,<23>par,1012,0.2,-2.0174271875,0.0527806249999999,0.9970933333333027,0.1998266666666665,-0.5988216666666473,0.9970933333333027,0.1998199999999999,0.9970966666666364,0.0398289916666673,,7.191666666666639e-06,0.4179086119184475,0.4,27953
0.52,ascending,1.0,0.15,20,20,<23>par,1012,0.3,-2.0245460625,0.0786708333333333,0.9939733333332942,0.1994399999999999,-0.5974183333333191,0.9939649999999608,0.1994483333333333,0.993954999999961,0.0396197958333337,,1.570416666666627e-05,0.4167899742020425,0.4,28430
0.52,ascending,1.0,0.15,20,20,<23>par,1012,0.4,-2.0335069375,0.1060571875,0.988474999999966,0.1992483333333333,-0.595128333333327,0.9884133333332992,0.1991849999999999,0.9884216666666328,0.0393451499999999,,2.8883333333332444e-05,0.4149219778563396,0.4,29262
0.52,ascending,1.0,0.15,20,20,<23>par,1012,0.5,-2.0440953125,0.13307175,0.981604999999977,0.1986750000000001,-0.5925483333333292,0.9816799999999772,0.1986200000000001,0.9815499999999772,0.0387951583333333,,4.9166666666665126e-05,0.4126398046110948,0.4,29949
0.52,ascending,1.0,0.15,20,20,<23>par,1012,0.6,-2.058950125,0.1597727083333333,0.9730833333333216,0.1982266666666669,-0.5894133333333329,0.9732383333333188,0.1980750000000003,0.9728483333333204,0.0381438708333332,,7.059583333333136e-05,0.4098428289771901,0.4,30240
0.52,ascending,1.0,0.15,20,20,<23>par,1012,0.7,-2.0772890625,0.1873660714285714,0.964286666666656,0.1973366666666668,-0.5858983333333314,0.9641549999999908,0.1971966666666665,0.963976666666659,0.0374604874999999,,9.449583333333216e-05,0.406814892775687,0.4,31127
0.52,ascending,1.0,0.15,20,20,<23>par,1012,0.8,-2.097655437499999,0.2142610937499999,0.9513516666666622,0.1962283333333339,-0.5797283333333344,0.9516516666666616,0.1959916666666671,0.9506333333333288,0.0367662624999999,,0.0001299624999999,0.4020247854687823,0.4,31473
0.52,ascending,1.0,0.15,20,20,<23>par,1012,0.86,-2.110830874999999,0.230475726744186,0.9446866666666652,0.1959950000000004,-0.5781616666666693,0.944178333333332,0.1957283333333336,0.9432316666666654,0.0359682958333332,,0.0001486958333333,0.3999363999622525,0.4,31866
0.52,ascending,1.0,0.15,20,20,<23>par,1012,0.87,-2.114248375,0.2340619252873562,0.9427049999999983,0.1955983333333336,-0.5771600000000027,0.9424716666666648,0.1953216666666671,0.941371666666667,0.0358484375,,0.0001556708333333,0.3992827625477603,0.4,32074
0.52,ascending,1.0,0.15,20,20,<23>par,1012,0.88,-2.1160483125,0.2371629261363636,0.9426216666666646,0.1957850000000005,-0.5768483333333362,0.9425599999999988,0.1954000000000006,0.9415516666666648,0.0360403249999999,,0.0001607833333333,0.3991569818722563,0.4,31976
0.52,ascending,1.0,0.15,20,20,<23>par,1012,0.89,-2.1182161875,0.2392908707865168,0.9408533333333332,0.1957633333333339,-0.5766766666666682,0.9410033333333347,0.1953666666666671,0.9397416666666678,0.0356853333333332,,0.000159825,0.3988051393993582,0.4,32226
0.52,ascending,1.0,0.15,20,20,<23>par,1012,0.9,-2.122019312499999,0.2436713888888889,0.9386566666666696,0.1958650000000005,-0.5754600000000016,0.9387433333333356,0.1952783333333338,0.9372850000000004,0.0357675749999999,,0.0001614166666666,0.3978570284708131,0.4,32271
0.52,ascending,1.0,0.15,20,20,<23>par,1012,0.91,-2.123811062499999,0.245211401098901,0.9366799999999986,0.195483333333333,-0.5746266666666674,0.9373316666666658,0.1950866666666662,0.9356933333333324,0.0355890041666666,,0.0001715291666666,0.3972795177294316,0.4,32554
0.52,ascending,1.0,0.15,20,20,<23>par,1012,0.92,-2.1246505625,0.2477400815217391,0.9351683333333324,0.1952783333333339,-0.5737550000000036,0.9351283333333336,0.1949216666666673,0.9336399999999996,0.0354566125,,0.0001800958333333,0.3964981397582351,0.4,32253
0.52,ascending,1.0,0.15,20,20,<23>par,1012,0.93,-2.1281318124999995,0.2506115591397849,0.935215000000002,0.1952000000000002,-0.5736066666666706,0.9353900000000004,0.194706666666667,0.933866666666668,0.0354319916666666,,0.0001714,0.3966046426770956,0.4,32511
0.52,ascending,1.0,0.15,20,20,<23>par,1012,0.9351,-2.127900125,0.2524492032937653,0.9308133333333348,0.195295,-0.5732600000000017,0.9314116666666684,0.1948299999999998,0.9296250000000024,0.0348820624999999,,0.0001895541666666,0.3955028374665445,0.4,32273
0.52,ascending,1.0,0.15,20,20,<23>par,1012,0.94,-2.129755625,0.2534422872340426,0.9340583333333335,0.1954500000000006,-0.5734716666666695,0.9337349999999998,0.1948950000000008,0.9322283333333352,0.0354036374999999,,0.0001830541666666,0.3961284742222987,0.4,32779
0.52,ascending,1.0,0.15,20,20,<23>par,1012,0.95,-2.1335711874999994,0.2564669736842105,0.9284600000000064,0.1950566666666674,-0.5702783333333362,0.9277133333333384,0.1943216666666674,0.9262883333333384,0.0352633749999999,,0.0001895916666666,0.3938776487919374,0.4,32668
0.52,ascending,1.0,0.15,20,20,<23>par,1012,0.96,-2.1353320624999994,0.2603865885416666,0.9276300000000044,0.1954683333333342,-0.5711033333333368,0.9284666666666704,0.194858333333334,0.9256850000000068,0.0348574999999999,,0.0001955,0.3940643772152091,0.4,32633
0.52,ascending,1.0,0.15,20,20,<23>par,1012,0.97,-2.137379,0.2621351804123711,0.9259133333333354,0.1947566666666672,-0.5709366666666693,0.9256666666666716,0.1942566666666667,0.9233366666666714,0.0343478749999999,,0.000197975,0.3934855601834811,0.4,32744
0.52,ascending,1.0,0.15,20,20,<23>par,1012,0.98,-2.1425236875,0.2647431122448979,0.9246183333333384,0.1946400000000007,-0.568678333333336,0.924600000000004,0.193758333333334,0.9232733333333352,0.0349859416666666,,0.0002049,0.3926785094419648,0.4,32717
0.52,ascending,1.0,0.15,20,20,<23>par,1012,0.99,-2.14371125,0.2676523989898989,0.9230900000000062,0.1948933333333341,-0.5687566666666701,0.9234216666666704,0.1943900000000009,0.921010000000005,0.0347127624999999,,0.0002000708333333,0.3922805153592795,0.4,32942
0.52,ascending,1.0,0.15,20,20,<23>par,1012,1.0,-2.1456913124999994,0.2704804999999999,0.9250483333333378,0.1947450000000009,-0.5698266666666678,0.9258033333333394,0.1941766666666674,0.9235500000000044,0.0348774249999999,,0.0001920083333333,0.3930719563416289,0.4,32828
0.52,ascending,1.0,0.15,20,20,<23>par,1012,1.01,-2.1493520625,0.2728475247524752,0.9220516666666704,0.1943549999999997,-0.5680500000000017,0.9224016666666705,0.1936516666666663,0.9200750000000064,0.0346431208333333,,0.0002292708333333,0.3918006029488383,0.4,33045
0.52,ascending,1.0,0.15,20,20,<23>par,1012,1.02,-2.1511998125000003,0.2765535539215685,0.9188050000000046,0.1946450000000005,-0.5677450000000027,0.9183916666666706,0.1938116666666669,0.9166850000000064,0.0341551208333334,,0.0002413708333333,0.3910619372984988,0.4,33149
0.52,ascending,1.0,0.15,20,20,<23>par,1012,1.1,-2.1728126249999997,0.2989870454545454,0.9058433333333428,0.1936833333333337,-0.5632200000000013,0.9054800000000096,0.1927700000000006,0.9029366666666754,0.03284135,,0.0002864916666666,0.3864745021550022,0.4,33521
0.52,ascending,1.0,0.15,20,20,<23>par,1012,1.2,-2.205772187499999,0.32713,0.887813333333341,0.1923750000000003,-0.5556633333333318,0.8874000000000067,0.1910483333333328,0.8833850000000035,0.0315303750000001,,0.000339975,0.3798328568873826,0.4,34184
0.52,ascending,1.0,0.15,20,20,<23>par,1013,0.05,-2.0117316874999998,0.0139,0.9997916666666627,0.1999949999999998,-0.59996999999997,0.9997916666666627,0.1999949999999998,0.9997916666666627,0.0399688625000023,,5.208333333333328e-07,0.4188339593869171,0.4,27246
0.52,ascending,1.0,0.15,20,20,<23>par,1013,0.1,-2.0124383749999994,0.0271924999999999,0.9992616666666578,0.1999283333333331,-0.5997066666666393,0.9992616666666578,0.1999283333333331,0.9992616666666578,0.0399430375000019,,1.8791666666666784e-06,0.418635908002984,0.4,27142
0.52,ascending,1.0,0.15,20,20,<23>par,1013,0.2,-2.01749775,0.0528456249999999,0.9974516666666412,0.1998099999999998,-0.5988799999999783,0.9974316666666412,0.1998116666666665,0.9974316666666412,0.0398654708333344,,6.695833333333319e-06,0.4179923685677813,0.4,28001
0.52,ascending,1.0,0.15,20,20,<23>par,1013,0.3,-2.0240053749999998,0.0798066666666666,0.9936483333332928,0.1994766666666666,-0.5975349999999883,0.9936733333332928,0.1994799999999999,0.9936449999999596,0.0395220333333335,,1.5224999999999643e-05,0.4167692822012674,0.4,28621
0.52,ascending,1.0,0.15,20,20,<23>par,1013,0.4,-2.032350875,0.1061896874999999,0.9875949999999668,0.1990483333333333,-0.5947083333333268,0.9874733333332996,0.1990216666666667,0.9874949999999664,0.0392728249999998,,3.179166666666581e-05,0.4145783234814006,0.4,29037
0.52,ascending,1.0,0.15,20,20,<23>par,1013,0.5,-2.046234374999999,0.1326694999999999,0.9823216666666444,0.1987333333333336,-0.592629999999998,0.9823749999999776,0.1986816666666669,0.9821433333333114,0.0389026541666665,,4.628749999999874e-05,0.4128184530912707,0.4,29741
0.52,ascending,1.0,0.15,20,20,<23>par,1013,0.6,-2.060368625,0.1604835416666666,0.9728949999999846,0.1980533333333337,-0.5887349999999986,0.9730766666666508,0.197996666666667,0.9726349999999848,0.0383200749999998,,7.192499999999787e-05,0.4095563743409462,0.4,30186
0.52,ascending,1.0,0.15,20,20,<23>par,1013,0.7,-2.076403499999999,0.18757875,0.9625016666666572,0.1973900000000003,-0.5848516666666665,0.9623316666666586,0.1971200000000004,0.9618749999999924,0.0374438374999999,,9.788749999999869e-05,0.4060622348077712,0.4,30985
0.52,ascending,1.0,0.15,20,20,<23>par,1013,0.8,-2.09959875,0.2152748437499999,0.9505233333333276,0.1963500000000006,-0.580650000000003,0.9505599999999952,0.1961633333333338,0.9495033333333284,0.0363710499999998,,0.0001302416666666,0.4021104431367439,0.4,31565
0.52,ascending,1.0,0.15,20,20,<23>par,1013,0.86,-2.109858375,0.2300061046511627,0.9453266666666624,0.1957566666666669,-0.5777433333333355,0.9452183333333288,0.1955350000000003,0.9441783333333306,0.0362528874999998,,0.0001466125,0.3999852491997193,0.4,31826
0.52,ascending,1.0,0.15,20,20,<23>par,1013,0.87,-2.113995124999999,0.2357479885057471,0.9414399999999996,0.1961216666666672,-0.5752950000000036,0.9415616666666654,0.1956166666666668,0.9403633333333324,0.0364221124999999,,0.0001601541666666,0.398565053605495,0.4,31817
0.52,ascending,1.0,0.15,20,20,<23>par,1013,0.88,-2.1174716249999994,0.2363262784090908,0.9399483333333344,0.1957766666666671,-0.5764050000000029,0.9396366666666678,0.1950966666666674,0.9388133333333348,0.0356267,,0.0001706333333333,0.3983992221063891,0.4,32178
0.52,ascending,1.0,0.15,20,20,<23>par,1013,0.89,-2.1176528125,0.2388646067415729,0.9418516666666664,0.1958100000000003,-0.5768050000000023,0.9414850000000006,0.1954233333333339,0.9402916666666656,0.0358195041666666,,0.0001619875,0.3989583534807229,0.4,32085
0.52,ascending,1.0,0.15,20,20,<23>par,1013,0.9,-2.1196025,0.2413886111111111,0.9402383333333336,0.1956483333333334,-0.5760750000000048,0.9403716666666648,0.1951716666666668,0.9392266666666668,0.0357052041666666,,0.0001604125,0.3984439623615258,0.4,32323
0.52,ascending,1.0,0.15,20,20,<23>par,1013,0.91,-2.1230003124999994,0.2444608516483516,0.9365116666666692,0.1955350000000003,-0.5754133333333356,0.9360266666666688,0.1953300000000002,0.9347449999999992,0.0352185416666667,,0.0001709333333333,0.3972694675205675,0.4,32555
0.52,ascending,1.0,0.15,20,20,<23>par,1013,0.92,-2.127171625,0.2486032608695652,0.93449,0.195218333333334,-0.5737016666666703,0.93455,0.1946633333333339,0.9331983333333362,0.0351975916666665,,0.0001858083333333,0.3964481167765072,0.4,32013
0.52,ascending,1.0,0.15,20,20,<23>par,1013,0.93,-2.127856874999998,0.2514533602150537,0.9347733333333342,0.1954283333333334,-0.572458333333337,0.935020000000002,0.1948800000000003,0.9335866666666676,0.035957675,,0.0001788166666666,0.396081957722004,0.4,32568
0.52,ascending,1.0,0.15,20,20,<23>par,1013,0.9351,-2.129484124999999,0.2534980216019676,0.9329649999999996,0.1950866666666666,-0.5738316666666693,0.9333799999999998,0.1947516666666669,0.93170166666667,0.035038625,,0.000188,0.3959829339613285,0.4,32377
0.52,ascending,1.0,0.15,20,20,<23>par,1013,0.94,-2.1304605625,0.2537288563829787,0.9329250000000028,0.1952483333333343,-0.5732433333333358,0.9324783333333354,0.1946933333333346,0.9311650000000016,0.0351233374999999,,0.0001840791666666,0.3958714723572507,0.4,32368
0.52,ascending,1.0,0.15,20,20,<23>par,1013,0.95,-2.132836125,0.2564496052631579,0.9341233333333367,0.1952933333333336,-0.5736066666666708,0.9337433333333344,0.1949183333333339,0.9326366666666692,0.0354363583333334,,0.0001749416666666,0.3963141040640782,0.4,32602
0.52,ascending,1.0,0.15,20,20,<23>par,1013,0.96,-2.135274374999999,0.2594661458333333,0.9321100000000018,0.1948550000000004,-0.5718333333333357,0.9323416666666656,0.1944400000000004,0.9305783333333368,0.0354225375,,0.0001868375,0.3952500245828134,0.4,32773
0.52,ascending,1.0,0.15,20,20,<23>par,1013,0.97,-2.1372509374999997,0.2619979381443299,0.9293550000000002,0.1951466666666672,-0.5715266666666684,0.9291849999999992,0.1947033333333336,0.9272966666666682,0.0350290208333333,,0.0001887041666666,0.3945406591851677,0.4,32579
0.52,ascending,1.0,0.15,20,20,<23>par,1013,0.98,-2.14116125,0.2643690051020408,0.9248883333333376,0.1949633333333337,-0.5700316666666697,0.9251550000000056,0.1941216666666672,0.9233000000000062,0.0347542208333333,,0.0002111791666666,0.3931216816522548,0.4,32743
0.52,ascending,1.0,0.15,20,20,<23>par,1013,0.99,-2.1440445,0.2680040404040404,0.9239200000000024,0.1949450000000007,-0.5693616666666668,0.923335000000002,0.1944050000000006,0.921781666666672,0.0347716208333333,,0.0002193708333333,0.3925659272124446,0.4,32391
0.52,ascending,1.0,0.15,20,20,<23>par,1013,1.0,-2.144687,0.2703212499999999,0.9222183333333348,0.1943800000000003,-0.5691183333333345,0.9225783333333372,0.19403,0.9203450000000034,0.0343390374999999,,0.0002068791666666,0.3922040022855232,0.4,33033
0.52,ascending,1.0,0.15,20,20,<23>par,1013,1.01,-2.149239125,0.2728074257425742,0.9223550000000056,0.1941983333333336,-0.5682516666666694,0.9221600000000054,0.1937233333333335,0.9203783333333404,0.0345806749999999,,0.0002113416666666,0.3920081901518319,0.4,32753
0.52,ascending,1.0,0.15,20,20,<23>par,1013,1.02,-2.1503774375,0.2767117647058822,0.9193933333333392,0.194098333333333,-0.5681233333333354,0.9197316666666706,0.1932966666666666,0.9172966666666708,0.0339246625,,0.0002207375,0.3912733921446052,0.4,33040
0.52,ascending,1.0,0.15,20,20,<23>par,1013,1.1,-2.1749687499999992,0.2987970454545454,0.9035033333333444,0.1936716666666665,-0.5622683333333324,0.9041933333333416,0.1925699999999997,0.9000483333333409,0.0326583583333333,,0.0002806833333333,0.3856906642911067,0.4,33633
0.52,ascending,1.0,0.15,20,20,<23>par,1013,1.2,-2.204466937499999,0.3277930208333333,0.8857516666666718,0.1925099999999998,-0.5534716666666682,0.8856733333333386,0.1910816666666659,0.8810100000000051,0.0319122666666667,,0.0003392833333333,0.3788266323711894,0.4,34088
0.52,ascending,1.0,0.15,20,20,<23>par,1014,0.05,-2.011691375,0.0130675,0.9997833333333306,0.1999883333333331,-0.5998516666666376,0.9997833333333306,0.1999883333333331,0.9997833333333306,0.0400118250000024,,5.499999999999993e-07,0.4187931966451068,0.4,27316
0.52,ascending,1.0,0.15,20,20,<23>par,1014,0.1,-2.013325125,0.0259924999999999,0.9992299999999908,0.1999516666666664,-0.5997183333333053,0.9992299999999908,0.1999516666666664,0.9992299999999908,0.039941275000002,,1.916666666666677e-06,0.4186362075058724,0.4,26922
0.52,ascending,1.0,0.15,20,20,<23>par,1014,0.2,-2.0184755,0.0529018749999999,0.9967133333333048,0.1997149999999999,-0.5985116666666487,0.9966533333333054,0.1997149999999999,0.9966533333333054,0.0398212333333341,,8.508333333333206e-06,0.4177063900395081,0.4,28320
0.52,ascending,1.0,0.15,20,20,<23>par,1014,0.3,-2.0238471874999995,0.0787145833333333,0.9931249999999592,0.19958,-0.5973666666666531,0.9930966666666264,0.1995633333333333,0.993108333333293,0.0395303083333333,,1.7958333333332893e-05,0.4166070516687201,0.4,28334
0.52,ascending,1.0,0.15,20,20,<23>par,1014,0.4,-2.033576062499999,0.1064806249999999,0.988726666666635,0.199035,-0.5953283333333268,0.9886816666666352,0.1990283333333333,0.9887049999999682,0.0392512791666666,,2.8362499999999155e-05,0.415013834578376,0.4,29163
0.52,ascending,1.0,0.15,20,20,<23>par,1014,0.5,-2.0445538125,0.13243275,0.98110999999998,0.1985500000000002,-0.5922649999999977,0.9809899999999804,0.1985216666666669,0.9809583333333132,0.0387484083333332,,4.9733333333332e-05,0.4124377105387796,0.4,29790
0.52,ascending,1.0,0.15,20,20,<23>par,1014,0.6,-2.0601367499999994,0.160006875,0.9723483333333184,0.1979900000000004,-0.5889249999999976,0.9723816666666532,0.1979300000000003,0.972186666666652,0.0381184708333332,,7.064583333333125e-05,0.4095355924336968,0.4,30094
0.52,ascending,1.0,0.15,20,20,<23>par,1014,0.7,-2.0774756875,0.1875130357142857,0.9636749999999894,0.1973850000000007,-0.5858033333333349,0.9641166666666569,0.1972350000000006,0.9632949999999904,0.0373682999999998,,9.980833333333204e-05,0.4066789065136085,0.4,30927
0.52,ascending,1.0,0.15,20,20,<23>par,1014,0.8,-2.0973369999999987,0.2154476562499999,0.951694999999996,0.1966183333333331,-0.5803383333333348,0.951699999999998,0.1962233333333331,0.951061666666664,0.0367376166666666,,0.0001271083333333,0.4023352997524801,0.4,31577
0.52,ascending,1.0,0.15,20,20,<23>par,1014,0.86,-2.1097875,0.2321680232558139,0.9442383333333312,0.1959866666666669,-0.5769633333333346,0.944084999999997,0.1956433333333335,0.943241666666666,0.0363186624999999,,0.0001437791666666,0.3996062302572514,0.4,31873
0.52,ascending,1.0,0.15,20,20,<23>par,1014,0.87,-2.111599,0.2347597701149425,0.9410283333333332,0.1957266666666673,-0.5769666666666712,0.9412066666666656,0.1954983333333336,0.9400966666666666,0.0357495666666666,,0.0001569,0.398905207823608,0.4,31877
0.52,ascending,1.0,0.15,20,20,<23>par,1014,0.88,-2.117200375,0.2365519886363636,0.9401033333333336,0.1959966666666672,-0.5761383333333359,0.9396166666666648,0.1957583333333341,0.9384399999999986,0.035770925,,0.0001602083333333,0.3984129022892778,0.4,32329
0.52,ascending,1.0,0.15,20,20,<23>par,1014,0.89,-2.116606062499999,0.2396089887640449,0.9393550000000004,0.1955716666666671,-0.5750900000000034,0.939318333333334,0.195208333333334,0.9387250000000014,0.0359574374999998,,0.0001582375,0.3979652453719479,0.4,32090
0.52,ascending,1.0,0.15,20,20,<23>par,1014,0.9,-2.1203879999999997,0.2415138888888889,0.937275000000001,0.1956300000000007,-0.57468666666667,0.9371850000000028,0.1952866666666676,0.9355816666666698,0.0355605625,,0.0001601541666666,0.3973360648373432,0.4,32226
0.52,ascending,1.0,0.15,20,20,<23>par,1014,0.91,-2.1215631875,0.2458593406593406,0.935873333333334,0.1956283333333336,-0.5740283333333365,0.9356483333333332,0.1950166666666668,0.9343016666666674,0.0356170708333333,,0.0001680958333333,0.3967730672812357,0.4,32105
0.52,ascending,1.0,0.15,20,20,<23>par,1014,0.92,-2.1264181250000003,0.248127581521739,0.9349233333333368,0.1951266666666672,-0.5741500000000039,0.935148333333338,0.1947450000000005,0.9335350000000052,0.0352528958333332,,0.0001744125,0.3965734367101439,0.4,32470
0.52,ascending,1.0,0.15,20,20,<23>par,1014,0.93,-2.1265374999999995,0.2498829301075268,0.9348616666666676,0.1952916666666664,-0.5732383333333382,0.9351216666666706,0.1950316666666663,0.933508333333336,0.0356492624999999,,0.0001709625,0.3963653117298504,0.4,32215
0.52,ascending,1.0,0.15,20,20,<23>par,1014,0.9351,-2.129943999999999,0.2523044326809966,0.932853333333334,0.1954200000000008,-0.5727300000000026,0.9328866666666684,0.1948533333333342,0.9313116666666684,0.035491625,,0.0001890916666666,0.3957673407506118,0.4,32636
0.52,ascending,1.0,0.15,20,20,<23>par,1014,0.94,-2.1315626875,0.2540558510638298,0.9332233333333384,0.1950150000000004,-0.5720733333333351,0.9326900000000032,0.1944650000000006,0.9315833333333376,0.0355132833333334,,0.0001784416666666,0.3955295830367242,0.4,32686
0.52,ascending,1.0,0.15,20,20,<23>par,1014,0.95,-2.1309454374999994,0.2554635526315789,0.9296366666666684,0.1952000000000003,-0.5724583333333358,0.930125000000005,0.1947216666666668,0.9280983333333372,0.0348509291666667,,0.0001855708333333,0.3949735123745611,0.4,32760
0.52,ascending,1.0,0.15,20,20,<23>par,1014,0.96,-2.1362348124999992,0.2585796875,0.929301666666667,0.1949416666666677,-0.5725300000000009,0.9297483333333328,0.1944683333333345,0.927565000000001,0.0346643041666666,,0.0001928708333333,0.3948426584871878,0.4,32612
0.52,ascending,1.0,0.15,20,20,<23>par,1014,0.97,-2.137067687499999,0.2621417525773196,0.9290800000000076,0.1948050000000005,-0.570823333333337,0.9290100000000068,0.1941616666666671,0.9275766666666726,0.0351232666666667,,0.0001906916666666,0.3943208083888611,0.4,32413
0.52,ascending,1.0,0.15,20,20,<23>par,1014,0.98,-2.1398026875,0.2652440051020407,0.9262400000000044,0.1947816666666672,-0.5697966666666696,0.9263083333333356,0.1941000000000005,0.92482666666667,0.0350524791666667,,0.0001980958333333,0.3933371751754653,0.4,32904
0.52,ascending,1.0,0.15,20,20,<23>par,1014,0.99,-2.1431355,0.2669929292929293,0.9249250000000048,0.1946850000000002,-0.5700833333333354,0.9250433333333392,0.1939916666666671,0.9226233333333378,0.0344755000000001,,0.0001994666666666,0.3929497023993356,0.4,32973
0.52,ascending,1.0,0.15,20,20,<23>par,1014,1.0,-2.1463305625,0.2706169999999999,0.9205533333333386,0.1950333333333334,-0.5688833333333353,0.9201866666666728,0.1940900000000003,0.9181000000000068,0.034179625,,0.0002239333333333,0.3916541429064816,0.4,32668
0.52,ascending,1.0,0.15,20,20,<23>par,1014,1.01,-2.149224875,0.2736376237623762,0.923108333333336,0.1942933333333334,-0.5684050000000035,0.922890000000002,0.1936799999999997,0.9211933333333364,0.03473705,,0.0002024083333333,0.3921743180551437,0.4,32716
0.52,ascending,1.0,0.15,20,20,<23>par,1014,1.02,-2.1529229375,0.2756906862745097,0.919836666666674,0.1944299999999998,-0.56687166666667,0.9203200000000048,0.1935583333333332,0.9175333333333424,0.0346498,,0.00022375,0.3909125257862074,0.4,32859
0.52,ascending,1.0,0.15,20,20,<23>par,1014,1.1,-2.1737944375,0.29965125,0.904341666666676,0.1935483333333336,-0.5631450000000008,0.9048966666666752,0.1922416666666671,0.9013083333333411,0.0323786750000001,,0.0002852583333333,0.3861568482923435,0.4,33591
0.52,ascending,1.0,0.15,20,20,<23>par,1014,1.2,-2.2071179374999987,0.3273582291666666,0.8878783333333389,0.1920299999999998,-0.5540366666666646,0.8879816666666708,0.1906666666666659,0.8843650000000031,0.0322539458333333,,0.0003173875,0.3796181943267079,0.4,33816
0.52,ascending,1.0,0.15,20,20,<23>par,1015,0.05,-2.0136048124999992,0.0135974999999999,0.9997333333333296,0.1999933333333331,-0.5999183333333037,0.9997333333333296,0.1999933333333331,0.9997333333333296,0.0399773333333356,,6.666666666666649e-07,0.4188055195995128,0.4,26985
0.52,ascending,1.0,0.15,20,20,<23>par,1015,0.1,-2.0139934999999998,0.0269499999999999,0.9994533333333278,0.1999283333333331,-0.5997666666666385,0.9994533333333278,0.1999283333333331,0.9994533333333278,0.0399566916666688,,1.3333333333333288e-06,0.4186931474436171,0.4,27463
0.52,ascending,1.0,0.15,20,20,<23>par,1015,0.2,-2.0173344375,0.0530524999999999,0.996923333333304,0.1998499999999998,-0.59870499999998,0.9969199999999704,0.1998499999999998,0.9969199999999704,0.0398547583333341,,7.691666666666546e-06,0.4178365513403026,0.4,27706
0.52,ascending,1.0,0.15,20,20,<23>par,1015,0.3,-2.0248013125,0.0795420833333333,0.9934483333332944,0.1994166666666665,-0.5971999999999885,0.9935849999999607,0.1994133333333332,0.9934366666666276,0.0395909958333334,,1.581249999999966e-05,0.4166096847125328,0.4,28683
0.52,ascending,1.0,0.15,20,20,<23>par,1015,0.4,-2.033568875,0.1071796875,0.9879283333333028,0.1990983333333334,-0.5950849999999919,0.9881066666666356,0.1990783333333334,0.9879149999999696,0.0391969666666666,,3.066666666666578e-05,0.414795477950251,0.4,29157
0.52,ascending,1.0,0.15,20,20,<23>par,1015,0.5,-2.0458065,0.1329089999999999,0.9812016666666454,0.1988050000000001,-0.5921149999999973,0.9814583333333126,0.1987916666666667,0.9810699999999796,0.0389478458333332,,4.744583333333211e-05,0.4124394654831881,0.4,29685
0.52,ascending,1.0,0.15,20,20,<23>par,1015,0.6,-2.0595794375,0.1606458333333333,0.9728299999999822,0.1979633333333338,-0.5894583333333323,0.9727933333333162,0.1979366666666672,0.972389999999982,0.0379840249999998,,7.073333333333126e-05,0.409749293349177,0.4,30586
0.52,ascending,1.0,0.15,20,20,<23>par,1015,0.7,-2.0770263125,0.1876632142857142,0.962734999999993,0.197236666666667,-0.5848866666666666,0.9625483333333263,0.1972350000000003,0.9620749999999944,0.0374838791666664,,9.884583333333264e-05,0.4061193126322751,0.4,31225
0.52,ascending,1.0,0.15,20,20,<23>par,1015,0.8,-2.098372125,0.2148835937499999,0.951899999999998,0.1965750000000005,-0.5809066666666679,0.9516716666666658,0.1961450000000004,0.9510449999999984,0.0365411958333332,,0.0001301625,0.4024685693094144,0.4,31434
0.52,ascending,1.0,0.15,20,20,<23>par,1015,0.86,-2.1100198749999994,0.2323274709302325,0.9443149999999968,0.1959583333333339,-0.5775500000000028,0.9440266666666652,0.1956816666666674,0.943256666666664,0.0361206916666666,,0.0001427166666666,0.3998065041650658,0.4,31965
0.52,ascending,1.0,0.15,20,20,<23>par,1015,0.87,-2.1133373124999992,0.2340925287356321,0.943218333333333,0.1960066666666669,-0.577033333333337,0.9434699999999984,0.19553,0.9421416666666658,0.0360805333333333,,0.0001517666666666,0.3994022500171074,0.4,31937
0.52,ascending,1.0,0.15,20,20,<23>par,1015,0.88,-2.11536625,0.2364887784090908,0.9416366666666643,0.1957500000000004,-0.576293333333336,0.9420499999999966,0.1954266666666669,0.9408166666666644,0.0361145833333332,,0.0001502583333333,0.3988717937541219,0.4,32339
0.52,ascending,1.0,0.15,20,20,<23>par,1015,0.89,-2.118269999999999,0.2397405898876404,0.939700000000001,0.1960600000000005,-0.5768033333333358,0.9401133333333332,0.1956816666666672,0.938255000000001,0.0354945083333332,,0.0001570333333333,0.3985787666942096,0.4,32083
0.52,ascending,1.0,0.15,20,20,<23>par,1015,0.9,-2.122079625,0.2409793055555555,0.9358033333333364,0.1954633333333338,-0.5738866666666691,0.9357950000000026,0.1950166666666669,0.934630000000004,0.0356540708333333,,0.0001829208333333,0.3967839898722575,0.4,32277
0.52,ascending,1.0,0.15,20,20,<23>par,1015,0.91,-2.1238104999999994,0.2457340659340659,0.93516166666667,0.1953883333333335,-0.5745700000000021,0.9349416666666692,0.1951516666666667,0.933328333333338,0.0351172375,,0.0001763875,0.3967107226762794,0.4,32168
0.52,ascending,1.0,0.15,20,20,<23>par,1015,0.92,-2.125803249999999,0.2474743206521738,0.9356016666666666,0.195913333333334,-0.5751916666666709,0.9354399999999986,0.1955000000000007,0.9340900000000004,0.0353167083333333,,0.00016975,0.3970977449879677,0.4,32265
0.52,ascending,1.0,0.15,20,20,<23>par,1015,0.93,-2.1268249374999995,0.2504979838709677,0.9349799999999991,0.1956116666666674,-0.5733266666666683,0.9351666666666656,0.195176666666667,0.933578333333334,0.0357940666666666,,0.0001795666666666,0.396472748660657,0.4,31864
0.52,ascending,1.0,0.15,20,20,<23>par,1015,0.9351,-2.1295079375,0.2531638327451609,0.9321833333333333,0.1948466666666674,-0.5724733333333368,0.9326833333333328,0.1943333333333343,0.931126666666667,0.0352763166666666,,0.000186125,0.3955127710206204,0.4,32493
0.52,ascending,1.0,0.15,20,20,<23>par,1015,0.94,-2.130511624999999,0.2546656914893617,0.93289666666667,0.1955266666666672,-0.5737416666666706,0.9330016666666712,0.1949000000000007,0.9317283333333358,0.0350567208333333,,0.0001804291666666,0.3961418337527399,0.4,32556
0.52,ascending,1.0,0.15,20,20,<23>par,1015,0.95,-2.133323624999999,0.2566690789473684,0.9307266666666704,0.1949650000000006,-0.5727483333333349,0.9300366666666696,0.1946216666666672,0.9288033333333356,0.0346820749999999,,0.0002006333333333,0.3951102753165828,0.4,32343
0.52,ascending,1.0,0.15,20,20,<23>par,1015,0.96,-2.1346248125,0.2590585937499999,0.9308616666666694,0.1951300000000007,-0.5725150000000034,0.9307733333333356,0.1946566666666677,0.9292200000000024,0.0349959916666666,,0.0001837666666666,0.3952350996785718,0.4,32500
0.52,ascending,1.0,0.15,20,20,<23>par,1015,0.97,-2.135904374999999,0.261790206185567,0.9277483333333356,0.1949566666666671,-0.5709283333333356,0.9277550000000018,0.1944633333333341,0.926096666666671,0.0348772458333333,,0.0002054041666666,0.3940318514590609,0.4,32524
0.52,ascending,1.0,0.15,20,20,<23>par,1015,0.98,-2.140163375,0.2647190051020407,0.926323333333338,0.194695,-0.5718100000000043,0.9254566666666716,0.1941133333333335,0.923956666666672,0.0340211583333334,,0.0002198,0.3937940375880275,0.4,32565
0.52,ascending,1.0,0.15,20,20,<23>par,1015,0.99,-2.1433567500000006,0.2680200757575757,0.9254566666666733,0.1950966666666671,-0.5703466666666701,0.9257916666666708,0.1944200000000004,0.9241366666666724,0.0347330291666667,,0.0001927291666666,0.393484116161483,0.4,32608
0.52,ascending,1.0,0.15,20,20,<23>par,1015,1.0,-2.14687425,0.2707533749999999,0.9237016666666718,0.1950483333333338,-0.5687583333333368,0.9230933333333404,0.1944483333333339,0.9215716666666746,0.0349907999999999,,0.00022515,0.3923320546604552,0.4,32994
0.52,ascending,1.0,0.15,20,20,<23>par,1015,1.01,-2.148234749999999,0.2733175742574257,0.9237566666666738,0.1944450000000007,-0.5693133333333359,0.9235050000000063,0.1938783333333338,0.9217150000000072,0.0345001124999999,,0.0002143125,0.3925678424975125,0.4,32801
0.52,ascending,1.0,0.15,20,20,<23>par,1015,1.02,-2.153036125,0.2754914215686274,0.920160000000005,0.1941533333333341,-0.5681250000000008,0.9211650000000052,0.193486666666667,0.9182700000000048,0.0342872375,,0.0002196208333333,0.3914338122667854,0.4,32841
0.52,ascending,1.0,0.15,20,20,<23>par,1015,1.1,-2.174550187499999,0.2991435227272727,0.9084866666666728,0.1935450000000006,-0.5630283333333342,0.9086783333333424,0.1925916666666669,0.9060333333333412,0.0335383208333333,,0.0002610041666666,0.3870863006749951,0.4,33287
0.52,ascending,1.0,0.15,20,20,<23>par,1015,1.2,-2.2033746250000004,0.3276204166666667,0.888336666666672,0.1921066666666662,-0.5561899999999992,0.8894216666666693,0.1905199999999997,0.8846316666666698,0.0313839125000001,,0.0003297041666666,0.3802743344294335,0.4,34627
0.52,ascending,1.0,0.15,20,20,<23>par,1016,0.05,-2.0134168125,0.0141274999999999,0.999714999999996,0.1999649999999998,-0.5998699999999713,0.999714999999996,0.1999649999999998,0.999714999999996,0.0399817125000023,,7.124999999999978e-07,0.4187827555783515,0.4,27285
0.52,ascending,1.0,0.15,20,20,<23>par,1016,0.1,-2.0140361249999987,0.0264799999999999,0.9993999999999924,0.1999716666666665,-0.5997683333333056,0.9993999999999924,0.1999716666666665,0.9993999999999924,0.0399633583333354,,1.525000000000001e-06,0.4186878768596455,0.4,27287
0.52,ascending,1.0,0.15,20,20,<23>par,1016,0.2,-2.0178710625,0.0535787499999999,0.9971966666666402,0.1997349999999999,-0.5987766666666455,0.99721666666664,0.1997233333333332,0.9971883333333066,0.0398272833333344,,6.883333333333312e-06,0.4179021979109438,0.4,28175
0.52,ascending,1.0,0.15,20,20,<23>par,1016,0.3,-2.02456325,0.079625,0.9934883333332944,0.1994066666666667,-0.5971516666666561,0.993484999999961,0.1994183333333334,0.9934966666666276,0.0396249375,,1.6037499999999644e-05,0.4166015367353058,0.4,28531
0.52,ascending,1.0,0.15,20,20,<23>par,1016,0.4,-2.0330265624999995,0.1074678125,0.9877433333333026,0.1990850000000001,-0.5950349999999935,0.9878049999999692,0.1990716666666667,0.9877449999999692,0.0392125291666665,,2.9645833333332483e-05,0.4147387694680215,0.4,28872
0.52,ascending,1.0,0.15,20,20,<23>par,1016,0.5,-2.0455717499999992,0.13352375,0.9811349999999776,0.1986133333333335,-0.5921283333333285,0.9812233333333096,0.1986050000000002,0.9810766666666436,0.0388592749999998,,4.7283333333332e-05,0.4124178534497522,0.4,29641
0.52,ascending,1.0,0.15,20,20,<23>par,1016,0.6,-2.0592856875,0.16055125,0.9738933333333164,0.1979166666666672,-0.5890766666666648,0.9740633333333162,0.1977916666666669,0.973784999999984,0.0383420416666666,,6.890833333333131e-05,0.4098638114470796,0.4,30255
0.52,ascending,1.0,0.15,20,20,<23>par,1016,0.7,-2.0786135625,0.1875551785714285,0.964403333333324,0.1972950000000004,-0.5850700000000005,0.964691666666659,0.1970850000000003,0.9641816666666576,0.0377774458333332,,8.958749999999804e-05,0.4066003320782395,0.4,30850
0.52,ascending,1.0,0.15,20,20,<23>par,1016,0.8,-2.0975799374999995,0.2149743749999999,0.9516849999999956,0.1967683333333338,-0.580883333333334,0.9521133333333268,0.1964733333333336,0.9511699999999949,0.036605025,,0.0001264249999999,0.4025631266228136,0.4,31382
0.52,ascending,1.0,0.15,20,20,<23>par,1016,0.86,-2.1110591249999997,0.2315552325581395,0.942701666666665,0.1958516666666673,-0.5763733333333364,0.9428266666666664,0.1956150000000005,0.9417633333333338,0.036236525,,0.000146575,0.3991250074115184,0.4,32195
0.52,ascending,1.0,0.15,20,20,<23>par,1016,0.87,-2.112979937499999,0.2337566091954023,0.9431416666666668,0.1959666666666677,-0.5770500000000003,0.9425816666666664,0.1955783333333344,0.9420166666666682,0.0360905958333332,,0.0001550125,0.3993226460139935,0.4,31895
0.52,ascending,1.0,0.15,20,20,<23>par,1016,0.88,-2.1150628124999997,0.236059659090909,0.9404500000000008,0.1955750000000001,-0.5752383333333346,0.9405483333333304,0.1952733333333331,0.9390766666666668,0.0361490708333332,,0.0001575291666666,0.3981861643939455,0.4,32038
0.52,ascending,1.0,0.15,20,20,<23>par,1016,0.89,-2.117894937499999,0.2403957865168539,0.9387450000000016,0.1956683333333341,-0.57610666666667,0.9386083333333352,0.1953650000000008,0.9376133333333382,0.0354384541666665,,0.0001620791666666,0.3981874592299607,0.4,32329
0.52,ascending,1.0,0.15,20,20,<23>par,1016,0.9,-2.121119,0.2425209722222222,0.9409866666666648,0.1957883333333339,-0.5767550000000035,0.9408733333333328,0.1955033333333339,0.9399066666666668,0.0356625833333334,,0.0001584416666666,0.3988192740550833,0.4,32238
0.52,ascending,1.0,0.15,20,20,<23>par,1016,0.91,-2.1229048125,0.2451825549450549,0.9370300000000016,0.1956600000000005,-0.5749716666666705,0.937238333333334,0.1951966666666672,0.9359033333333352,0.0356202208333333,,0.0001761791666666,0.3973812597846404,0.4,32003
0.52,ascending,1.0,0.15,20,20,<23>par,1016,0.92,-2.1254250625,0.2478218749999999,0.93587666666667,0.195606666666667,-0.5747516666666697,0.9356016666666692,0.1951133333333335,0.9341500000000026,0.0353354291666667,,0.0001748375,0.3969908511091373,0.4,32453
0.52,ascending,1.0,0.15,20,20,<23>par,1016,0.93,-2.1272766249999995,0.2514591397849462,0.9341366666666654,0.1950616666666671,-0.5735000000000017,0.9337783333333312,0.1947133333333338,0.9324066666666666,0.0352653041666666,,0.0001745541666666,0.3961862199196763,0.4,32248
0.52,ascending,1.0,0.15,20,20,<23>par,1016,0.9351,-2.128594875,0.2518833547214201,0.931925,0.1951033333333334,-0.5736116666666694,0.932478333333334,0.194715,0.9309416666666648,0.0349011374999999,,0.0001801291666666,0.3958348122227396,0.4,32358
0.52,ascending,1.0,0.15,20,20,<23>par,1016,0.94,-2.1301473125,0.2528534574468085,0.9311500000000033,0.194921666666667,-0.5717416666666706,0.9309200000000052,0.1945200000000002,0.92971333333334,0.0353615416666666,,0.0001889416666666,0.3950079277322622,0.4,32412
0.52,ascending,1.0,0.15,20,20,<23>par,1016,0.95,-2.1345587499999987,0.257655,0.9310100000000028,0.1950216666666674,-0.5730400000000037,0.931268333333336,0.1946533333333341,0.929540000000004,0.0349098291666666,,0.0001968541666666,0.3954723705849444,0.4,32599
0.52,ascending,1.0,0.15,20,20,<23>par,1016,0.96,-2.134519375,0.258990625,0.928976666666668,0.194736666666667,-0.5718149999999995,0.9295650000000016,0.1943516666666668,0.9278933333333366,0.0348999291666667,,0.0001844125,0.3946323270747562,0.4,32653
0.52,ascending,1.0,0.15,20,20,<23>par,1016,0.97,-2.1382549375,0.2628242268041237,0.9275316666666672,0.1949616666666672,-0.5711466666666701,0.9276366666666686,0.1944850000000006,0.9261499999999998,0.0349003166666666,,0.00019815,0.3941019081542216,0.4,32966
0.52,ascending,1.0,0.15,20,20,<23>par,1016,0.98,-2.1396098125,0.2657836734693877,0.925788333333337,0.1947783333333332,-0.5696150000000009,0.92579666666667,0.1942433333333331,0.9241283333333368,0.0350473166666666,,0.0002033833333333,0.3932540517876517,0.4,32802
0.52,ascending,1.0,0.15,20,20,<23>par,1016,0.99,-2.1451245000000005,0.2688770202020202,0.923378333333336,0.1945650000000005,-0.5692416666666691,0.9240816666666724,0.1939883333333341,0.9219550000000069,0.0347046708333333,,0.0002040458333333,0.3926682886229747,0.4,32851
0.52,ascending,1.0,0.15,20,20,<23>par,1016,1.0,-2.147303125,0.2704216249999999,0.9214983333333376,0.194405000000001,-0.5695850000000011,0.9210000000000036,0.1937766666666674,0.9195766666666714,0.0340318499999999,,0.0002173916666666,0.3921726309385333,0.4,33084
0.52,ascending,1.0,0.15,20,20,<23>par,1016,1.01,-2.1499809375,0.2731501237623762,0.9220400000000069,0.1943800000000007,-0.5678650000000021,0.9219116666666736,0.1937566666666674,0.920135000000007,0.0346336458333333,,0.0002169458333333,0.3918171117552907,0.4,32915
0.52,ascending,1.0,0.15,20,20,<23>par,1016,1.02,-2.1511271249999995,0.275319975490196,0.9214750000000048,0.1945300000000008,-0.5687250000000038,0.9212616666666712,0.1941016666666674,0.9197600000000068,0.0344487625,,0.0002106625,0.3919436743385543,0.4,32871
0.52,ascending,1.0,0.15,20,20,<23>par,1016,1.1,-2.1740415625,0.2984925,0.9061900000000092,0.1930299999999999,-0.5635966666666675,0.90690833333334,0.1924649999999997,0.9029016666666724,0.0325093541666667,,0.0002644958333333,0.3867012178977044,0.4,33676
0.52,ascending,1.0,0.15,20,20,<23>par,1016,1.2,-2.2069293125,0.3268095833333333,0.8870733333333384,0.1924666666666666,-0.5550299999999978,0.8872533333333388,0.1909866666666671,0.8825683333333351,0.031589525,,0.0003428666666666,0.3796876135422167,0.4,34518
0.52,ascending,1.0,0.15,20,20,<23>par,1017,0.05,-2.0123151875,0.0138374999999999,0.9997333333333296,0.1999866666666664,-0.5998483333333045,0.9997333333333296,0.1999866666666664,0.9997333333333296,0.0400026750000023,,6.666666666666651e-07,0.4187820456534933,0.4,26935
0.52,ascending,1.0,0.15,20,20,<23>par,1017,0.1,-2.0121,0.0265087499999999,0.999319999999994,0.1999516666666664,-0.5997233333333056,0.999319999999994,0.1999516666666664,0.9993233333333272,0.0399570750000021,,1.675000000000004e-06,0.4186557412229122,0.4,27390
0.52,ascending,1.0,0.15,20,20,<23>par,1017,0.2,-2.016897875,0.0531012499999999,0.9970566666666368,0.1997433333333332,-0.5988166666666469,0.9970566666666368,0.1997433333333332,0.9970566666666368,0.0397912750000008,,7.724999999999949e-06,0.4178883231054938,0.4,28071
0.52,ascending,1.0,0.15,20,20,<23>par,1017,0.3,-2.0246089375,0.0792124999999999,0.9936616666666273,0.1994616666666667,-0.5971833333333207,0.993661666666628,0.1994666666666667,0.9936416666666278,0.0396581041666669,,1.594583333333292e-05,0.4166550483648206,0.4,28613
0.52,ascending,1.0,0.15,20,20,<23>par,1017,0.4,-2.033848187499999,0.1071303124999999,0.987951666666632,0.1990500000000001,-0.5951449999999952,0.9879549999999658,0.1990116666666668,0.987919999999966,0.0391843541666665,,3.074583333333243e-05,0.4148044374834065,0.4,28924
0.52,ascending,1.0,0.15,20,20,<23>par,1017,0.5,-2.0447223125,0.1334129999999999,0.9819066666666448,0.1984933333333335,-0.5923733333333281,0.9819366666666448,0.1984416666666668,0.9818199999999784,0.0388667583333332,,4.486666666666539e-05,0.4126301582228846,0.4,29570
0.52,ascending,1.0,0.15,20,20,<23>par,1017,0.6,-2.060184125,0.1605718749999999,0.9729699999999848,0.1979916666666671,-0.5891283333333328,0.9730149999999834,0.197831666666667,0.9726999999999844,0.0381475875,,7.524583333333126e-05,0.4096880504865678,0.4,30796
0.52,ascending,1.0,0.15,20,20,<23>par,1017,0.7,-2.0769635625,0.1874707142857142,0.9637983333333232,0.197276666666667,-0.5850883333333337,0.96346499999999,0.1971850000000004,0.9632666666666564,0.0376178208333332,,9.736249999999928e-05,0.4064063817204145,0.4,30971
0.52,ascending,1.0,0.15,20,20,<23>par,1017,0.8,-2.0989451875,0.2160631249999999,0.952069999999996,0.1965600000000008,-0.5805200000000009,0.9518333333333284,0.1962316666666674,0.9514333333333296,0.0367352833333332,,0.000127875,0.4024813840006794,0.4,31231
0.52,ascending,1.0,0.15,20,20,<23>par,1017,0.86,-2.111226499999999,0.2313164244186046,0.9449766666666674,0.196176666666667,-0.577885000000003,0.9450950000000012,0.1955933333333337,0.9441650000000016,0.0361359791666665,,0.0001458041666666,0.4001135520337269,0.4,32341
0.52,ascending,1.0,0.15,20,20,<23>par,1017,0.87,-2.113317625,0.2333254310344827,0.9433783333333344,0.1959133333333338,-0.5770016666666693,0.9432516666666664,0.1956350000000004,0.9422400000000016,0.0361240791666666,,0.0001609875,0.399381835744251,0.4,31863
0.52,ascending,1.0,0.15,20,20,<23>par,1017,0.88,-2.11539125,0.2367069602272726,0.9402866666666614,0.195616666666667,-0.57579666666667,0.94068333333333,0.1952950000000003,0.9393499999999952,0.0359645583333333,,0.000146375,0.3984086439980307,0.4,31957
0.52,ascending,1.0,0.15,20,20,<23>par,1017,0.89,-2.118310812499999,0.2391874999999999,0.9399749999999988,0.1959266666666674,-0.5757016666666708,0.939963333333334,0.1955150000000007,0.9391649999999996,0.0360034916666665,,0.0001548583333333,0.3983651525698451,0.4,32294
0.52,ascending,1.0,0.15,20,20,<23>par,1017,0.9,-2.1195555,0.2438534722222222,0.9393700000000006,0.1954950000000004,-0.5752200000000028,0.9400299999999988,0.1951583333333338,0.9384666666666658,0.0359227499999999,,0.0001612416666666,0.3979733705676614,0.4,32375
0.52,ascending,1.0,0.15,20,20,<23>par,1017,0.91,-2.122714875,0.2448222527472527,0.9356983333333354,0.1954250000000008,-0.574488333333336,0.9356483333333344,0.194973333333334,0.9345483333333364,0.0354520791666667,,0.0001664458333333,0.3969324295214388,0.4,32564
0.52,ascending,1.0,0.15,20,20,<23>par,1017,0.92,-2.1235248125,0.2495565217391304,0.9351150000000016,0.1953400000000008,-0.5743466666666704,0.9344066666666696,0.1948483333333339,0.9338166666666694,0.0353776166666666,,0.0001689916666666,0.3966373488353285,0.4,32334
0.52,ascending,1.0,0.15,20,20,<23>par,1017,0.93,-2.1255403749999995,0.2498305107526881,0.9343366666666676,0.1954383333333338,-0.5735866666666707,0.934973333333335,0.1950000000000004,0.9328500000000004,0.0354400833333332,,0.0001809,0.3962899040730711,0.4,32198
0.52,ascending,1.0,0.15,20,20,<23>par,1017,0.9351,-2.1291533125,0.2519814725697786,0.9353216666666672,0.1955900000000002,-0.5731600000000041,0.9350933333333332,0.1949250000000007,0.934165,0.0358919666666666,,0.0001783083333333,0.3964226120145325,0.4,32335
0.52,ascending,1.0,0.15,20,20,<23>par,1017,0.94,-2.12965975,0.2546143617021277,0.9341700000000038,0.1953416666666673,-0.5728300000000015,0.9343166666666703,0.1947266666666672,0.9326966666666704,0.0356197416666666,,0.00017635,0.3960692801312102,0.4,32472
0.52,ascending,1.0,0.15,20,20,<23>par,1017,0.95,-2.1324801874999992,0.2561947368421053,0.930798333333333,0.1948550000000004,-0.572695000000003,0.9312416666666672,0.1944400000000002,0.9290200000000022,0.0348991208333333,,0.0001885958333333,0.39517657120717,0.4,32120
0.52,ascending,1.0,0.15,20,20,<23>par,1017,0.96,-2.1352906249999988,0.2593583333333333,0.9299066666666718,0.1951283333333334,-0.5707500000000041,0.9294550000000056,0.1946166666666669,0.9283033333333396,0.0355326625,,0.0002049958333333,0.3944020938785858,0.4,32491
0.52,ascending,1.0,0.15,20,20,<23>par,1017,0.97,-2.1373653749999995,0.2619454896907217,0.928150000000002,0.1948416666666674,-0.5711416666666693,0.9282716666666692,0.1942716666666676,0.926301666666668,0.0349115874999999,,0.0001963708333333,0.3941052833698107,0.4,32861
0.52,ascending,1.0,0.15,20,20,<23>par,1017,0.98,-2.1391685625,0.2646581632653061,0.927705,0.1948350000000007,-0.5702633333333363,0.9276733333333343,0.1940483333333341,0.9260466666666698,0.0350439583333334,,0.0001946666666666,0.3938762899155648,0.4,32725
0.52,ascending,1.0,0.15,20,20,<23>par,1017,0.99,-2.142450749999999,0.2678470959595959,0.9245866666666708,0.1947483333333336,-0.5695600000000036,0.9244883333333388,0.1943116666666667,0.9223933333333392,0.0345725624999999,,0.0002107958333333,0.3928351878817829,0.4,32934
0.52,ascending,1.0,0.15,20,20,<23>par,1017,1.0,-2.1463091249999997,0.2705803749999999,0.9239900000000036,0.194628333333334,-0.5687016666666697,0.9238483333333368,0.1938333333333335,0.9222416666666692,0.0349078125,,0.0002118375,0.3924729164578503,0.4,33211
0.52,ascending,1.0,0.15,20,20,<23>par,1017,1.01,-2.1491040624999997,0.2731373762376237,0.9226850000000044,0.1943500000000002,-0.5689216666666704,0.9222166666666692,0.1937649999999997,0.9204450000000048,0.0345063583333334,,0.0002064416666666,0.392195169712877,0.4,32819
0.52,ascending,1.0,0.15,20,20,<23>par,1017,1.02,-2.15417425,0.277167156862745,0.9198600000000072,0.1943150000000003,-0.5682516666666694,0.9200033333333412,0.1937500000000006,0.917618333333343,0.0341269583333334,,0.0002351166666666,0.3913956617284152,0.4,32876
0.52,ascending,1.0,0.15,20,20,<23>par,1017,1.1,-2.1757177499999987,0.2987148863636363,0.904640000000008,0.1935183333333339,-0.5635383333333353,0.904281666666674,0.1925283333333338,0.9011250000000058,0.0323512375,,0.0002779375,0.3862590686277383,0.4,33799
0.52,ascending,1.0,0.15,20,20,<23>par,1017,1.2,-2.2057405000000005,0.3281656249999999,0.8893300000000051,0.1923150000000004,-0.5548016666666654,0.8883883333333389,0.1907916666666668,0.8847616666666728,0.0319718791666667,,0.0003369041666666,0.3799376119797311,0.4,34686
0.52,ascending,1.0,0.15,20,20,<23>par,1018,0.05,-2.0141201875,0.0131924999999999,0.9997983333333308,0.1999849999999998,-0.5998933333333042,0.9997983333333308,0.1999849999999998,0.9997983333333308,0.0399968291666689,,5.124999999999988e-07,0.4188092342977786,0.4,27116
0.52,ascending,1.0,0.15,20,20,<23>par,1018,0.1,-2.0131878125000005,0.0262124999999999,0.9992699999999918,0.1999233333333331,-0.5996199999999731,0.9992699999999918,0.1999233333333331,0.9992699999999918,0.039977250000002,,1.8500000000000056e-06,0.4186088071544323,0.4,27181
0.52,ascending,1.0,0.15,20,20,<23>par,1018,0.2,-2.0195655624999995,0.0530087499999999,0.9970583333333062,0.1997499999999999,-0.5987749999999804,0.9970583333333062,0.1997516666666665,0.997059999999973,0.0398102041666676,,7.36249999999993e-06,0.4178776501134318,0.4,28001
0.52,ascending,1.0,0.15,20,20,<23>par,1018,0.3,-2.024596624999999,0.0797525,0.9927099999999632,0.1995016666666665,-0.5971199999999867,0.9927783333332968,0.1995016666666665,0.9926899999999632,0.0395097958333333,,1.763749999999957e-05,0.4164512290700829,0.4,28679
0.52,ascending,1.0,0.15,20,20,<23>par,1018,0.4,-2.033626374999999,0.1063249999999999,0.9886433333333016,0.1992183333333333,-0.5953083333333256,0.9886849999999684,0.1992316666666666,0.9886449999999682,0.0393274291666665,,2.8662499999999247e-05,0.4150201279908535,0.4,29199
0.52,ascending,1.0,0.15,20,20,<23>par,1018,0.5,-2.0440170625,0.1335384999999999,0.9808549999999756,0.1987433333333335,-0.5925649999999953,0.9807199999999752,0.1987850000000001,0.9807399999999752,0.038673058333333,,4.99583333333318e-05,0.41251101368757,0.4,29979
0.52,ascending,1.0,0.15,20,20,<23>par,1018,0.6,-2.0588418749999997,0.16013625,0.9724766666666494,0.1980250000000004,-0.588041666666667,0.972523333333316,0.1979683333333336,0.9725049999999829,0.0385610166666665,,7.022499999999779e-05,0.4093116243594858,0.4,30337
0.52,ascending,1.0,0.15,20,20,<23>par,1018,0.7,-2.075903625,0.1874024999999999,0.9610616666666584,0.1972883333333337,-0.5851833333333344,0.9606883333333226,0.1971466666666671,0.9604749999999904,0.0370262541666667,,0.0001066708333333,0.4058926128836951,0.4,30832
0.52,ascending,1.0,0.15,20,20,<23>par,1018,0.8,-2.0968340625,0.2153773437499999,0.9520149999999964,0.1963883333333339,-0.5802083333333344,0.9519166666666632,0.1961716666666672,0.9513516666666628,0.0368650083333332,,0.0001269083333333,0.4023693784009282,0.4,31584
0.52,ascending,1.0,0.15,20,20,<23>par,1018,0.86,-2.112226374999999,0.2325031976744185,0.9445949999999984,0.1958933333333339,-0.5766000000000017,0.9441383333333296,0.1956000000000002,0.9435249999999984,0.0364971374999999,,0.0001457875,0.3995528478462682,0.4,31848
0.52,ascending,1.0,0.15,20,20,<23>par,1018,0.87,-2.1133129375,0.2341216954022988,0.9424016666666628,0.1958200000000005,-0.5779200000000028,0.9425949999999956,0.1953866666666673,0.9412966666666644,0.0354895958333335,,0.0001617041666666,0.3994911281115299,0.4,31653
0.52,ascending,1.0,0.15,20,20,<23>par,1018,0.88,-2.1164551875,0.2369386363636363,0.9393083333333362,0.1956683333333338,-0.5770700000000006,0.9393316666666688,0.1954016666666673,0.9376250000000018,0.0351537875000001,,0.0001682375,0.398473222317888,0.4,31997
0.52,ascending,1.0,0.15,20,20,<23>par,1018,0.89,-2.117165124999999,0.2393442415730337,0.9398983333333348,0.1960300000000008,-0.5753550000000034,0.9397966666666668,0.1957450000000007,0.9386450000000008,0.0360282666666667,,0.0001564333333333,0.3981941532749919,0.4,32254
0.52,ascending,1.0,0.15,20,20,<23>par,1018,0.9,-2.1203415624999997,0.2423334722222222,0.9379099999999972,0.1955150000000002,-0.5749333333333347,0.9371549999999989,0.195031666666667,0.936661666666667,0.0355258041666666,,0.0001722041666666,0.3975600955462784,0.4,32281
0.52,ascending,1.0,0.15,20,20,<23>par,1018,0.91,-2.12289175,0.246745879120879,0.9366500000000002,0.1953250000000002,-0.5741533333333366,0.9370450000000008,0.1949450000000005,0.935251666666668,0.0356624374999999,,0.0001685375,0.3970638253413851,0.4,32246
0.52,ascending,1.0,0.15,20,20,<23>par,1018,0.92,-2.125522562499999,0.2479171195652174,0.9348666666666684,0.1954133333333337,-0.5741516666666688,0.935063333333336,0.1951550000000005,0.9332700000000008,0.03528225,,0.0001748,0.3966419377303127,0.4,32623
0.52,ascending,1.0,0.15,20,20,<23>par,1018,0.93,-2.1280298125000003,0.2504619623655914,0.9352433333333348,0.1957549999999999,-0.5742733333333357,0.9349133333333328,0.1955983333333335,0.9339250000000024,0.0355433083333333,,0.0001770333333333,0.3967937345699841,0.4,32429
0.52,ascending,1.0,0.15,20,20,<23>par,1018,0.9351,-2.1278301875,0.2511966634584536,0.9341300000000023,0.1952933333333331,-0.5730383333333348,0.9341733333333362,0.19503,0.932923333333338,0.0355540416666665,,0.0001801333333333,0.3961822681178851,0.4,32598
0.52,ascending,1.0,0.15,20,20,<23>par,1018,0.94,-2.1310291875,0.254513829787234,0.93002166666667,0.1951366666666667,-0.5732450000000042,0.9306150000000036,0.1947866666666667,0.9283833333333358,0.0346132958333333,,0.0001932041666666,0.3951778365246317,0.4,32508
0.52,ascending,1.0,0.15,20,20,<23>par,1018,0.95,-2.133418499999999,0.2557838157894737,0.9300850000000004,0.1951733333333336,-0.5720766666666689,0.9295,0.1946500000000004,0.9280816666666688,0.0350047083333333,,0.0001925333333333,0.3948228722268271,0.4,32374
0.52,ascending,1.0,0.15,20,20,<23>par,1018,0.96,-2.1347259999999992,0.2587795572916666,0.930631666666666,0.1950583333333331,-0.5717150000000025,0.9307983333333328,0.1945999999999998,0.929123333333334,0.0352232708333332,,0.0001971041666666,0.3948550611896085,0.4,32606
0.52,ascending,1.0,0.15,20,20,<23>par,1018,0.97,-2.1388974999999992,0.2616332474226804,0.9288333333333386,0.1947716666666672,-0.5704050000000027,0.9285283333333386,0.1941750000000004,0.9269066666666722,0.0352107291666666,,0.0001877625,0.3939625675670107,0.4,32730
0.52,ascending,1.0,0.15,20,20,<23>par,1018,0.98,-2.1410788125,0.2646887755102041,0.9281950000000032,0.1948316666666671,-0.5703350000000011,0.9277866666666696,0.1940816666666671,0.926320000000004,0.0350737583333333,,0.0002048833333333,0.3938669038890168,0.4,32474
0.52,ascending,1.0,0.15,20,20,<23>par,1018,0.99,-2.145439125,0.2685616161616161,0.924031666666672,0.1947883333333335,-0.5695816666666699,0.9244333333333398,0.1940233333333336,0.9218850000000034,0.03460495,,0.0002143916666666,0.3926634046501895,0.4,33109
0.52,ascending,1.0,0.15,20,20,<23>par,1018,1.0,-2.1469917499999984,0.2718167499999999,0.9236633333333368,0.1949900000000005,-0.5698250000000015,0.9237216666666744,0.1942950000000007,0.9216666666666724,0.0344582375,,0.0001956291666666,0.3928231560930529,0.4,32738
0.52,ascending,1.0,0.15,20,20,<23>par,1018,1.01,-2.1487792499999987,0.2727836633663366,0.9220350000000044,0.1944083333333331,-0.5685000000000008,0.9213900000000071,0.1939366666666666,0.9196516666666712,0.0345263666666667,,0.0002219083333333,0.3917899707048709,0.4,33205
0.52,ascending,1.0,0.15,20,20,<23>par,1018,1.02,-2.1518765625000005,0.2763916666666666,0.9181133333333396,0.1944516666666668,-0.5681066666666695,0.9175150000000062,0.1938100000000003,0.9156633333333392,0.0339658291666666,,0.0002259291666666,0.390810885400018,0.4,33121
0.52,ascending,1.0,0.15,20,20,<23>par,1018,1.1,-2.175657749999999,0.2988494318181818,0.9066683333333416,0.1934383333333335,-0.5624083333333343,0.9069350000000068,0.192451666666667,0.9036200000000066,0.0331752041666666,,0.0002700208333333,0.386613496916407,0.4,33598
0.52,ascending,1.0,0.15,20,20,<23>par,1018,1.2,-2.2058634375,0.3291777083333334,0.8868500000000076,0.1919716666666663,-0.5550899999999999,0.8868916666666732,0.1905249999999999,0.8815933333333391,0.0312189375,,0.0003341291666666,0.3792888774021976,0.4,34428
0.52,ascending,1.0,0.15,20,20,<23>par,1019,0.05,-2.0130988125,0.0141824999999999,0.9998566666666652,0.1999966666666664,-0.5999283333333035,0.9998566666666652,0.1999966666666664,0.9998566666666652,0.0399990250000024,,3.583333333333334e-07,0.4188335260234817,0.4,27201
0.52,ascending,1.0,0.15,20,20,<23>par,1019,0.1,-2.012674625,0.0268999999999999,0.9990983333333224,0.1999616666666665,-0.5997299999999725,0.9990983333333224,0.1999616666666665,0.9990983333333224,0.0399146625000018,,2.2041666666666857e-06,0.4186152709537226,0.4,27777
0.52,ascending,1.0,0.15,20,20,<23>par,1019,0.2,-2.016283125,0.0526062499999999,0.9972083333333068,0.1997733333333331,-0.5988616666666472,0.9971899999999736,0.1997683333333331,0.9971899999999736,0.0398100500000008,,6.858333333333319e-06,0.4179347493266947,0.4,27677
0.52,ascending,1.0,0.15,20,20,<23>par,1019,0.3,-2.0230836249999995,0.0795583333333333,0.9938883333332964,0.199435,-0.5973633333333216,0.993859999999963,0.199435,0.993859999999963,0.0396164916666667,,1.5333333333332996e-05,0.4167534004235256,0.4,28610
0.52,ascending,1.0,0.15,20,20,<23>par,1019,0.4,-2.032698624999999,0.1065399999999999,0.9878299999999726,0.1990983333333333,-0.5952933333333266,0.9879416666666392,0.1991066666666667,0.987863333333306,0.0391152208333332,,2.9495833333332493e-05,0.4148453023794455,0.4,28746
0.52,ascending,1.0,0.15,20,20,<23>par,1019,0.5,-2.043868249999999,0.1334464999999999,0.9815833333333118,0.1985616666666669,-0.5920683333333305,0.9816116666666443,0.1985450000000003,0.9814233333333112,0.0389588874999998,,4.6970833333331925e-05,0.4124513483891576,0.4,29363
0.52,ascending,1.0,0.15,20,20,<23>par,1019,0.6,-2.059791812499999,0.1598654166666666,0.9732316666666532,0.197976666666667,-0.5888216666666651,0.9733116666666528,0.197906666666667,0.9729649999999864,0.0383359708333333,,6.54874999999981e-05,0.4096662836491774,0.4,30334
0.52,ascending,1.0,0.15,20,20,<23>par,1019,0.7,-2.0793174375000003,0.1882214285714285,0.9625133333333272,0.1973800000000003,-0.5851266666666676,0.9623583333333252,0.1972300000000004,0.9620733333333245,0.0373844541666665,,9.860416666666604e-05,0.4062217624745546,0.4,30701
0.52,ascending,1.0,0.15,20,20,<23>par,1019,0.8,-2.0965508749999997,0.21445234375,0.9530866666666606,0.1964166666666674,-0.5803666666666679,0.9530183333333276,0.1962216666666674,0.9524333333333276,0.036986495833333,,0.0001204874999999,0.4026517907693646,0.4,31551
0.52,ascending,1.0,0.15,20,20,<23>par,1019,0.86,-2.110516624999999,0.2309755813953488,0.9429716666666622,0.1961600000000002,-0.5766633333333364,0.9429783333333288,0.1957866666666671,0.9421649999999968,0.0362807208333332,,0.0001508375,0.3993358542962879,0.4,31879
0.52,ascending,1.0,0.15,20,20,<23>par,1019,0.87,-2.1118409375,0.2352135057471264,0.9422783333333284,0.1960233333333343,-0.575836666666671,0.9424116666666644,0.1954550000000008,0.941053333333332,0.0363752875,,0.0001583125,0.3987844854573803,0.4,31812
0.52,ascending,1.0,0.15,20,20,<23>par,1019,0.88,-2.1168736249999998,0.2374461647727272,0.9412716666666644,0.1957783333333342,-0.5762933333333347,0.9414549999999996,0.1954700000000009,0.9401299999999996,0.0359628874999999,,0.0001559458333333,0.3987082137758349,0.4,32144
0.52,ascending,1.0,0.15,20,20,<23>par,1019,0.89,-2.1183629375,0.2402457865168538,0.9400866666666644,0.1955416666666669,-0.576253333333338,0.9399183333333324,0.19513,0.9386099999999992,0.0355029125,,0.0001638958333333,0.3983405749829288,0.4,31991
0.52,ascending,1.0,0.15,20,20,<23>par,1019,0.9,-2.1206663125,0.2428402777777777,0.937915,0.1958716666666671,-0.5747416666666679,0.9385416666666662,0.1954066666666671,0.9367616666666678,0.0359093458333332,,0.0001681958333333,0.3975311941540732,0.4,32143
0.52,ascending,1.0,0.15,20,20,<23>par,1019,0.91,-2.1226406875,0.2460107142857142,0.9366650000000004,0.1951966666666672,-0.5740233333333336,0.9370016666666648,0.194771666666667,0.935073333333332,0.0356242958333333,,0.0001633291666666,0.3969677511926515,0.4,32276
0.52,ascending,1.0,0.15,20,20,<23>par,1019,0.92,-2.1240693125,0.2481115489130434,0.9338466666666668,0.1955333333333339,-0.5733700000000028,0.9335116666666666,0.194976666666667,0.9322600000000002,0.0354319208333333,,0.0001726541666666,0.3961242213509783,0.4,32282
0.52,ascending,1.0,0.15,20,20,<23>par,1019,0.93,-2.127958124999999,0.2526337365591398,0.932268333333334,0.195511666666667,-0.5740166666666706,0.9318550000000028,0.1947383333333338,0.9304383333333353,0.0347261124999999,,0.0001809208333333,0.3959932691661628,0.4,32577
0.52,ascending,1.0,0.15,20,20,<23>par,1019,0.9351,-2.1280155,0.2518594267992727,0.932455000000002,0.1951916666666673,-0.5728450000000016,0.9324316666666694,0.1945733333333338,0.9309966666666702,0.0352463541666665,,0.0001724125,0.3957320402751574,0.4,32350
0.52,ascending,1.0,0.15,20,20,<23>par,1019,0.94,-2.129823875,0.2537464095744681,0.9338350000000016,0.1955400000000008,-0.574295000000003,0.9337933333333334,0.1951183333333339,0.9323433333333356,0.0350979083333333,,0.0001858083333333,0.3965085086455086,0.4,32683
0.52,ascending,1.0,0.15,20,20,<23>par,1019,0.95,-2.13239825,0.257368947368421,0.9289216666666714,0.195165000000001,-0.5725333333333373,0.9288516666666718,0.1945916666666673,0.9266900000000036,0.0344956624999999,,0.0002000375,0.3946945798302986,0.4,32723
0.52,ascending,1.0,0.15,20,20,<23>par,1019,0.96,-2.1378609375,0.260188671875,0.9301833333333356,0.1947116666666664,-0.5720983333333359,0.930025000000002,0.1943483333333332,0.9286433333333366,0.0348474541666667,,0.0001826875,0.3949675071294113,0.4,32701
0.52,ascending,1.0,0.15,20,20,<23>par,1019,0.97,-2.137735187499999,0.2608891752577319,0.9253916666666724,0.1951216666666669,-0.5705366666666696,0.9257716666666724,0.1946933333333333,0.923473333333342,0.0346609041666667,,0.0002058041666666,0.3933739804705522,0.4,32642
0.52,ascending,1.0,0.15,20,20,<23>par,1019,0.98,-2.1394964375,0.2641871173469388,0.92422666666667,0.1950600000000008,-0.5708266666666686,0.9240566666666706,0.1944900000000003,0.9222833333333388,0.0343253583333335,,0.0002115916666666,0.3932153597686772,0.4,32697
0.52,ascending,1.0,0.15,20,20,<23>par,1019,0.99,-2.144668812499999,0.2680436868686868,0.9234116666666712,0.1950050000000003,-0.5695750000000017,0.9234400000000068,0.1943716666666671,0.9215666666666716,0.0346555083333332,,0.0002237166666666,0.3927239404117202,0.4,32679
0.52,ascending,1.0,0.15,20,20,<23>par,1019,1.0,-2.145469625,0.2711984999999999,0.9230316666666686,0.1944616666666669,-0.568391666666668,0.9231500000000038,0.1937516666666666,0.921470000000004,0.0347816583333333,,0.000206425,0.3922431731327281,0.4,32854
0.52,ascending,1.0,0.15,20,20,<23>par,1019,1.01,-2.148987249999999,0.2734332920792079,0.920713333333339,0.194630000000001,-0.5685716666666703,0.9199616666666716,0.1938850000000004,0.9178216666666736,0.0340100625,,0.0002245375,0.3915049322336433,0.4,32876
0.52,ascending,1.0,0.15,20,20,<23>par,1019,1.02,-2.1517403750000006,0.2763650735294117,0.9207900000000084,0.1940600000000011,-0.5687583333333351,0.9211550000000052,0.1934516666666674,0.9188966666666746,0.0340583791666667,,0.0002100208333333,0.3918163184115273,0.4,33159
0.52,ascending,1.0,0.15,20,20,<23>par,1019,1.1,-2.175215187499999,0.2982817045454545,0.9070266666666756,0.1934550000000008,-0.5631950000000032,0.9078366666666784,0.1925650000000009,0.9044900000000098,0.0330757416666667,,0.0002572666666666,0.3869254971020254,0.4,33569
0.52,ascending,1.0,0.15,20,20,<23>par,1019,1.2,-2.2047457499999994,0.3276739583333333,0.8885883333333384,0.1920433333333333,-0.5554699999999985,0.8889033333333383,0.1909900000000002,0.884916666666669,0.0316571416666667,,0.0003121833333333,0.3802790891732909,0.4,34270
0.52,ascending,1.0,0.15,20,20,<23>par,1020,0.05,-2.013175,0.0129524999999999,0.9998316666666645,0.1999933333333331,-0.5999066666666376,0.9998316666666645,0.1999933333333331,0.9998316666666645,0.0400014208333356,,4.208333333333328e-07,0.4188211650202042,0.4,27060
0.52,ascending,1.0,0.15,20,20,<23>par,1020,0.1,-2.0126563124999994,0.026985,0.9991383333333228,0.1999633333333331,-0.5997216666666392,0.9991383333333228,0.1999633333333331,0.9991383333333228,0.0399266208333353,,2.045833333333345e-06,0.4186207292581232,0.4,27314
0.52,ascending,1.0,0.15,20,20,<23>par,1020,0.2,-2.0167475624999995,0.0526956249999999,0.9972399999999706,0.1997283333333332,-0.5987399999999826,0.9972399999999704,0.1997283333333332,0.9972383333333038,0.0398492416666673,,6.883333333333328e-06,0.4178990760220162,0.4,28131
0.52,ascending,1.0,0.15,20,20,<23>par,1020,0.3,-2.0239175,0.0801095833333333,0.992979999999961,0.1995783333333333,-0.597238333333321,0.9929433333332942,0.1995849999999999,0.9929366666666276,0.0395379833333334,,1.8141666666666195e-05,0.4165479021067964,0.4,28453
0.52,ascending,1.0,0.15,20,20,<23>par,1020,0.4,-2.0331112499999997,0.1058834374999999,0.9879366666666364,0.19913,-0.5952983333333278,0.9880166666666363,0.1991399999999999,0.9878849999999698,0.0391639999999998,,3.046666666666564e-05,0.4148509476905077,0.4,29275
0.52,ascending,1.0,0.15,20,20,<23>par,1020,0.5,-2.046063875,0.1335532499999999,0.9810499999999758,0.1985833333333335,-0.5924649999999962,0.9811283333333084,0.1985533333333336,0.9808999999999746,0.0386619958333333,,4.847083333333201e-05,0.4124926066981162,0.4,29688
0.52,ascending,1.0,0.15,20,20,<23>par,1020,0.6,-2.060088625,0.1606754166666666,0.9733016666666487,0.1980550000000002,-0.5895149999999959,0.973283333333316,0.1979516666666669,0.9731199999999828,0.0380854416666665,,6.644166666666482e-05,0.409933796956365,0.4,30259
0.52,ascending,1.0,0.15,20,20,<23>par,1020,0.7,-2.0766959375,0.1879433928571428,0.9631999999999924,0.197281666666667,-0.5852250000000012,0.963261666666659,0.197116666666667,0.9627533333333264,0.0374557124999999,,9.29458333333323e-05,0.4063820611041789,0.4,30988
0.52,ascending,1.0,0.15,20,20,<23>par,1020,0.8,-2.0971355625,0.2152853125,0.951819999999992,0.1967916666666669,-0.5805066666666696,0.951783333333326,0.1965983333333337,0.951073333333327,0.0367713833333332,,0.000123525,0.4024248031890087,0.4,31646
0.52,ascending,1.0,0.15,20,20,<23>par,1020,0.86,-2.1125808125000005,0.2318273255813953,0.945156666666666,0.196008333333334,-0.5775583333333343,0.9451283333333328,0.1956016666666673,0.944159999999998,0.0362734958333333,,0.0001463208333333,0.4000353572417098,0.4,32147
0.52,ascending,1.0,0.15,20,20,<23>par,1020,0.87,-2.112860999999999,0.2341080459770115,0.9426833333333324,0.1961133333333337,-0.5768366666666689,0.9428099999999968,0.19572,0.9418199999999988,0.0361921166666667,,0.0001552083333333,0.3992112097627977,0.4,31865
0.52,ascending,1.0,0.15,20,20,<23>par,1020,0.88,-2.1158213125,0.2377249999999999,0.9384799999999992,0.195506666666667,-0.5759000000000029,0.937873333333333,0.1951800000000004,0.9370600000000008,0.0354241583333332,,0.0001722833333333,0.3979337263830655,0.4,32251
0.52,ascending,1.0,0.15,20,20,<23>par,1020,0.89,-2.1164654999999994,0.2407483146067415,0.9406783333333342,0.1957266666666672,-0.57610166666667,0.940701666666667,0.1952950000000006,0.9393733333333354,0.0358564708333333,,0.0001631291666666,0.3984794103980688,0.4,32125
0.52,ascending,1.0,0.15,20,20,<23>par,1020,0.9,-2.1195612499999994,0.2428737499999999,0.939588333333334,0.1953866666666667,-0.5746783333333354,0.9401349999999996,0.1949666666666668,0.9388083333333336,0.0361155458333333,,0.0001586375,0.3979133461957208,0.4,32071
0.52,ascending,1.0,0.15,20,20,<23>par,1020,0.91,-2.122468937499999,0.246320879120879,0.937721666666668,0.1953750000000004,-0.5744966666666712,0.9379816666666672,0.1948916666666668,0.9367900000000016,0.0358063124999999,,0.0001611374999999,0.3974634792870742,0.4,32303
0.52,ascending,1.0,0.15,20,20,<23>par,1020,0.92,-2.123973625,0.2487809782608695,0.936586666666667,0.1952700000000003,-0.5732816666666686,0.9367683333333314,0.1946683333333333,0.935228333333333,0.0359322541666667,,0.0001657874999999,0.3967490498777463,0.4,32423
0.52,ascending,1.0,0.15,20,20,<23>par,1020,0.93,-2.127985437499999,0.2499044354838709,0.9357900000000052,0.1954483333333341,-0.5728733333333357,0.9355416666666706,0.1948883333333339,0.9342850000000053,0.0359183791666665,,0.0001719125,0.396374517403231,0.4,32551
0.52,ascending,1.0,0.15,20,20,<23>par,1020,0.9351,-2.127628374999999,0.2518695861405197,0.9309266666666668,0.195513333333334,-0.5732000000000044,0.931046666666666,0.1949600000000007,0.9295550000000008,0.0350480166666666,,0.0001959833333333,0.3954940690953933,0.4,32388
0.52,ascending,1.0,0.15,20,20,<23>par,1020,0.94,-2.1309233124999998,0.2534042553191489,0.9318150000000004,0.1949983333333339,-0.5711516666666682,0.9318516666666676,0.1946233333333343,0.9308466666666648,0.0356954374999999,,0.0001850291666666,0.3950917545781969,0.4,32766
0.52,ascending,1.0,0.15,20,20,<23>par,1020,0.95,-2.133024937499999,0.2560942105263158,0.932046666666671,0.1947566666666671,-0.5724650000000029,0.9315800000000042,0.194536666666667,0.9302000000000028,0.0350701499999999,,0.00019685,0.3954196666572441,0.4,32373
0.52,ascending,1.0,0.15,20,20,<23>par,1020,0.96,-2.1346556875,0.2597846354166667,0.9303866666666673,0.1952216666666671,-0.571806666666668,0.9302616666666682,0.1949666666666673,0.9284283333333326,0.0352023791666666,,0.0002044625,0.3948400282233283,0.4,32757
0.52,ascending,1.0,0.15,20,20,<23>par,1020,0.97,-2.135552875,0.261061469072165,0.9276800000000046,0.1952450000000006,-0.5704033333333361,0.9276183333333364,0.1944900000000005,0.9256050000000056,0.0351049458333334,,0.0002076958333333,0.3937396554030726,0.4,32970
0.52,ascending,1.0,0.15,20,20,<23>par,1020,0.98,-2.1418774375,0.2641260204081632,0.925825000000001,0.1948250000000004,-0.5699750000000008,0.9255200000000054,0.1942616666666674,0.9241600000000032,0.0350092833333333,,0.000192675,0.3932671402359483,0.4,32537
0.52,ascending,1.0,0.15,20,20,<23>par,1020,0.99,-2.14378175,0.2673820707070707,0.9257350000000044,0.1947783333333342,-0.5692650000000018,0.9259216666666698,0.1944233333333347,0.9239100000000025,0.0352065041666667,,0.0002046125,0.3929980354498091,0.4,32815
0.52,ascending,1.0,0.15,20,20,<23>par,1020,1.0,-2.1474584375,0.2706868749999999,0.9238500000000034,0.1943966666666673,-0.5693683333333357,0.924345000000002,0.1938116666666673,0.9226866666666688,0.0346498875,,0.0001955125,0.3927361509393084,0.4,32949
0.52,ascending,1.0,0.15,20,20,<23>par,1020,1.01,-2.1493525624999994,0.2747544554455445,0.9198100000000032,0.1943316666666669,-0.5686483333333349,0.9196716666666692,0.1937083333333335,0.9172566666666716,0.0338029375,,0.0002181291666666,0.3914306524826149,0.4,32472
0.52,ascending,1.0,0.15,20,20,<23>par,1020,1.02,-2.153071,0.2760430147058823,0.9198033333333384,0.1946966666666673,-0.567181666666667,0.919726666666672,0.1938350000000008,0.9170733333333384,0.0344499583333333,,0.0002258416666666,0.3909356596955247,0.4,33102
0.52,ascending,1.0,0.15,20,20,<23>par,1020,1.1,-2.1749629375000006,0.2989931818181818,0.9080666666666766,0.1933350000000002,-0.5628666666666683,0.9079150000000092,0.1925000000000004,0.9053816666666769,0.0334541291666666,,0.0002397875,0.3870582331913204,0.4,33066
0.52,ascending,1.0,0.15,20,20,<23>par,1020,1.2,-2.2052486875,0.3283967708333333,0.8889650000000084,0.1924183333333336,-0.5560149999999985,0.8905133333333383,0.1911350000000001,0.8858900000000036,0.031940525,,0.0003101083333333,0.3805142994474263,0.4,34378
0.52,ascending,1.0,0.15,20,20,<23>par,1021,0.05,-2.012900375,0.0138599999999999,0.9997249999999972,0.1999949999999998,-0.5999349999999708,0.9997249999999972,0.1999949999999998,0.9997249999999972,0.039969679166669,,6.95833333333332e-07,0.4188094706489959,0.4,27234
0.52,ascending,1.0,0.15,20,20,<23>par,1021,0.1,-2.01372925,0.0265499999999999,0.9993583333333256,0.1999633333333331,-0.5997533333333052,0.9993583333333256,0.1999633333333331,0.9993583333333256,0.0399573041666687,,1.570833333333334e-06,0.4186743755909011,0.4,27092
0.52,ascending,1.0,0.15,20,20,<23>par,1021,0.2,-2.0176992499999997,0.0521743749999999,0.9972433333333056,0.1998266666666665,-0.5989249999999794,0.997241666666639,0.1998233333333332,0.997241666666639,0.0398158041666675,,6.687499999999986e-06,0.4179707295174102,0.4,27969
0.52,ascending,1.0,0.15,20,20,<23>par,1021,0.3,-2.024242375,0.079565,0.99330666666663,0.1994166666666666,-0.5970949999999867,0.9932899999999631,0.1994133333333333,0.9932533333332966,0.0395965333333335,,1.663333333333288e-05,0.4165415227910629,0.4,28324
0.52,ascending,1.0,0.15,20,20,<23>par,1021,0.4,-2.0331393125,0.1073034374999999,0.988631666666634,0.1991233333333334,-0.5956499999999938,0.9886549999999666,0.1990800000000001,0.988534999999967,0.0391226624999998,,2.892083333333253e-05,0.4151046968133581,0.4,29343
0.52,ascending,1.0,0.15,20,20,<23>par,1021,0.5,-2.044963375,0.1338977499999999,0.9814733333333128,0.1986533333333336,-0.5924049999999957,0.9816316666666453,0.1986200000000002,0.9813816666666462,0.0388133291666665,,4.80791666666652e-05,0.4125751247549317,0.4,29333
0.52,ascending,1.0,0.15,20,20,<23>par,1021,0.6,-2.0598141875,0.1609291666666666,0.9728616666666494,0.1981600000000002,-0.5893449999999982,0.9730116666666504,0.1980733333333336,0.9728266666666494,0.0381613208333332,,6.926249999999794e-05,0.4097878275835434,0.4,30414
0.52,ascending,1.0,0.15,20,20,<23>par,1021,0.7,-2.0768027499999997,0.1879353571428571,0.9617399999999892,0.1975966666666671,-0.5850116666666673,0.9621366666666576,0.1973483333333335,0.9611849999999914,0.0373430999999998,,0.0001004333333333,0.4060040936799857,0.4,30905
0.52,ascending,1.0,0.15,20,20,<23>par,1021,0.8,-2.0969935625,0.214871875,0.9510549999999942,0.1966433333333337,-0.5808050000000017,0.9509166666666604,0.1963983333333339,0.9500033333333292,0.0364989249999999,,0.0001305083333333,0.4022578646779011,0.4,31492
0.52,ascending,1.0,0.15,20,20,<23>par,1021,0.86,-2.111359437499999,0.2306188953488371,0.9444116666666644,0.1958000000000004,-0.5766166666666692,0.944343333333329,0.1955000000000006,0.9435683333333308,0.0364835416666665,,0.000147025,0.3995161866658805,0.4,31777
0.52,ascending,1.0,0.15,20,20,<23>par,1021,0.87,-2.112961437499999,0.2350596264367816,0.9435700000000006,0.1958466666666672,-0.5777066666666696,0.9433566666666636,0.1956050000000004,0.9425816666666664,0.0359497166666666,,0.0001507416666666,0.3996742344367513,0.4,31859
0.52,ascending,1.0,0.15,20,20,<23>par,1021,0.88,-2.1158258125,0.2372866477272727,0.9417333333333316,0.1957833333333339,-0.5763083333333341,0.9415583333333344,0.1953216666666671,0.9406983333333336,0.0360057874999999,,0.0001454958333333,0.3988602709441162,0.4,32177
0.52,ascending,1.0,0.15,20,20,<23>par,1021,0.89,-2.1190568124999998,0.2393654494382022,0.9386150000000004,0.1956600000000009,-0.5755333333333361,0.938434999999999,0.1952883333333342,0.9373716666666668,0.0356131125,,0.0001710958333333,0.3978844344524857,0.4,32137
0.52,ascending,1.0,0.15,20,20,<23>par,1021,0.9,-2.11950425,0.2431197222222222,0.937941666666667,0.1959100000000002,-0.5752933333333359,0.9381716666666648,0.1955250000000004,0.9371566666666664,0.0358150708333334,,0.0001668708333333,0.3977728877988129,0.4,32325
0.52,ascending,1.0,0.15,20,20,<23>par,1021,0.91,-2.1215210625,0.2454642857142856,0.9381199999999994,0.1955949999999999,-0.5755700000000025,0.9382933333333338,0.1950133333333334,0.9369933333333348,0.0354278916666666,,0.00016755,0.3977712211274801,0.4,32169
0.52,ascending,1.0,0.15,20,20,<23>par,1021,0.92,-2.125336625,0.2478921195652174,0.9363250000000016,0.1956866666666674,-0.5744783333333369,0.9370633333333342,0.1952750000000006,0.9351699999999992,0.0356599250000001,,0.0001699416666666,0.3971380303729399,0.4,32349
0.52,ascending,1.0,0.15,20,20,<23>par,1021,0.93,-2.12727975,0.2507380376344086,0.933950000000002,0.1953533333333338,-0.5738500000000017,0.9337166666666707,0.1950250000000006,0.9324666666666692,0.0352620166666667,,0.0001753416666666,0.3963715337148108,0.4,32470
0.52,ascending,1.0,0.15,20,20,<23>par,1021,0.9351,-2.1291361874999994,0.2521323922575125,0.933421666666667,0.1949966666666669,-0.5728900000000025,0.9329366666666664,0.194376666666667,0.9318633333333364,0.0353749583333332,,0.0001839666666666,0.3958199403058106,0.4,32377
0.52,ascending,1.0,0.15,20,20,<23>par,1021,0.94,-2.1293808749999994,0.2516093085106383,0.9344266666666652,0.1953166666666673,-0.5732266666666699,0.9342216666666668,0.1950316666666673,0.9329516666666656,0.0355246541666666,,0.0001752541666666,0.3962587453398694,0.4,32501
0.52,ascending,1.0,0.15,20,20,<23>par,1021,0.95,-2.1314849375,0.2557527631578947,0.9319033333333356,0.1951850000000004,-0.5729000000000021,0.9326066666666688,0.1946683333333332,0.9303966666666716,0.035120725,,0.0001796083333333,0.3956073151693036,0.4,32609
0.52,ascending,1.0,0.15,20,20,<23>par,1021,0.96,-2.1361139999999987,0.2604063802083333,0.9303233333333352,0.1953716666666674,-0.5712016666666688,0.930493333333333,0.1947150000000005,0.9285833333333344,0.0354656166666667,,0.0001769083333333,0.3946759304286363,0.4,32566
0.52,ascending,1.0,0.15,20,20,<23>par,1021,0.97,-2.1373395625,0.2620362113402062,0.9281666666666704,0.1951533333333334,-0.571665000000003,0.9272533333333354,0.1944049999999998,0.9261450000000022,0.0347900916666667,,0.0001993,0.3942187662140957,0.4,32426
0.52,ascending,1.0,0.15,20,20,<23>par,1021,0.98,-2.141397499999999,0.2651072704081632,0.923346666666668,0.194546666666667,-0.5701300000000029,0.9228083333333352,0.1940533333333338,0.920560000000002,0.0341360625000001,,0.0002016708333333,0.3925578711965143,0.4,32669
0.52,ascending,1.0,0.15,20,20,<23>par,1021,0.99,-2.143405875,0.2676167929292929,0.9276216666666692,0.1945900000000007,-0.5708283333333352,0.9278783333333364,0.1940033333333339,0.9258766666666696,0.0348357541666667,,0.0001874541666666,0.3939548838103252,0.4,33021
0.52,ascending,1.0,0.15,20,20,<23>par,1021,1.0,-2.144667375,0.2703097499999999,0.9220233333333362,0.1943850000000004,-0.5684366666666685,0.921453333333338,0.1936050000000004,0.9204266666666724,0.0345236666666668,,0.0002092583333333,0.3919894337054824,0.4,32771
0.52,ascending,1.0,0.15,20,20,<23>par,1021,1.01,-2.149260312499999,0.2723623762376237,0.9246433333333384,0.1942066666666669,-0.5706500000000015,0.9239166666666724,0.193756666666667,0.9221300000000048,0.034129575,,0.0002197666666666,0.3929866627452775,0.4,32950
0.52,ascending,1.0,0.15,20,20,<23>par,1021,1.02,-2.152076124999999,0.2761950980392156,0.9199100000000064,0.1943133333333338,-0.5671600000000006,0.9197266666666734,0.1934750000000008,0.9172566666666728,0.0343721083333333,,0.0002202,0.3909130298418016,0.4,32939
0.52,ascending,1.0,0.15,20,20,<23>par,1021,1.1,-2.1747141249999995,0.2984293181818181,0.9049933333333412,0.1938516666666674,-0.5620266666666671,0.9049066666666742,0.1925716666666671,0.9019150000000086,0.0332317333333333,,0.0002581416666666,0.3860306056938608,0.4,33781
0.52,ascending,1.0,0.15,20,20,<23>par,1021,1.2,-2.2042553124999995,0.3267285416666666,0.8874466666666708,0.1921116666666672,-0.5555249999999982,0.887533333333338,0.1906383333333338,0.8834600000000054,0.0314395166666667,,0.0003087416666666,0.3798183374797926,0.4,33963
0.52,ascending,1.0,0.15,20,20,<23>par,1022,0.05,-2.0135919374999998,0.0132224999999999,0.9997166666666636,0.1999816666666664,-0.5998899999999704,0.9997166666666636,0.1999816666666664,0.9997166666666636,0.039980741666669,,7.083333333333307e-07,0.4187916272948348,0.4,27102
0.52,ascending,1.0,0.15,20,20,<23>par,1022,0.1,-2.0136219374999995,0.0274449999999999,0.9994516666666596,0.1999683333333331,-0.5997149999999726,0.9994516666666596,0.1999683333333331,0.9994516666666596,0.0399930041666687,,1.3958333333333296e-06,0.4186810085473603,0.4,27381
0.52,ascending,1.0,0.15,20,20,<23>par,1022,0.2,-2.017902312499999,0.0535006249999999,0.9974149999999712,0.1998199999999999,-0.5987366666666488,0.9974183333333044,0.1998216666666665,0.9974116666666376,0.0399256625000007,,6.512500000000019e-06,0.4179415313082564,0.4,27849
0.52,ascending,1.0,0.15,20,20,<23>par,1022,0.3,-2.02338375,0.0791220833333333,0.993611666666629,0.1994933333333333,-0.5974533333333226,0.9936466666666292,0.19949,0.9935966666666294,0.0395529750000002,,1.605833333333295e-05,0.4167365396662798,0.4,28712
0.52,ascending,1.0,0.15,20,20,<23>par,1022,0.4,-2.0336555624999995,0.1066187499999999,0.9878866666666362,0.1990983333333332,-0.5949516666666589,0.9879599999999692,0.1990716666666666,0.9878433333333028,0.0392504833333332,,3.033333333333244e-05,0.4147313723297338,0.4,28827
0.52,ascending,1.0,0.15,20,20,<23>par,1022,0.5,-2.0444685,0.1329082499999999,0.9813749999999776,0.198561666666667,-0.5922183333333302,0.9813349999999772,0.1985500000000003,0.9813416666666446,0.0388440041666665,,4.6495833333331866e-05,0.4125066166905619,0.4,29687
0.52,ascending,1.0,0.15,20,20,<23>par,1022,0.6,-2.060847625,0.1596347916666666,0.9737049999999848,0.1979550000000003,-0.5891299999999984,0.9738099999999844,0.1979016666666671,0.9734983333333171,0.0382777666666665,,6.617499999999807e-05,0.409874237287359,0.4,30148
0.52,ascending,1.0,0.15,20,20,<23>par,1022,0.7,-2.07704075,0.1876001785714285,0.9631583333333218,0.1972116666666671,-0.584151666666668,0.9629366666666548,0.197071666666667,0.962783333333322,0.0378624999999999,,9.602499999999878e-05,0.4059718522651596,0.4,30891
0.52,ascending,1.0,0.15,20,20,<23>par,1022,0.8,-2.096939,0.2160940624999999,0.9495466666666644,0.1960916666666671,-0.5796166666666677,0.9494366666666632,0.1958716666666671,0.9484633333333292,0.0364307749999999,,0.0001361666666666,0.4015227124779962,0.4,31148
0.52,ascending,1.0,0.15,20,20,<23>par,1022,0.86,-2.1106001249999995,0.2314462209302325,0.9449916666666648,0.1959250000000004,-0.5773116666666698,0.9453133333333316,0.1957766666666671,0.9443366666666636,0.0364347000000001,,0.0001446249999999,0.3999136970603175,0.4,31700
0.52,ascending,1.0,0.15,20,20,<23>par,1022,0.87,-2.1127959375,0.2344360632183908,0.9420516666666652,0.1958300000000006,-0.5767616666666711,0.9420849999999992,0.195603333333334,0.9406916666666664,0.0359255874999998,,0.0001606541666666,0.3990141087018148,0.4,31966
0.52,ascending,1.0,0.15,20,20,<23>par,1022,0.88,-2.1144981875,0.2371904829545454,0.9404183333333312,0.1961666666666674,-0.5758816666666688,0.9407449999999988,0.1956333333333339,0.9394233333333318,0.0360291541666665,,0.0001580875,0.3985226383046046,0.4,31780
0.52,ascending,1.0,0.15,20,20,<23>par,1022,0.89,-2.1198786874999995,0.2404710674157303,0.9399133333333308,0.1958500000000006,-0.5751766666666698,0.9393966666666664,0.1955816666666675,0.9385883333333324,0.036110725,,0.000171225,0.3980803430742776,0.4,32243
0.52,ascending,1.0,0.15,20,20,<23>par,1022,0.9,-2.1200536249999997,0.2423172222222222,0.937523333333335,0.1952950000000002,-0.5750783333333361,0.9379099999999994,0.1949483333333336,0.9358083333333334,0.0354067166666666,,0.000165375,0.3973746847520366,0.4,31922
0.52,ascending,1.0,0.15,20,20,<23>par,1022,0.91,-2.1234188124999998,0.2460881868131867,0.9356383333333328,0.1954083333333333,-0.5740833333333346,0.9357666666666656,0.1949233333333333,0.9344516666666656,0.0355341999999999,,0.0001691916666666,0.3967695053943629,0.4,32134
0.52,ascending,1.0,0.15,20,20,<23>par,1022,0.92,-2.124585562499999,0.2492046195652173,0.9347733333333332,0.1954383333333338,-0.5736416666666702,0.9343266666666674,0.1947766666666673,0.9332150000000003,0.0353836749999999,,0.0001828833333333,0.3964601707596791,0.4,32313
0.52,ascending,1.0,0.15,20,20,<23>par,1022,0.93,-2.129634,0.2507783602150538,0.9357916666666664,0.1953800000000005,-0.5744516666666694,0.935946666666666,0.1951200000000004,0.934528333333334,0.0354267333333333,,0.00017195,0.3969630267290938,0.4,32396
0.52,ascending,1.0,0.15,20,20,<23>par,1022,0.9351,-2.128632375,0.2517539567960645,0.9341850000000032,0.1955450000000002,-0.5734683333333385,0.9337516666666696,0.1949683333333334,0.932018333333338,0.0353809625,,0.0001902625,0.3960978803783027,0.4,32406
0.52,ascending,1.0,0.15,20,20,<23>par,1022,0.94,-2.129174624999999,0.2539091755319149,0.9304833333333372,0.1951633333333339,-0.572726666666671,0.9304700000000028,0.1947216666666672,0.9287483333333344,0.0349552249999999,,0.0001972916666666,0.3951452595699989,0.4,32514
0.52,ascending,1.0,0.15,20,20,<23>par,1022,0.95,-2.133639687499999,0.2558668421052632,0.92950166666667,0.1950233333333332,-0.5719350000000033,0.9296666666666707,0.1944066666666664,0.92765166666667,0.034939075,,0.0001948166666666,0.39470609478658,0.4,32591
0.52,ascending,1.0,0.15,20,20,<23>par,1022,0.96,-2.137157,0.259766796875,0.9324450000000004,0.1953400000000008,-0.5731733333333361,0.9322466666666696,0.1946366666666674,0.9308866666666692,0.0351146416666666,,0.0001782416666666,0.3957775947047434,0.4,32296
0.52,ascending,1.0,0.15,20,20,<23>par,1022,0.97,-2.1376193749999994,0.2613065721649484,0.9279866666666682,0.1949250000000009,-0.5715633333333348,0.9283866666666692,0.1942816666666677,0.9266083333333356,0.0348145083333333,,0.0001924833333333,0.3943288174096963,0.4,32610
0.52,ascending,1.0,0.15,20,20,<23>par,1022,0.98,-2.141263124999999,0.265301275510204,0.9250766666666688,0.1949733333333339,-0.5702566666666695,0.9252250000000004,0.1945050000000006,0.9236300000000036,0.0347382458333333,,0.0002012875,0.3932974288772439,0.4,32792
0.52,ascending,1.0,0.15,20,20,<23>par,1022,0.99,-2.14324575,0.2681443181818181,0.9241900000000022,0.1944766666666674,-0.5694850000000021,0.924346666666668,0.1940100000000006,0.9219400000000016,0.0346196749999999,,0.000205525,0.3927016677828108,0.4,32936
0.52,ascending,1.0,0.15,20,20,<23>par,1022,1.0,-2.14528325,0.26974725,0.9250133333333364,0.1949783333333344,-0.5698666666666689,0.925020000000004,0.1944116666666676,0.9231766666666744,0.0347735249999999,,0.0002006583333333,0.3930761741122145,0.4,32724
0.52,ascending,1.0,0.15,20,20,<23>par,1022,1.01,-2.147597875,0.2726556930693069,0.9213416666666702,0.194273333333334,-0.5687566666666708,0.9212000000000042,0.1936050000000011,0.9190433333333388,0.0340954166666666,,0.000207475,0.3918379864125283,0.4,32988
0.52,ascending,1.0,0.15,20,20,<23>par,1022,1.02,-2.1509208125,0.277038725490196,0.920070000000004,0.194393333333334,-0.5676100000000005,0.9197433333333408,0.1938983333333338,0.9178133333333386,0.0345299333333334,,0.0002317666666666,0.3911561057920509,0.4,33186
0.52,ascending,1.0,0.15,20,20,<23>par,1022,1.1,-2.1753706875,0.2979453409090908,0.9081866666666736,0.1933983333333338,-0.5620599999999996,0.908006666666675,0.1924900000000002,0.9057466666666748,0.0337729333333333,,0.0002602333333333,0.3868205891031153,0.4,33323
0.52,ascending,1.0,0.15,20,20,<23>par,1022,1.2,-2.204734625,0.3279627083333333,0.8884000000000055,0.1922550000000003,-0.5563483333333318,0.8877366666666702,0.1911283333333333,0.8845133333333356,0.0314994166666666,,0.0003146583333333,0.3804060855230213,0.4,34084
0.52,ascending,1.0,0.15,20,20,<23>par,1023,0.05,-2.0115566249999994,0.0131224999999999,0.99977833333333,0.1999883333333331,-0.5999583333333036,0.99977833333333,0.1999883333333331,0.99977833333333,0.0399682208333356,,5.541666666666673e-07,0.4188267333374313,0.4,27054
0.52,ascending,1.0,0.15,20,20,<23>par,1023,0.1,-2.013754624999999,0.0261537499999999,0.9993533333333244,0.1999116666666665,-0.5996649999999735,0.9993516666666576,0.1999116666666665,0.9993516666666576,0.0399707125000018,,1.5708333333333343e-06,0.4186380902567321,0.4,27364
0.52,ascending,1.0,0.15,20,20,<23>par,1023,0.2,-2.0178519375,0.0534062499999999,0.9971699999999718,0.1997866666666665,-0.5988083333333151,0.9971699999999718,0.1997849999999998,0.9971733333333052,0.0398316000000008,,7.016666666666643e-06,0.4179147803208647,0.4,28020
0.52,ascending,1.0,0.15,20,20,<23>par,1023,0.3,-2.0244757499999992,0.0791275,0.9940183333332964,0.1994899999999999,-0.5972549999999867,0.9940066666666296,0.1994783333333332,0.9940083333332962,0.0397074250000003,,1.530833333333294e-05,0.4167541782057067,0.4,28542
0.52,ascending,1.0,0.15,20,20,<23>par,1023,0.4,-2.03295,0.1063371874999999,0.9882299999999652,0.199165,-0.5954683333333254,0.9882499999999648,0.1991466666666667,0.9882433333332984,0.0391481833333332,,2.922499999999908e-05,0.414986097581048,0.4,28937
0.52,ascending,1.0,0.15,20,20,<23>par,1023,0.5,-2.045345062499999,0.13406525,0.9805933333333136,0.198705,-0.5924466666666632,0.9805683333333132,0.1986666666666667,0.980513333333314,0.038668095833333,,4.767916666666525e-05,0.4123990468212446,0.4,29542
0.52,ascending,1.0,0.15,20,20,<23>par,1023,0.6,-2.0600526249999995,0.1605902083333333,0.9724166666666536,0.1980783333333335,-0.5897066666666658,0.9727883333333202,0.1980733333333335,0.9722316666666536,0.0378742874999998,,7.168749999999818e-05,0.4097892007204476,0.4,30610
0.52,ascending,1.0,0.15,20,20,<23>par,1023,0.7,-2.0765495,0.1870373214285714,0.962639999999989,0.1973933333333338,-0.58426,0.9631016666666572,0.1972350000000005,0.962181666666657,0.0377464208333331,,9.492916666666589e-05,0.4059651817161267,0.4,31022
0.52,ascending,1.0,0.15,20,20,<23>par,1023,0.8,-2.097552374999999,0.2149965625,0.9504433333333292,0.1964700000000005,-0.5792233333333364,0.9502866666666622,0.1961316666666673,0.9497366666666628,0.0368501416666667,,0.0001290583333333,0.401742314915462,0.4,31460
0.52,ascending,1.0,0.15,20,20,<23>par,1023,0.86,-2.1109460625,0.2309466569767441,0.9448283333333352,0.1960000000000007,-0.5774533333333366,0.9443833333333316,0.1956166666666672,0.9438533333333334,0.0362443166666666,,0.0001468083333333,0.3998563181921641,0.4,31963
0.52,ascending,1.0,0.15,20,20,<23>par,1023,0.87,-2.112505562499999,0.234142816091954,0.940798333333332,0.1959200000000009,-0.5766516666666698,0.9404416666666656,0.1955716666666676,0.939165,0.0356234041666666,,0.0001583625,0.3987514947093137,0.4,32176
0.52,ascending,1.0,0.15,20,20,<23>par,1023,0.88,-2.116591124999999,0.2380782670454545,0.940081666666667,0.1958550000000005,-0.5761766666666698,0.9390183333333336,0.1955516666666674,0.938226666666666,0.0356306291666666,,0.0001717708333333,0.3983086249793225,0.4,32277
0.52,ascending,1.0,0.15,20,20,<23>par,1023,0.89,-2.1188947499999995,0.2405053370786516,0.9430933333333332,0.1956883333333336,-0.5768633333333348,0.9429466666666672,0.1955216666666669,0.942120000000002,0.0360537166666666,,0.000151725,0.39926360117588,0.4,32465
0.52,ascending,1.0,0.15,20,20,<23>par,1023,0.9,-2.1224100624999997,0.24270875,0.9358000000000004,0.1955533333333338,-0.5746383333333359,0.936376666666664,0.195233333333334,0.9346533333333332,0.0355037499999999,,0.0001658083333333,0.3969282024435781,0.4,32187
0.52,ascending,1.0,0.15,20,20,<23>par,1023,0.91,-2.124060187499999,0.245092445054945,0.9391383333333332,0.1954483333333335,-0.5748700000000021,0.938585,0.1950600000000004,0.9377216666666676,0.0359337958333332,,0.0001717375,0.3976536828631637,0.4,32249
0.52,ascending,1.0,0.15,20,20,<23>par,1023,0.92,-2.1245801874999994,0.2479732336956521,0.934816666666666,0.1956050000000004,-0.5738950000000033,0.93447,0.1951366666666666,0.9334616666666674,0.0354682916666665,,0.0001705833333333,0.3966357788128929,0.4,32304
0.52,ascending,1.0,0.15,20,20,<23>par,1023,0.93,-2.127647062499999,0.2514754032258064,0.9346433333333316,0.1955500000000004,-0.5735900000000037,0.9349899999999984,0.1952100000000004,0.9335433333333328,0.0355976166666666,,0.0001713,0.3965211890241525,0.4,32377
0.52,ascending,1.0,0.15,20,20,<23>par,1023,0.9351,-2.1284485625,0.2516373917228103,0.9346200000000012,0.1953733333333334,-0.5738800000000007,0.935001666666667,0.1949033333333332,0.933380000000003,0.0353409374999999,,0.0001804375,0.3965040426064568,0.4,32444
0.52,ascending,1.0,0.15,20,20,<23>par,1023,0.94,-2.129151875,0.2517702127659574,0.934295,0.1951583333333337,-0.5732516666666698,0.9343983333333348,0.1947900000000002,0.9329550000000014,0.0355194041666666,,0.0001804875,0.396164244215627,0.4,32145
0.52,ascending,1.0,0.15,20,20,<23>par,1023,0.95,-2.1326215625,0.2571327631578948,0.9309533333333349,0.1951816666666668,-0.571945000000001,0.9310683333333344,0.194511666666667,0.9290966666666696,0.0351729708333332,,0.0001916041666666,0.3949948803400085,0.4,32449
0.52,ascending,1.0,0.15,20,20,<23>par,1023,0.96,-2.135834,0.2597798177083333,0.9295083333333372,0.1950383333333335,-0.5712866666666703,0.9290666666666672,0.19461,0.9281533333333344,0.0351795666666666,,0.0001950416666666,0.3945637132395287,0.4,32499
0.52,ascending,1.0,0.15,20,20,<23>par,1023,0.97,-2.138737,0.2616884020618557,0.9268983333333376,0.1950266666666673,-0.570420000000003,0.9265183333333358,0.194438333333334,0.9249583333333375,0.0349814458333333,,0.0002024375,0.39359241873007,0.4,32795
0.52,ascending,1.0,0.15,20,20,<23>par,1023,0.98,-2.140038374999999,0.2641450255102041,0.9268983333333372,0.1946983333333327,-0.5713200000000028,0.9274133333333358,0.1941883333333326,0.9254283333333356,0.0346230583333333,,0.0001905,0.3939601432482973,0.4,32467
0.52,ascending,1.0,0.15,20,20,<23>par,1023,0.99,-2.1444833125,0.2685998737373737,0.9267183333333384,0.1944566666666669,-0.5699016666666707,0.9268600000000068,0.1940933333333336,0.9249316666666736,0.0349750499999999,,0.0001968083333333,0.39356610961299,0.4,32826
0.52,ascending,1.0,0.15,20,20,<23>par,1023,1.0,-2.1444066875,0.2694425,0.9238550000000066,0.1946333333333338,-0.568363333333335,0.924176666666674,0.1936450000000006,0.9221483333333416,0.0349938333333333,,0.0001959583333333,0.3923548446649967,0.4,32682
0.52,ascending,1.0,0.15,20,20,<23>par,1023,1.01,-2.1502656249999994,0.2738875,0.920035000000006,0.1944350000000001,-0.5671399999999998,0.9193266666666744,0.1938016666666666,0.9178383333333396,0.0347323833333332,,0.0002137,0.3910814386538122,0.4,32628
0.52,ascending,1.0,0.15,20,20,<23>par,1023,1.02,-2.15245975,0.2757368872549019,0.9187433333333388,0.1943183333333335,-0.5668683333333345,0.9192233333333366,0.193443333333333,0.9168166666666708,0.0343428083333333,,0.0002366833333333,0.3908085256495295,0.4,33235
0.52,ascending,1.0,0.15,20,20,<23>par,1023,1.1,-2.174508125,0.2993244318181818,0.9061000000000082,0.1937133333333336,-0.5615600000000003,0.9063916666666756,0.1927716666666672,0.903603333333344,0.0337247291666666,,0.0002654791666666,0.3861949535780059,0.4,33640
0.52,ascending,1.0,0.15,20,20,<23>par,1023,1.2,-2.203843187499999,0.3267314583333333,0.8861516666666726,0.1923799999999998,-0.5550799999999997,0.8858833333333362,0.1908599999999996,0.8817433333333354,0.0313736916666667,,0.0003452583333333,0.3792021829117473,0.4,34015
0.52,ascending,1.0,0.15,20,20,<2>par,1024,0.05,-2.0213319375,0.0122824999999999,0.9999116666666652,0.0,-0.9999116666666652,0.9999116666666652,0.0,0.9999116666666652,2.208333333333334e-07,,0.4999560541666671,2.208333333333337e-07,0.5,26957
0.52,ascending,1.0,0.15,20,20,<2>par,1024,0.1,-2.0222211875,0.0248174999999999,0.9991233333333216,0.0,-0.9991233333333216,0.9991233333333216,0.0,0.9991233333333216,2.191666666666685e-06,,0.4995638583333379,2.1615163834270755e-06,0.5,27515
0.52,ascending,1.0,0.15,20,20,<2>par,1024,0.2,-2.0246549375,0.0489168749999999,0.9978816666666452,0.0,-0.9978833333333118,0.9978816666666452,0.0,0.9978816666666452,4.995833333333405e-06,,0.4989467541666724,5.389665555942696e-06,0.5,27898
0.52,ascending,1.0,0.15,20,20,<2>par,1024,0.3,-2.029786875,0.0748541666666666,0.9943933333332944,0.0,-0.9943949999999616,0.9943849999999612,1.6666666666666669e-06,0.9943899999999614,1.312916666666635e-05,,0.4972104458333416,1.3876448017322696e-05,0.5,28581
0.52,ascending,1.0,0.15,20,20,<2>par,1024,0.4,-2.040183125,0.0988690624999999,0.989831666666631,-1.666666666666666e-06,-0.9898049999999644,0.9898516666666308,-2.8333333333333332e-05,0.9898116666666308,2.3695833333332657e-05,,0.4949351125000081,2.564252771301e-05,0.5,28983
0.52,ascending,1.0,0.15,20,20,<2>par,1024,0.5,-2.0517618749999995,0.1248254999999999,0.9854816666666396,6.000000000000002e-05,-0.9853816666666398,0.98542666666664,-1.3333333333333332e-05,0.985383333333306,3.8983333333332e-05,,0.4927271916666719,3.70453141175102e-05,0.5,29892
0.52,ascending,1.0,0.15,20,20,<2>par,1024,0.6,-2.0639880625,0.149296875,0.977963333333316,9.333333333333336e-05,-0.9778949999999824,0.9779983333333152,7.333333333333337e-05,0.977823333333315,5.7262499999998e-05,,0.4889634875000038,5.7186954904010056e-05,0.5,30230
0.52,ascending,1.0,0.15,20,20,<2>par,1024,0.7,-2.079625625,0.1745989285714285,0.9700466666666504,8.000000000000005e-05,-0.9699133333333174,0.9701049999999836,-5.833333333333335e-05,0.9698633333333172,7.744583333333082e-05,,0.4850312708333335,7.429221176265633e-05,0.5,30907
0.52,ascending,1.0,0.15,20,20,<2>par,1024,0.8,-2.0991846250000004,0.1990159374999999,0.960071666666658,0.0002016666666666,-0.9600316666666576,0.9600233333333252,3.833333333333334e-05,0.959844999999991,0.0001044833333333,,0.4800213833333343,0.0001011819351884,0.5,31977
0.52,ascending,1.0,0.15,20,20,<2>par,1024,0.86,-2.113734687499999,0.2156481104651162,0.9528516666666637,0.000235,-0.9526733333333318,0.9530883333333312,-3.666666666666667e-05,0.952538333333332,0.0001142291666666,,0.4763884125000004,0.0001227447610241,0.5,31995
0.52,ascending,1.0,0.15,20,20,<2>par,1024,0.87,-2.1127025625,0.2169702586206896,0.9518883333333296,0.0003183333333333,-0.951639999999996,0.951884999999996,-2.5e-05,0.9513699999999952,0.0001230124999999,,0.4758428874999998,0.000123238825447,0.5,31914
0.52,ascending,1.0,0.15,20,20,<2>par,1024,0.88,-2.1168629999999995,0.2196673295454545,0.9520099999999972,0.0002766666666666,-0.9516649999999968,0.9520266666666636,-5.333333333333333e-05,0.9514916666666636,0.0001234249999999,,0.4759013999999997,0.0001239491180161,0.5,31816
0.52,ascending,1.0,0.15,20,20,<2>par,1024,0.89,-2.1191799374999998,0.2231075842696628,0.9518033333333308,0.00022,-0.9515749999999954,0.9519149999999976,2.5000000000000008e-05,0.9513166666666634,0.0001212708333333,,0.4757497291666663,0.0001283733308344,0.5,32445
0.52,ascending,1.0,0.15,20,20,<2>par,1024,0.9,-2.1212838125,0.2248215277777777,0.94910333333333,0.00027,-0.9487733333333296,0.9489166666666636,8.833333333333337e-05,0.948634999999997,0.0001315583333333,,0.4744300999999992,0.0001309741777739,0.5,32375
0.52,ascending,1.0,0.15,20,20,<2>par,1024,0.91,-2.123607999999999,0.228089423076923,0.9480649999999956,0.0002416666666666,-0.9476866666666623,0.9481816666666626,-9.999999999999996e-06,0.9474549999999956,0.0001298708333333,,0.4738735625000012,0.0001330835655337,0.5,32054
0.52,ascending,1.0,0.15,20,20,<2>par,1024,0.92,-2.124263625,0.2301490489130434,0.9464283333333302,0.0002133333333333,-0.9459633333333296,0.9463883333333316,-3.3333333333333355e-05,0.9457533333333312,0.0001375291666666,,0.4730327208333347,0.0001419167325338,0.5,32489
0.52,ascending,1.0,0.15,20,20,<2>par,1024,0.93,-2.12739125,0.2326967741935483,0.9466849999999982,0.0004083333333333,-0.9463799999999992,0.946336666666666,4.000000000000002e-05,0.946213333333332,0.0001357083333333,,0.4732036083333337,0.0001450428208379,0.5,31930
0.52,ascending,1.0,0.15,20,20,<2>par,1024,0.9351,-2.1287990000000003,0.2335907924286172,0.9469633333333308,0.0003633333333333,-0.9465499999999976,0.9470083333333308,-6.333333333333335e-05,0.9463549999999982,0.0001369708333333,,0.4733150958333335,0.0001396295066092,0.5,32283
0.52,ascending,1.0,0.15,20,20,<2>par,1024,0.94,-2.1302767499999997,0.2360083776595745,0.945109999999998,0.0005933333333333,-0.9448266666666644,0.9451083333333318,-9.999999999999996e-06,0.9445599999999984,0.0001468041666666,,0.4724151458333334,0.0001505206022997,0.5,32398
0.52,ascending,1.0,0.15,20,20,<2>par,1024,0.95,-2.1310555,0.2376460526315789,0.9441749999999982,0.0004349999999999,-0.9439116666666656,0.9442433333333314,-5.782411586589358e-22,0.9436116666666652,0.0001315833333333,,0.471928308333333,0.0001463555370434,0.5,32351
0.52,ascending,1.0,0.15,20,20,<2>par,1024,0.96,-2.1350328125,0.240662109375,0.9410666666666696,0.0005083333333333,-0.9409183333333372,0.9412700000000036,6.166666666666668e-05,0.94069666666667,0.0001534333333333,,0.4704786583333328,0.0001485696045763,0.5,32544
0.52,ascending,1.0,0.15,20,20,<2>par,1024,0.97,-2.1376383125,0.2435359536082474,0.9383400000000016,0.0005966666666666,-0.9378433333333334,0.9383800000000032,0.0001266666666666,0.9375566666666696,0.0001668833333333,,0.4689772833333331,0.0001635728854832,0.5,32866
0.52,ascending,1.0,0.15,20,20,<2>par,1024,0.98,-2.1388523125,0.2460889030612245,0.9405316666666664,0.0004383333333333,-0.940161666666666,0.9407299999999996,-0.00013,0.9398550000000004,0.0001530333333333,,0.4701176249999999,0.0001545982889594,0.5,32887
0.52,ascending,1.0,0.15,20,20,<2>par,1024,0.99,-2.1430567499999995,0.2481767676767676,0.9388450000000008,0.0006599999999999,-0.938248333333334,0.9387000000000016,-7.333333333333336e-05,0.938093333333334,0.0001562666666666,,0.4692068750000006,0.0001605987453628,0.5,33098
0.52,ascending,1.0,0.15,20,20,<2>par,1024,1.0,-2.144424312499999,0.2512433749999999,0.9379349999999972,0.0006299999999999,-0.9377233333333322,0.9380266666666648,-4.666666666666665e-05,0.9373883333333306,0.000160175,,0.4688525333333336,0.00016381893691,0.5,32837
0.52,ascending,1.0,0.15,20,20,<2>par,1024,1.01,-2.14556025,0.2525298267326732,0.9373516666666676,0.0005383333333333,-0.9369400000000012,0.9370499999999998,8.833333333333337e-05,0.9364416666666672,0.0001747249999999,,0.4683682916666672,0.0001652452025994,0.5,32996
0.52,ascending,1.0,0.15,20,20,<2>par,1024,1.02,-2.1494651875,0.2566231617647058,0.9349299999999996,0.0004599999999999,-0.9342933333333328,0.9346516666666664,-0.000115,0.9340000000000016,0.0001774541666666,,0.4671267208333333,0.0001777388494393,0.5,32840
0.52,ascending,1.0,0.15,20,20,<2>par,1024,1.1,-2.171768625,0.276829659090909,0.9234700000000032,0.0006649999999999,-0.923023333333338,0.9235516666666712,1.6666666666666984e-06,0.9223466666666714,0.0001952708333333,,0.461384145833334,0.0002004549550151,0.5,33396
0.52,ascending,1.0,0.15,20,20,<2>par,1024,1.2,-2.1990248749999988,0.3027057291666666,0.907543333333338,0.0013783333333333,-0.906643333333341,0.907835000000008,0.0001083333333333,0.9058566666666752,0.0002336374999999,,0.4531563875000001,0.0002415193076755,0.5,34085
0.52,ascending,1.0,0.15,20,20,<2>par,1025,0.05,-2.019693,0.0127824999999999,0.9997999999999968,0.0,-0.9997999999999968,0.9997999999999968,0.0,0.9997999999999968,5.249999999999993e-07,,0.4999005083333342,4.797745751406274e-07,0.5,27475
0.52,ascending,1.0,0.15,20,20,<2>par,1025,0.1,-2.0197740625,0.0248974999999999,0.9993149999999914,0.0,-0.9993149999999914,0.9993149999999914,0.0,0.9993149999999914,1.7208333333333386e-06,,0.4996592291666702,1.6964412418072802e-06,0.5,27616
0.52,ascending,1.0,0.15,20,20,<2>par,1025,0.2,-2.0238065,0.0493749999999999,0.9974266666666416,0.0,-0.9974499999999756,0.997424999999975,0.0,0.997429999999975,6.537499999999983e-06,,0.4987196041666728,6.614754248593759e-06,0.5,28011
0.52,ascending,1.0,0.15,20,20,<2>par,1025,0.3,-2.0312224374999994,0.0743208333333333,0.9942849999999606,5e-06,-0.994288333333294,0.9942799999999606,3.3333333333333333e-06,0.9942816666666272,1.4533333333333e-05,,0.4971585333333402,1.4495942963478842e-05,0.5,28220
0.52,ascending,1.0,0.15,20,20,<2>par,1025,0.4,-2.039294749999999,0.0995449999999999,0.9895449999999624,3.333333333333334e-05,-0.9895666666666288,0.9895433333332956,-6.666666666666667e-06,0.9895666666666286,2.449166666666599e-05,,0.494802891666674,2.540833333333304e-05,0.5,29034
0.52,ascending,1.0,0.15,20,20,<2>par,1025,0.5,-2.050761875,0.1244212499999999,0.9835583333333088,4e-05,-0.9835616666666418,0.9837899999999752,-5.782411586589358e-22,0.9835549999999752,3.909166666666538e-05,,0.4918045166666717,4.256354642905706e-05,0.5,29764
0.52,ascending,1.0,0.15,20,20,<2>par,1025,0.6,-2.0650044374999994,0.1496320833333333,0.9765616666666466,6.16666666666667e-05,-0.9764233333333132,0.9765716666666464,-4.333333333333334e-05,0.9764399999999795,6.057916666666449e-05,,0.488265487500003,6.041010224368225e-05,0.5,30142
0.52,ascending,1.0,0.15,20,20,<2>par,1025,0.7,-2.0800278125,0.1738658928571428,0.96884833333332,0.0001383333333333,-0.968761666666653,0.9690583333333196,1e-05,0.9687016666666526,8.095416666666397e-05,,0.4844316041666687,7.94492775187082e-05,0.5,30864
0.52,ascending,1.0,0.15,20,20,<2>par,1025,0.8,-2.0992356875,0.1994365624999999,0.9610766666666586,0.0002583333333333,-0.9607566666666568,0.9611383333333248,3.0000000000000004e-05,0.9607049999999916,0.0001048124999999,,0.480452212500002,9.693841586141656e-05,0.5,31621
0.52,ascending,1.0,0.15,20,20,<2>par,1025,0.86,-2.112341375,0.2145844476744186,0.9548833333333294,0.00029,-0.9545949999999948,0.9547266666666632,-0.0001183333333333,0.954469999999995,0.0001129666666666,,0.4773162916666669,0.0001205413648232,0.5,31921
0.52,ascending,1.0,0.15,20,20,<2>par,1025,0.87,-2.1138975625,0.2179420977011494,0.953108333333326,0.0004316666666666,-0.952754999999994,0.9533983333333276,-2.333333333333333e-05,0.9527883333333258,0.0001214958333333,,0.4764982541666669,0.0001193868243363,0.5,32077
0.52,ascending,1.0,0.15,20,20,<2>par,1025,0.88,-2.1163526249999998,0.2198994318181817,0.9505549999999954,0.0003766666666666,-0.9501283333333282,0.9505383333333276,-1.3333333333333328e-05,0.9499199999999964,0.0001339041666666,,0.4750841624999994,0.0001284042713541,0.5,32221
0.52,ascending,1.0,0.15,20,20,<2>par,1025,0.89,-2.1180775,0.2233714887640449,0.9498266666666636,0.0002866666666666,-0.9496183333333308,0.9500783333333296,3.666666666666665e-05,0.9494066666666648,0.0001274041666666,,0.4748196791666668,0.0001297600603686,0.5,31892
0.52,ascending,1.0,0.15,20,20,<2>par,1025,0.9,-2.121704249999999,0.2250212499999999,0.94957833333333,0.00029,-0.9494383333333294,0.9498883333333288,-2.5e-05,0.949166666666664,0.0001329541666666,,0.4747261458333326,0.0001325806596137,0.5,32267
0.52,ascending,1.0,0.15,20,20,<2>par,1025,0.91,-2.1200065,0.2264157967032966,0.9487883333333296,0.0005016666666666,-0.9487049999999952,0.9487083333333296,9.666666666666672e-05,0.9483316666666608,0.0001386958333333,,0.4742912291666665,0.0001282649316338,0.5,32565
0.52,ascending,1.0,0.15,20,20,<2>par,1025,0.92,-2.1254340625,0.2300028532608695,0.9479466666666656,0.0003433333333333,-0.947353333333332,0.9474733333333298,7.16666666666667e-05,0.9472816666666642,0.0001352166666666,,0.4737669833333329,0.0001384661406202,0.5,32365
0.52,ascending,1.0,0.15,20,20,<2>par,1025,0.93,-2.1271510624999994,0.2332698924731182,0.9467766666666616,0.0005949999999999,-0.9466066666666606,0.9468616666666618,3e-05,0.9463666666666616,0.0001398041666666,,0.4732827874999982,0.0001381686418972,0.5,32500
0.52,ascending,1.0,0.15,20,20,<2>par,1025,0.9351,-2.130173,0.2344380280183937,0.9444116666666694,0.0003549999999999,-0.9443600000000022,0.9446666666666704,-6.0000000000000015e-05,0.9439350000000024,0.0001358083333333,,0.4721608583333342,0.0001455252013775,0.5,32440
0.52,ascending,1.0,0.15,20,20,<2>par,1025,0.94,-2.1297450625,0.2350699468085106,0.9457633333333336,0.0004316666666666,-0.9454750000000014,0.9458216666666668,-4.1666666666666665e-05,0.9452400000000012,0.0001420624999999,,0.4727634374999999,0.0001413214024215,0.5,32310
0.52,ascending,1.0,0.15,20,20,<2>par,1025,0.95,-2.13336425,0.2374972368421053,0.9442099999999984,0.0005116666666666,-0.9437833333333334,0.944208333333332,1.000000000000001e-05,0.9436999999999978,0.0001449375,,0.4719884708333353,0.0001437490951907,0.5,32735
0.52,ascending,1.0,0.15,20,20,<2>par,1025,0.96,-2.133691625,0.2408841145833333,0.9420333333333332,0.0004949999999999,-0.9417099999999988,0.9417133333333336,-4.500000000000002e-05,0.9412283333333332,0.0001572333333333,,0.4707787916666656,0.0001540932692438,0.5,32531
0.52,ascending,1.0,0.15,20,20,<2>par,1025,0.97,-2.1376595,0.2427159793814433,0.9415350000000012,0.0003766666666666,-0.9412533333333338,0.9416616666666668,-2.333333333333334e-05,0.9411383333333342,0.0001513541666666,,0.4706393458333347,0.0001559324235813,0.5,32439
0.52,ascending,1.0,0.15,20,20,<2>par,1025,0.98,-2.139601499999999,0.2449770408163264,0.9400616666666683,0.0004999999999999,-0.9396783333333374,0.9400383333333368,4.1666666666666665e-05,0.9392916666666692,0.0001610874999999,,0.4698600625000016,0.0001550950609796,0.5,32574
0.52,ascending,1.0,0.15,20,20,<2>par,1025,0.99,-2.1435462499999995,0.2484686868686868,0.9388233333333346,0.0005983333333333,-0.9383450000000002,0.9390649999999992,-2.0238440553062747e-20,0.9381250000000017,0.0001616541666666,,0.4692238208333338,0.0001587817916806,0.5,32712
0.52,ascending,1.0,0.15,20,20,<2>par,1025,1.0,-2.1445464374999994,0.2508222499999999,0.9379816666666646,0.0006783333333333,-0.9376449999999992,0.9380633333333318,9.999999999999987e-06,0.9371816666666656,0.0001589416666666,,0.4688041249999994,0.000158957430412,0.5,32559
0.52,ascending,1.0,0.15,20,20,<2>par,1025,1.01,-2.147200812499999,0.2521498762376237,0.9362016666666672,0.0003949999999999,-0.9356183333333348,0.9365000000000026,-4.499999999999998e-05,0.93533666666667,0.0001668,,0.4678558166666667,0.0001697095602024,0.5,32926
0.52,ascending,1.0,0.15,20,20,<2>par,1025,1.02,-2.1509224375,0.2558417892156862,0.935161666666666,0.0005399999999999,-0.934655,0.9351716666666664,-9.166666666666672e-05,0.934368333333334,0.0001810208333333,,0.4673366041666663,0.0001746204138623,0.5,33270
0.52,ascending,1.0,0.15,20,20,<2>par,1025,1.1,-2.1705546874999992,0.276925909090909,0.9242000000000044,0.0008499999999999,-0.923590000000005,0.9248483333333374,-0.0001183333333333,0.9234583333333378,0.0001995958333333,,0.461811862500001,0.0002008911923805,0.5,33562
0.52,ascending,1.0,0.15,20,20,<2>par,1025,1.2,-2.2015751250000006,0.302345,0.907991666666678,0.0008899999999999,-0.907351666666676,0.9078583333333424,-6.000000000000005e-05,0.9064000000000114,0.0002256874999999,,0.4534905958333337,0.0002468740883601,0.5,34501
0.52,ascending,1.0,0.15,20,20,<2>par,1026,0.05,-2.0192545625,0.0129874999999999,0.9998849999999988,0.0,-0.9998849999999988,0.9998849999999988,0.0,0.9998849999999988,2.708333333333335e-07,,0.4999428041666671,2.708333333333328e-07,0.5,27321
0.52,ascending,1.0,0.15,20,20,<2>par,1026,0.1,-2.020591125,0.02489,0.9994483333333266,0.0,-0.9994483333333266,0.9994483333333266,0.0,0.9994483333333266,1.3874999999999969e-06,,0.4997255875000008,1.3910587581927036e-06,0.5,27337
0.52,ascending,1.0,0.15,20,20,<2>par,1026,0.2,-2.0264063125,0.0492518749999999,0.9972266666666384,0.0,-0.9972266666666384,0.9972299999999716,0.0,0.9972266666666384,6.749999999999992e-06,,0.4986212250000066,6.882117516385407e-06,0.5,28068
0.52,ascending,1.0,0.15,20,20,<2>par,1026,0.3,-2.0315965,0.0744291666666666,0.994728333333297,1.833333333333333e-05,-0.9947266666666305,0.9947349999999638,1.6666666666666669e-06,0.994728333333297,1.3295833333333066e-05,,0.4973789541666764,1.3280238975890404e-05,0.5,28614
0.52,ascending,1.0,0.15,20,20,<2>par,1026,0.4,-2.0415748124999995,0.0994475,0.9904199999999652,3.833333333333334e-05,-0.9904049999999652,0.9903733333332984,8.333333333333334e-06,0.9903833333332984,2.4058333333332683e-05,,0.4952176250000081,2.4424733922046416e-05,0.5,29170
0.52,ascending,1.0,0.15,20,20,<2>par,1026,0.5,-2.050294812499999,0.1248157499999999,0.984221666666638,2.6666666666666667e-05,-0.9841466666666384,0.9841583333333048,-1.666666666666665e-06,0.9842033333333048,4.120416666666527e-05,,0.492117729166673,3.890486326779145e-05,0.5,29382
0.52,ascending,1.0,0.15,20,20,<2>par,1026,0.6,-2.066033625,0.1498566666666666,0.977641666666647,9.000000000000005e-05,-0.9775866666666472,0.9776299999999802,-8.333333333333334e-06,0.9775083333333144,5.8483333333331154e-05,,0.4888237333333376,5.63464203043124e-05,0.5,30569
0.52,ascending,1.0,0.15,20,20,<2>par,1026,0.7,-2.0810978749999998,0.1740108928571428,0.9700366666666528,0.000135,-0.9700033333333192,0.9700933333333192,1.6666666666666673e-06,0.9699199999999866,7.654166666666416e-05,,0.4850302000000004,7.873206575605179e-05,0.5,30769
0.52,ascending,1.0,0.15,20,20,<2>par,1026,0.8,-2.0988676875,0.1997749999999999,0.9606883333333256,0.0002116666666666,-0.960479999999994,0.960678333333326,-2.1666666666666664e-05,0.9603083333333272,9.792083333333192e-05,,0.4802800375000008,0.0001024816352328,0.5,31618
0.52,ascending,1.0,0.15,20,20,<2>par,1026,0.86,-2.1106435624999995,0.2150071220930232,0.9525816666666634,0.0002233333333333,-0.9522883333333312,0.952396666666664,-2.1666666666666667e-05,0.9520583333333308,0.0001166749999999,,0.4761313666666655,0.0001270303097857,0.5,31800
0.52,ascending,1.0,0.15,20,20,<2>par,1026,0.87,-2.114854312499999,0.2175864942528735,0.952258333333327,0.00027,-0.9519066666666616,0.952276666666662,-8.500000000000003e-05,0.9517866666666612,0.0001239,,0.4760196416666664,0.0001275805629236,0.5,32021
0.52,ascending,1.0,0.15,20,20,<2>par,1026,0.88,-2.117918249999999,0.2207484374999999,0.951874999999994,0.0003766666666666,-0.95171666666666,0.9521333333333264,-5.833333333333335e-05,0.9515233333333264,0.0001249999999999,,0.4758820666666662,0.000128691116628,0.5,31701
0.52,ascending,1.0,0.15,20,20,<2>par,1026,0.89,-2.1181255,0.2220804775280898,0.951544999999994,0.0002883333333333,-0.9513533333333286,0.9516716666666616,5.333333333333334e-05,0.9512399999999944,0.0001277291666666,,0.4757414875000012,0.0001285958992005,0.5,32102
0.52,ascending,1.0,0.15,20,20,<2>par,1026,0.9,-2.12160625,0.2247983333333333,0.9515649999999948,0.0003016666666666,-0.9511616666666622,0.951389999999996,-6.66666666666668e-06,0.9511433333333292,0.0001287499999999,,0.4756344583333322,0.0001286996402867,0.5,32250
0.52,ascending,1.0,0.15,20,20,<2>par,1026,0.91,-2.124168562499999,0.2264907967032966,0.9492133333333298,0.000325,-0.948958333333329,0.9493733333333284,-0.000105,0.948886666666662,0.0001308583333333,,0.4745574666666671,0.0001275456818281,0.5,32403
0.52,ascending,1.0,0.15,20,20,<2>par,1026,0.92,-2.1255144999999995,0.2301790760869565,0.9478549999999946,0.0004883333333333,-0.947469999999996,0.9475283333333304,4.833333333333332e-05,0.947291666666664,0.0001368624999999,,0.4737701208333336,0.0001353762915695,0.5,32183
0.52,ascending,1.0,0.15,20,20,<2>par,1026,0.93,-2.129532812499999,0.2336809139784945,0.9460683333333296,0.0003566666666666,-0.945636666666664,0.9459599999999972,3.0000000000000014e-05,0.945309999999998,0.0001446416666666,,0.4728099,0.0001448873256694,0.5,32603
0.52,ascending,1.0,0.15,20,20,<2>par,1026,0.9351,-2.128636875,0.2340110683349374,0.9464449999999984,0.0006033333333333,-0.946233333333332,0.9463283333333312,-8.500000000000002e-05,0.9459099999999976,0.0001315208333333,,0.4731251291666674,0.0001407626595025,0.5,32320
0.52,ascending,1.0,0.15,20,20,<2>par,1026,0.94,-2.1302465,0.2345603723404255,0.9450683333333326,0.0004333333333333,-0.944841666666665,0.944951666666666,-9.83333333333334e-05,0.9444966666666677,0.0001410791666666,,0.4724262458333334,0.0001463603374987,0.5,32568
0.52,ascending,1.0,0.15,20,20,<2>par,1026,0.95,-2.1317073124999992,0.2378315789473684,0.9422016666666668,0.0005716666666666,-0.9419166666666662,0.9423416666666664,-7.833333333333336e-05,0.9418249999999992,0.0001501291666666,,0.4709754958333332,0.0001478433807619,0.5,32545
0.52,ascending,1.0,0.15,20,20,<2>par,1026,0.96,-2.1355391875,0.2391365885416666,0.9436733333333356,0.0004133333333333,-0.9433966666666675,0.9438116666666684,0.000105,0.9431950000000004,0.0001454208333333,,0.4717151958333323,0.000146306661113,0.5,32629
0.52,ascending,1.0,0.15,20,20,<2>par,1026,0.97,-2.13646125,0.2422159793814433,0.9416849999999992,0.0005216666666666,-0.9412299999999992,0.9419066666666656,8.333333333333338e-05,0.9410483333333332,0.0001506333333333,,0.4706685000000002,0.0001534767122073,0.5,32983
0.52,ascending,1.0,0.15,20,20,<2>par,1026,0.98,-2.1401106875,0.2463209183673469,0.9393399999999988,0.0004966666666666,-0.9391066666666652,0.9392549999999992,-7.333333333333337e-05,0.9385933333333322,0.0001591624999999,,0.4695038791666664,0.0001552293520493,0.5,32865
0.52,ascending,1.0,0.15,20,20,<2>par,1026,0.99,-2.1409548125000004,0.2491883838383838,0.9394749999999984,0.0004183333333333,-0.9390116666666658,0.9396049999999984,-9.999999999999996e-06,0.938968333333332,0.0001586208333333,,0.4695468458333321,0.0001570224895587,0.5,32899
0.52,ascending,1.0,0.15,20,20,<2>par,1026,1.0,-2.14525425,0.251049125,0.9355983333333316,0.0006683333333333,-0.935119999999997,0.9356066666666636,6.000000000000004e-05,0.9348249999999978,0.0001608666666666,,0.4675790416666668,0.0001687958234479,0.5,32939
0.52,ascending,1.0,0.15,20,20,<2>par,1026,1.01,-2.14706075,0.2537305693069306,0.9354783333333349,0.0004999999999999,-0.9353633333333328,0.935638333333334,-1.6666666666666664e-05,0.9348849999999996,0.0001650708333333,,0.4675808791666669,0.0001698060254364,0.5,33308
0.52,ascending,1.0,0.15,20,20,<2>par,1026,1.02,-2.1505003125,0.2550575980392156,0.9349883333333344,0.0007283333333333,-0.9345433333333348,0.9347533333333332,7.66666666666667e-05,0.9341483333333356,0.0001736166666666,,0.4672392083333327,0.0001753768058426,0.5,33142
0.52,ascending,1.0,0.15,20,20,<2>par,1026,1.1,-2.1691974375000007,0.2760281818181818,0.9238616666666692,0.0009966666666666,-0.923570000000002,0.9239216666666692,6.666666666666668e-05,0.923073333333336,0.0001949458333333,,0.4617430208333334,0.0002060042842942,0.5,33445
0.52,ascending,1.0,0.15,20,20,<2>par,1026,1.2,-2.1993494374999987,0.301471875,0.9096083333333412,0.0011466666666666,-0.9087966666666766,0.9096816666666726,9.66666666666667e-05,0.9080233333333424,0.0002323374999999,,0.4543192124999993,0.000245519509053,0.5,34136
0.52,ascending,1.0,0.15,20,20,<2>par,1027,0.05,-2.019583625,0.0126624999999999,0.9998566666666652,0.0,-0.9998566666666652,0.9998566666666652,0.0,0.9998566666666652,3.833333333333332e-07,,0.4999286916666672,3.3810790847396045e-07,0.5,27142
0.52,ascending,1.0,0.15,20,20,<2>par,1027,0.1,-2.0206010000000005,0.0250662499999999,0.9993599999999936,0.0,-0.9993599999999936,0.99936666666666,0.0,0.9993599999999936,1.600000000000003e-06,,0.4996816250000025,1.5698497167604074e-06,0.5,27425
0.52,ascending,1.0,0.15,20,20,<2>par,1027,0.2,-2.0236203749999992,0.0487906249999999,0.997693333333308,0.0,-0.997693333333308,0.997693333333308,1e-05,0.997693333333308,5.883333333333367e-06,,0.4988531166666728,5.7613728757031606e-06,0.5,27878
0.52,ascending,1.0,0.15,20,20,<2>par,1027,0.3,-2.0309479375,0.0745791666666666,0.9944633333333004,1.6666666666666669e-06,-0.9944349999999672,0.994441666666634,0.0,0.994441666666634,1.374583333333307e-05,,0.4972354291666765,1.4030382483614382e-05,0.5,28474
0.52,ascending,1.0,0.15,20,20,<2>par,1027,0.4,-2.0397115,0.0987125,0.9900033333332996,3.833333333333334e-05,-0.9899699999999664,0.990014999999966,-1.833333333333333e-05,0.989964999999966,2.5129166666665992e-05,,0.4950054375000085,2.6254959957853778e-05,0.5,28846
0.52,ascending,1.0,0.15,20,20,<2>par,1027,0.5,-2.0514455,0.1236909999999999,0.9846616666666432,3.3333333333333337e-06,-0.984606666666642,0.9847066666666424,1e-05,0.9845783333333098,3.858333333333208e-05,,0.4923326000000053,3.970181078533821e-05,0.5,29593
0.52,ascending,1.0,0.15,20,20,<2>par,1027,0.6,-2.0656026250000004,0.1488510416666666,0.9776966666666468,8.16666666666667e-05,-0.97766499999998,0.977619999999981,2.5e-05,0.9776199999999812,5.428333333333131e-05,,0.488861625000004,5.820042558049986e-05,0.5,30339
0.52,ascending,1.0,0.15,20,20,<2>par,1027,0.7,-2.080794125,0.1735108928571428,0.9704583333333172,0.0001483333333333,-0.9703866666666506,0.9704499999999838,-2.8333333333333332e-05,0.9702766666666498,7.26416666666641e-05,,0.4852128500000018,7.436727457514066e-05,0.5,30869
0.52,ascending,1.0,0.15,20,20,<2>par,1027,0.8,-2.0997195625,0.1986301562499999,0.9606399999999898,0.0001433333333333,-0.9604533333333244,0.9606066666666576,3.0000000000000008e-05,0.9602999999999908,0.0001031499999999,,0.480251958333334,0.0001026992855161,0.5,31875
0.52,ascending,1.0,0.15,20,20,<2>par,1027,0.86,-2.1108095625,0.2148761627906976,0.9540633333333292,0.0003783333333333,-0.953864999999996,0.9543466666666616,-6.16666666666667e-05,0.9536316666666624,0.0001256666666666,,0.4769379749999995,0.0001223438691549,0.5,32020
0.52,ascending,1.0,0.15,20,20,<2>par,1027,0.87,-2.112894124999999,0.216748132183908,0.953984999999994,0.0002666666666666,-0.9537433333333264,0.9539666666666602,7.166666666666667e-05,0.9535233333333274,0.0001190333333333,,0.4768817666666664,0.000117307847995,0.5,31988
0.52,ascending,1.0,0.15,20,20,<2>par,1027,0.88,-2.1162303124999995,0.2201161931818181,0.9497283333333276,0.0004466666666666,-0.9495899999999942,0.950049999999994,-4.6666666666666685e-05,0.9493533333333274,0.0001220249999999,,0.474822925,0.0001230197031542,0.5,31995
0.52,ascending,1.0,0.15,20,20,<2>par,1027,0.89,-2.1194823749999987,0.2228221910112359,0.950771666666664,0.0003266666666666,-0.9505333333333308,0.9509149999999976,2.3333333333333343e-05,0.9504149999999972,0.0001309124999999,,0.4753272374999996,0.0001236921310674,0.5,32191
0.52,ascending,1.0,0.15,20,20,<2>par,1027,0.9,-2.1212255625,0.2249290277777777,0.948139999999999,0.0004066666666666,-0.9480999999999982,0.948428333333332,5.833333333333335e-05,0.9476816666666648,0.0001392625,,0.4739661208333325,0.0001343772961235,0.5,32130
0.52,ascending,1.0,0.15,20,20,<2>par,1027,0.91,-2.123171749999999,0.2278520604395603,0.9484666666666622,0.0003616666666666,-0.9483783333333282,0.9485433333333284,-6.833333333333337e-05,0.9479849999999954,0.0001280833333333,,0.4741713999999997,0.0001343128319451,0.5,32610
0.52,ascending,1.0,0.15,20,20,<2>par,1027,0.92,-2.12227025,0.2292699728260869,0.9462683333333334,0.0004016666666666,-0.945891666666664,0.9462699999999974,5.66666666666667e-05,0.94558333333333,0.0001343916666666,,0.4729464916666661,0.0001368787441409,0.5,32504
0.52,ascending,1.0,0.15,20,20,<2>par,1027,0.93,-2.1288418125,0.2340349462365591,0.945493333333332,0.0005016666666666,-0.9451549999999992,0.9455283333333327,2.9999999999999967e-05,0.944945,0.0001398541666666,,0.4725880208333331,0.0001419031312897,0.5,32768
0.52,ascending,1.0,0.15,20,20,<2>par,1027,0.9351,-2.1274204999999995,0.2346008448294299,0.9446566666666648,0.0005733333333333,-0.9441666666666644,0.9444749999999976,2.8912057932946787e-21,0.9439583333333302,0.0001444958333333,,0.4721041541666654,0.0001491477099858,0.5,32473
0.52,ascending,1.0,0.15,20,20,<2>par,1027,0.94,-2.1292521249999994,0.2343892287234042,0.9446616666666638,0.0003699999999999,-0.9441966666666654,0.9445199999999982,0.0001016666666666,0.9441699999999996,0.0001398416666666,,0.4721559083333331,0.0001455544278019,0.5,32543
0.52,ascending,1.0,0.15,20,20,<2>par,1027,0.95,-2.1324148125,0.2381031578947368,0.9454733333333324,0.0003516666666666,-0.9452416666666654,0.945738333333332,5.2041704279304214e-21,0.9452333333333324,0.0001425874999999,,0.472685062499999,0.0001477073010111,0.5,32656
0.52,ascending,1.0,0.15,20,20,<2>par,1027,0.96,-2.1348948125,0.2402782552083333,0.9406933333333328,0.0006683333333333,-0.9405250000000008,0.9409666666666636,8.333333333333346e-06,0.9401266666666666,0.0001512916666666,,0.4702678666666666,0.0001536186110743,0.5,32563
0.52,ascending,1.0,0.15,20,20,<2>par,1027,0.97,-2.1355751875,0.242621649484536,0.941219999999998,0.0004633333333333,-0.9406116666666632,0.9413550000000002,-4.166666666666666e-05,0.9405149999999984,0.0001533125,,0.4704359124999998,0.0001591658376099,0.5,32646
0.52,ascending,1.0,0.15,20,20,<2>par,1027,0.98,-2.139950437499999,0.2457322704081632,0.9393399999999998,0.0006116666666666,-0.9390216666666676,0.9395099999999996,3.3333333333333335e-05,0.9386666666666668,0.0001548916666666,,0.4694362333333342,0.0001565257563588,0.5,32515
0.52,ascending,1.0,0.15,20,20,<2>par,1027,0.99,-2.142295875,0.2486637626262626,0.939249999999998,0.0005183333333333,-0.938863333333333,0.9393966666666672,-2.166666666666668e-05,0.9386216666666648,0.0001602166666666,,0.4694487166666668,0.0001633963426638,0.5,32808
0.52,ascending,1.0,0.15,20,20,<2>par,1027,1.0,-2.1442663125,0.2508073749999999,0.937206666666666,0.0004949999999999,-0.9366483333333326,0.937003333333334,5.000000000000005e-06,0.9362833333333336,0.0001608499999999,,0.4683131833333316,0.0001671009090308,0.5,33069
0.52,ascending,1.0,0.15,20,20,<2>par,1027,1.01,-2.1476969999999995,0.2530181930693069,0.9367350000000022,0.0005999999999999,-0.9362066666666689,0.9367533333333344,-0.0001333333333333,0.9361033333333344,0.0001650333333333,,0.4681353166666662,0.0001670057323115,0.5,32716
0.52,ascending,1.0,0.15,20,20,<2>par,1027,1.02,-2.149236125,0.2560335784313725,0.9344283333333328,0.0006499999999999,-0.9338366666666668,0.9347283333333334,3.833333333333335e-05,0.9335183333333322,0.0001683458333333,,0.4669653791666661,0.0001692763852048,0.5,33129
0.52,ascending,1.0,0.15,20,20,<2>par,1027,1.1,-2.1712074999999995,0.2766482954545454,0.9235866666666698,0.0007266666666666,-0.9233250000000036,0.923663333333336,0.0001,0.922788333333336,0.0001888833333333,,0.4615771083333324,0.0002012589572366,0.5,33287
0.52,ascending,1.0,0.15,20,20,<2>par,1027,1.2,-2.200125499999999,0.3023153125,0.9086483333333424,0.0011799999999999,-0.9077116666666768,0.9087366666666764,0.0001216666666666,0.907395000000009,0.0002417416666666,,0.4538248500000004,0.0002464438962019,0.5,34127
0.52,ascending,1.0,0.15,20,20,<2>par,1028,0.05,-2.0200600625,0.01231,0.999888333333332,0.0,-0.999888333333332,0.999888333333332,0.0,0.999888333333332,2.791666666666669e-07,,0.4999444458333336,2.791666666666657e-07,0.5,27083
0.52,ascending,1.0,0.15,20,20,<2>par,1028,0.1,-2.02007175,0.0248875,0.9994316666666598,0.0,-0.9994316666666598,0.9994316666666598,0.0,0.9994316666666598,1.3958333333333311e-06,,0.4997173125000004,1.4073497167604223e-06,0.5,27419
0.52,ascending,1.0,0.15,20,20,<2>par,1028,0.2,-2.0246472499999992,0.0493131249999999,0.9975949999999766,5e-06,-0.9975949999999766,0.9976049999999766,0.0,0.99759833333331,5.854166666666705e-06,,0.4988043208333411,6.055382483614571e-06,0.5,27894
0.52,ascending,1.0,0.15,20,20,<2>par,1028,0.3,-2.031172312499999,0.0735045833333333,0.9948049999999602,-1.6666666666666669e-06,-0.9947999999999602,0.9947999999999602,0.0,0.9947899999999604,1.28499999999997e-05,,0.4974104416666764,1.2977199433520587e-05,0.5,28521
0.52,ascending,1.0,0.15,20,20,<2>par,1028,0.4,-2.040257875,0.0991703125,0.9906749999999638,-5.782411586589358e-22,-0.99063666666663,0.990643333333297,1.6666666666666669e-06,0.9906299999999636,2.364999999999938e-05,,0.4953331583333407,2.475883960907237e-05,0.5,29357
0.52,ascending,1.0,0.15,20,20,<2>par,1028,0.5,-2.0515079374999994,0.1241767499999999,0.9844616666666384,5.500000000000002e-05,-0.9844683333333047,0.9845699999999716,-2.8333333333333332e-05,0.9844283333333048,4.08666666666653e-05,,0.4922490750000051,4.048798533824449e-05,0.5,29663
0.52,ascending,1.0,0.15,20,20,<2>par,1028,0.6,-2.0657965625,0.1495570833333333,0.9774833333333106,0.0001333333333333,-0.9774433333333112,0.977471666666644,-1.9999999999999995e-05,0.977401666666644,5.711249999999805e-05,,0.4887578791666706,5.66277445295103e-05,0.5,30540
0.52,ascending,1.0,0.15,20,20,<2>par,1028,0.7,-2.080143999999999,0.17454375,0.9702799999999872,0.000165,-0.9700999999999872,0.9702166666666544,-6.666666666666657e-06,0.970024999999988,7.519166666666429e-05,,0.4850945083333362,7.739827296464068e-05,0.5,30902
0.52,ascending,1.0,0.15,20,20,<2>par,1028,0.8,-2.0998668124999997,0.1999774999999999,0.9599183333333228,0.0001883333333333,-0.9597133333333214,0.9599549999999888,-5.833333333333335e-05,0.9596699999999896,0.0001049874999999,,0.4799125208333331,9.905305742512529e-05,0.5,31563
0.52,ascending,1.0,0.15,20,20,<2>par,1028,0.86,-2.1115278125,0.2144895348837209,0.955711666666662,0.000265,-0.9554449999999958,0.9555866666666613,-8.000000000000003e-05,0.9552566666666618,0.0001149249999999,,0.4777525166666663,0.0001130061338998,0.5,32083
0.52,ascending,1.0,0.15,20,20,<2>par,1028,0.87,-2.11524975,0.2177077586206896,0.9533383333333268,0.00023,-0.9529566666666596,0.953051666666659,2.333333333333333e-05,0.9528466666666604,0.0001228041666666,,0.4765178291666667,0.0001241367756307,0.5,31610
0.52,ascending,1.0,0.15,20,20,<2>par,1028,0.88,-2.114765625,0.2205735795454545,0.9503349999999964,0.0003733333333333,-0.9503166666666624,0.9504016666666628,8.333333333333339e-06,0.9500516666666636,0.0001277791666666,,0.475164745833333,0.0001255251644452,0.5,32363
0.52,ascending,1.0,0.15,20,20,<2>par,1028,0.89,-2.1189260625,0.2228605337078651,0.9500899999999968,0.0003233333333333,-0.9499166666666627,0.950149999999996,4.333333333333333e-05,0.9496283333333309,0.0001355249999999,,0.4749165749999999,0.0001270574254693,0.5,31803
0.52,ascending,1.0,0.15,20,20,<2>par,1028,0.9,-2.121070625,0.2255676388888889,0.9499933333333296,0.0002516666666666,-0.9496966666666647,0.9499966666666636,5.500000000000003e-05,0.949589999999998,0.0001235749999999,,0.4749191833333335,0.0001292171809398,0.5,32279
0.52,ascending,1.0,0.15,20,20,<2>par,1028,0.91,-2.121970375,0.2281836538461538,0.947801666666662,0.0005316666666666,-0.9475583333333284,0.9478366666666612,-7.16666666666667e-05,0.9473716666666632,0.0001380666666666,,0.473819499999999,0.0001421039744533,0.5,32247
0.52,ascending,1.0,0.15,20,20,<2>par,1028,0.92,-2.1252014999999997,0.2294691576086956,0.9463316666666646,0.0004616666666666,-0.9461016666666638,0.946391666666664,-5.1666666666666685e-05,0.9457516666666628,0.0001434208333333,,0.4730327791666668,0.0001387519204154,0.5,32066
0.52,ascending,1.0,0.15,20,20,<2>par,1028,0.93,-2.126876,0.2317154569892472,0.945216666666664,0.0003649999999999,-0.9449366666666628,0.9454366666666628,4.5e-05,0.9447733333333288,0.0001410499999999,,0.4724909916666673,0.0001483043452187,0.5,32285
0.52,ascending,1.0,0.15,20,20,<2>par,1028,0.9351,-2.129749499999999,0.2348903860549673,0.946036666666666,0.0003549999999999,-0.9457500000000004,0.9458749999999996,-0.000115,0.9456316666666676,0.0001379208333333,,0.4728950375000006,0.0001321598251135,0.5,32526
0.52,ascending,1.0,0.15,20,20,<2>par,1028,0.94,-2.129651124999999,0.2356049202127659,0.9450899999999968,0.0003633333333333,-0.944646666666664,0.9450866666666632,2.1666666666666647e-05,0.9444566666666644,0.0001413833333333,,0.4723626999999993,0.0001469553596581,0.5,32232
0.52,ascending,1.0,0.15,20,20,<2>par,1028,0.95,-2.1316839375,0.2374701315789474,0.945025,0.0004683333333333,-0.9447683333333357,0.9451649999999994,3.833333333333334e-05,0.9445466666666676,0.0001438791666666,,0.4724005958333323,0.0001520917405313,0.5,32476
0.52,ascending,1.0,0.15,20,20,<2>par,1028,0.96,-2.1358789375,0.2416069010416666,0.9407566666666642,0.0003749999999999,-0.9404199999999984,0.9406816666666642,4.333333333333336e-05,0.9401899999999986,0.0001562541666666,,0.4701881124999996,0.0001630837360884,0.5,32630
0.52,ascending,1.0,0.15,20,20,<2>par,1028,0.97,-2.136466374999999,0.2426609536082474,0.9411883333333332,0.0002233333333333,-0.9405166666666682,0.9408583333333332,7.166666666666671e-05,0.9403900000000008,0.0001545291666666,,0.4703280041666653,0.0001599468070645,0.5,32784
0.52,ascending,1.0,0.15,20,20,<2>par,1028,0.98,-2.1397523125,0.2456690051020408,0.9392333333333333,0.000335,-0.938791666666666,0.938991666666666,-6.666666666666668e-05,0.9385116666666656,0.0001645291666666,,0.4694017625000003,0.0001606903313342,0.5,32857
0.52,ascending,1.0,0.15,20,20,<2>par,1028,0.99,-2.142592562499999,0.2482143939393939,0.9390933333333312,0.0004499999999999,-0.9385600000000008,0.9390916666666655,3.833333333333332e-05,0.938404999999998,0.0001731624999999,,0.4693448208333342,0.000167891338943,0.5,32557
0.52,ascending,1.0,0.15,20,20,<2>par,1028,1.0,-2.144198312499999,0.25166,0.9389333333333338,0.0005949999999999,-0.9383516666666676,0.9387500000000012,-5.166666666666666e-05,0.9381266666666676,0.0001668833333333,,0.4692147666666681,0.0001566826367322,0.5,32748
0.52,ascending,1.0,0.15,20,20,<2>par,1028,1.01,-2.149544875,0.2544852722772277,0.934273333333331,0.0007116666666666,-0.9337766666666656,0.9339883333333336,8.166666666666668e-05,0.9335516666666666,0.0001613375,,0.4669072791666671,0.0001725570288237,0.5,32701
0.52,ascending,1.0,0.15,20,20,<2>par,1028,1.02,-2.1495105625,0.2561303921568627,0.935153333333336,0.0006949999999999,-0.9349933333333376,0.935113333333337,-5e-05,0.934446666666672,0.000163175,,0.4674208333333355,0.0001710356066314,0.5,32682
0.52,ascending,1.0,0.15,20,20,<2>par,1028,1.1,-2.1712929999999995,0.2768688636363636,0.92378166666667,0.0008149999999999,-0.9229750000000024,0.9238600000000026,-4.499999999999996e-05,0.9227700000000024,0.0001963416666666,,0.4615108750000004,0.0002124997739091,0.5,33254
0.52,ascending,1.0,0.15,20,20,<2>par,1028,1.2,-2.19912825,0.303155625,0.907666666666673,0.0013833333333333,-0.90670500000001,0.9079300000000068,9.000000000000005e-05,0.9060766666666732,0.0002300083333333,,0.4532647749999998,0.0002664461047996,0.5,34140
0.52,ascending,1.0,0.15,20,20,<2>par,1029,0.05,-2.0196300625,0.0128399999999999,0.999856666666664,0.0,-0.999856666666664,0.999856666666664,0.0,0.999856666666664,3.75e-07,,0.4999287083333336,3.541666666666659e-07,0.5,27305
0.52,ascending,1.0,0.15,20,20,<2>par,1029,0.1,-2.0207616875,0.0247824999999999,0.99934999999999,0.0,-0.99934999999999,0.99934999999999,0.0,0.99934999999999,1.6416666666666711e-06,,0.4996767083333348,1.6265915250468666e-06,0.5,27479
0.52,ascending,1.0,0.15,20,20,<2>par,1029,0.2,-2.0254255,0.0497424999999999,0.9976899999999717,3.3333333333333333e-06,-0.997688333333305,0.997688333333305,5.782411586589358e-22,0.9976899999999717,5.929166666666692e-06,,0.4988505541666744,5.743025991338592e-06,0.5,27885
0.52,ascending,1.0,0.15,20,20,<2>par,1029,0.3,-2.030818125,0.0737045833333333,0.9946099999999608,-3.3333333333333333e-06,-0.9945949999999608,0.9945949999999608,0.0,0.9946016666666276,1.3062499999999775e-05,,0.4973129791666738,1.3617363267791513e-05,0.5,28533
0.52,ascending,1.0,0.15,20,20,<2>par,1029,0.4,-2.0398843749999997,0.098749375,0.990774999999964,-1e-05,-0.9907383333332974,0.9907266666666308,1.1666666666666668e-05,0.9907283333332976,2.408333333333271e-05,,0.4953862500000083,2.3415703987588112e-05,0.5,28869
0.52,ascending,1.0,0.15,20,20,<2>par,1029,0.5,-2.0498244375000003,0.1236787499999999,0.9850483333333092,2.8333333333333332e-05,-0.9849433333333092,0.985051666666642,3.166666666666667e-05,0.984943333333309,3.852916666666542e-05,,0.4925063375000049,3.832303276685401e-05,0.5,29725
0.52,ascending,1.0,0.15,20,20,<2>par,1029,0.6,-2.0648380625,0.1497775,0.9788099999999792,7.500000000000003e-05,-0.978688333333312,0.9787383333333126,-1.3333333333333332e-05,0.9787016666666456,5.4512499999998e-05,,0.4893879375000028,5.388814178605207e-05,0.5,30385
0.52,ascending,1.0,0.15,20,20,<2>par,1029,0.7,-2.081193874999999,0.1739657142857142,0.97007333333332,0.0001233333333333,-0.969971666666654,0.9700066666666532,-1.6666666666666667e-05,0.9699299999999856,7.713333333333078e-05,,0.4850428250000015,7.543975424859362e-05,0.5,30975
0.52,ascending,1.0,0.15,20,20,<2>par,1029,0.8,-2.0995431875,0.2000274999999999,0.9608116666666598,0.00021,-0.9607066666666596,0.9607483333333264,8.333333333333338e-05,0.9605349999999924,0.0001045624999999,,0.4803743791666672,9.997580623127084e-05,0.5,31251
0.52,ascending,1.0,0.15,20,20,<2>par,1029,0.86,-2.1111808125,0.2147279069767441,0.9542149999999928,0.0004183333333333,-0.9539066666666608,0.9542883333333264,2.333333333333333e-05,0.953869999999994,0.0001174041666666,,0.477035687499999,0.0001180845959679,0.5,31849
0.52,ascending,1.0,0.15,20,20,<2>par,1029,0.87,-2.1134043124999997,0.2175795977011494,0.953484999999994,0.0001983333333333,-0.9533649999999926,0.9536183333333256,3.166666666666666e-05,0.9532316666666614,0.0001177041666666,,0.4767202208333341,0.0001264401878265,0.5,31891
0.52,ascending,1.0,0.15,20,20,<2>par,1029,0.88,-2.115972812499999,0.2200234374999999,0.9523466666666588,0.0003549999999999,-0.9521116666666596,0.9524116666666592,9.166666666666672e-05,0.9519966666666588,0.0001271541666666,,0.4760824208333342,0.0001220448078417,0.5,32317
0.52,ascending,1.0,0.15,20,20,<2>par,1029,0.89,-2.118555375,0.2232012640449438,0.9495283333333282,0.0003516666666666,-0.9493899999999956,0.949886666666661,4.666666666666668e-05,0.9490983333333286,0.0001286083333333,,0.4746860833333334,0.0001377933240589,0.5,32204
0.52,ascending,1.0,0.15,20,20,<2>par,1029,0.9,-2.12076975,0.2250091666666666,0.948843333333331,0.0003416666666666,-0.9486049999999986,0.948938333333332,-1.3333333333333328e-05,0.948309999999998,0.0001293374999999,,0.474301237500001,0.0001322717910697,0.5,32196
0.52,ascending,1.0,0.15,20,20,<2>par,1029,0.91,-2.122066124999999,0.2284465659340659,0.9493316666666652,0.0004649999999999,-0.9490366666666644,0.9494383333333304,1.999999999999999e-05,0.9489883333333312,0.0001330541666666,,0.474560329166666,0.0001304293649894,0.5,32001
0.52,ascending,1.0,0.15,20,20,<2>par,1029,0.92,-2.124384624999999,0.229305027173913,0.9468833333333307,0.0003949999999999,-0.9464766666666664,0.9466366666666662,2.666666666666667e-05,0.9461183333333328,0.0001400999999999,,0.4732520916666667,0.0001389991290683,0.5,32273
0.52,ascending,1.0,0.15,20,20,<2>par,1029,0.93,-2.12898025,0.2335376344086021,0.9444650000000002,0.0005199999999999,-0.943993333333333,0.9440999999999996,3.333333333333333e-05,0.9437633333333334,0.0001456333333333,,0.4720309916666651,0.0001462912490835,0.5,32520
0.52,ascending,1.0,0.15,20,20,<2>par,1029,0.9351,-2.1293843125,0.2343844241257619,0.9440099999999946,0.0005499999999999,-0.943433333333329,0.9436083333333292,0.000105,0.9432999999999948,0.0001399125,,0.4717847041666672,0.0001501260833613,0.5,32813
0.52,ascending,1.0,0.15,20,20,<2>par,1029,0.94,-2.1297385,0.235630585106383,0.9450233333333294,0.0004416666666666,-0.9445583333333286,0.9451399999999964,-3.999999999999999e-05,0.9443949999999968,0.0001417749999999,,0.4723731500000002,0.0001427238759304,0.5,32475
0.52,ascending,1.0,0.15,20,20,<2>par,1029,0.95,-2.1326485625,0.2395359210526316,0.9413900000000012,0.0005849999999999,-0.9409800000000004,0.9413383333333308,-1.9999999999999995e-05,0.9407350000000004,0.0001534541666666,,0.4705249958333357,0.0001487238100632,0.5,32492
0.52,ascending,1.0,0.15,20,20,<2>par,1029,0.96,-2.134018437499999,0.240759765625,0.9426399999999984,0.0003616666666666,-0.942199999999997,0.9423649999999978,-6.166666666666668e-05,0.9419883333333312,0.0001429541666666,,0.4711479041666667,0.0001478507175386,0.5,32391
0.52,ascending,1.0,0.15,20,20,<2>par,1029,0.97,-2.136993,0.2433256443298969,0.9396949999999998,0.0005866666666666,-0.9393083333333336,0.9399699999999996,0.000155,0.939054999999998,0.0001632999999999,,0.4696590000000001,0.0001484416506718,0.5,32533
0.52,ascending,1.0,0.15,20,20,<2>par,1029,0.98,-2.140273062499999,0.2451394132653061,0.9406566666666658,0.0004883333333333,-0.9404583333333336,0.9402849999999994,-2.333333333333334e-05,0.9399783333333322,0.0001514208333333,,0.4701473208333343,0.0001590350455406,0.5,32792
0.52,ascending,1.0,0.15,20,20,<2>par,1029,0.99,-2.141796875,0.2478652777777777,0.9379816666666636,0.0006116666666666,-0.937608333333332,0.9381949999999976,-6.666666666666671e-05,0.9374566666666644,0.0001647791666666,,0.4688509708333326,0.0001614754754529,0.5,32944
0.52,ascending,1.0,0.15,20,20,<2>par,1029,1.0,-2.146605,0.2503646249999999,0.9365199999999976,0.0004683333333333,-0.9357849999999976,0.9363283333333294,0.0001666666666666,0.9355399999999988,0.0001719041666666,,0.467989504166667,0.0001670459220259,0.5,33102
0.52,ascending,1.0,0.15,20,20,<2>par,1029,1.01,-2.148708812499999,0.2531769801980197,0.9357383333333334,0.0005349999999999,-0.934930000000003,0.9355716666666684,3.166666666666666e-05,0.9348816666666668,0.0001823458333333,,0.4675415291666663,0.0001733495257139,0.5,33095
0.52,ascending,1.0,0.15,20,20,<2>par,1029,1.02,-2.150108124999999,0.2564654411764706,0.9335316666666692,0.0007116666666666,-0.9329600000000022,0.9336449999999998,6.0000000000000015e-05,0.932693333333332,0.0001723541666666,,0.4664742874999989,0.0001759513962569,0.5,32968
0.52,ascending,1.0,0.15,20,20,<2>par,1029,1.1,-2.170014375,0.27635125,0.924660000000004,0.0009616666666666,-0.9238400000000035,0.9243283333333372,0.0001833333333333,0.9233116666666704,0.0002059124999999,,0.4618216291666665,0.0002145546272915,0.5,33637
0.52,ascending,1.0,0.15,20,20,<2>par,1029,1.2,-2.1990030000000003,0.3032227083333333,0.9080400000000104,0.0011099999999999,-0.9069900000000104,0.9081166666666765,0.00013,0.9064233333333428,0.0002427749999999,,0.453449233333334,0.0002510424013669,0.5,34202
0.52,ascending,1.0,0.15,20,20,<2>par,1030,0.05,-2.01942825,0.0123825,0.999853333333331,0.0,-0.999853333333331,0.999853333333331,0.0,0.999853333333331,3.666666666666668e-07,,0.4999270333333338,3.6666666666666884e-07,0.5,27354
0.52,ascending,1.0,0.15,20,20,<2>par,1030,0.1,-2.0201873749999995,0.02450625,0.9992799999999904,0.0,-0.9992799999999904,0.9992799999999904,0.0,0.9992799999999904,1.8333333333333415e-06,,0.4996418916666699,1.8511271242968612e-06,0.5,27381
0.52,ascending,1.0,0.15,20,20,<2>par,1030,0.2,-2.024946124999999,0.0487899999999999,0.9975233333333072,0.0,-0.9975166666666406,0.9975166666666406,-1.6666666666666669e-06,0.9975183333333072,5.991666666666687e-06,,0.4987650666666753,6.261140675328159e-06,0.5,27998
0.52,ascending,1.0,0.15,20,20,<2>par,1030,0.3,-2.0310243749999994,0.0737695833333333,0.9945366666666274,3.3333333333333333e-06,-0.9945166666666276,0.9945533333332944,3.333333333333333e-06,0.994518333333294,1.352499999999966e-05,,0.497275616666674,1.4086537320921616e-05,0.5,28777
0.52,ascending,1.0,0.15,20,20,<2>par,1030,0.4,-2.0397185,0.0999121874999999,0.98960666666663,8.333333333333334e-06,-0.9895699999999634,0.9896133333332968,-4.166666666666667e-05,0.98957166666663,2.686666666666588e-05,,0.4948137583333408,2.8187964400749627e-05,0.5,28862
0.52,ascending,1.0,0.15,20,20,<2>par,1030,0.5,-2.0508960625,0.1236467499999999,0.984904999999974,3.333333333333334e-05,-0.984864999999974,0.9849516666666408,-5e-06,0.9848933333333072,3.970416666666533e-05,,0.4924708541666743,3.781765028323938e-05,0.5,29817
0.52,ascending,1.0,0.15,20,20,<2>par,1030,0.6,-2.0638285,0.149356875,0.9785366666666474,8.833333333333337e-05,-0.9785483333333124,0.9785316666666464,-3.3333333333333337e-06,0.978456666666646,5.591249999999779e-05,,0.4892936041666715,5.403077912920818e-05,0.5,29951
0.52,ascending,1.0,0.15,20,20,<2>par,1030,0.7,-2.079282562499999,0.1744530357142857,0.969829999999986,0.000185,-0.9696883333333202,0.9700083333333198,-6.666666666666668e-06,0.9696433333333214,7.750416666666418e-05,,0.4849026541666697,7.537169932234918e-05,0.5,30951
0.52,ascending,1.0,0.15,20,20,<2>par,1030,0.8,-2.0992094375,0.19955671875,0.9593949999999912,0.000235,-0.9589966666666572,0.9591949999999906,4.166666666666667e-05,0.9588783333333236,0.0001107124999999,,0.4795513041666668,0.0001054243920915,0.5,31399
0.52,ascending,1.0,0.15,20,20,<2>par,1030,0.86,-2.111642375,0.2148906976744185,0.9541449999999952,0.0002183333333333,-0.954024999999995,0.9541966666666624,1.5000000000000002e-05,0.9537433333333274,0.0001101249999999,,0.4770192083333346,0.0001144785538155,0.5,32254
0.52,ascending,1.0,0.15,20,20,<2>par,1030,0.87,-2.1147793125,0.217980316091954,0.9523049999999936,0.0003483333333333,-0.951949999999996,0.9523533333333288,0.000115,0.951771666666662,0.0001235499999999,,0.4760093083333337,0.0001285185014442,0.5,32245
0.52,ascending,1.0,0.15,20,20,<2>par,1030,0.88,-2.1177523124999995,0.2199526988636363,0.9510049999999972,0.000315,-0.9506866666666656,0.9508116666666648,4.99999999999999e-06,0.9505066666666632,0.0001268624999999,,0.4753788541666651,0.0001282143914805,0.5,32025
0.52,ascending,1.0,0.15,20,20,<2>par,1030,0.89,-2.1184349375,0.2225067415730337,0.9505566666666648,0.0003283333333333,-0.9501883333333304,0.9506549999999976,1.5000000000000007e-05,0.9501483333333302,0.0001340708333333,,0.4751714875000004,0.0001371967134292,0.5,32529
0.52,ascending,1.0,0.15,20,20,<2>par,1030,0.9,-2.1205899999999995,0.2248280555555555,0.9496899999999946,0.0003933333333333,-0.9492749999999948,0.9497449999999952,9.500000000000005e-05,0.9492183333333288,0.0001318041666666,,0.4747184375000012,0.0001325557711317,0.5,32299
0.52,ascending,1.0,0.15,20,20,<2>par,1030,0.91,-2.1249738125,0.2274756868131867,0.9490883333333316,0.00034,-0.9486583333333304,0.9487149999999984,-6.666666666666663e-06,0.9484999999999985,0.0001393708333333,,0.4743606708333342,0.0001329924550151,0.5,32246
0.52,ascending,1.0,0.15,20,20,<2>par,1030,0.92,-2.124904312499999,0.2295091032608695,0.9464733333333276,0.0003116666666666,-0.9458166666666612,0.9462633333333272,-6.16666666666667e-05,0.9456049999999953,0.0001417333333333,,0.4729977583333344,0.0001361677827388,0.5,32274
0.52,ascending,1.0,0.15,20,20,<2>par,1030,0.93,-2.1267091874999995,0.2330385752688172,0.947358333333332,0.0005366666666666,-0.9470966666666648,0.9474999999999986,-4.833333333333337e-05,0.9468149999999989,0.0001384916666666,,0.4735769083333339,0.0001349713346664,0.5,31961
0.52,ascending,1.0,0.15,20,20,<2>par,1030,0.9351,-2.130100562499999,0.2336582985776921,0.9454316666666666,0.0002516666666666,-0.9453283333333335,0.9454849999999986,7.000000000000003e-05,0.9448549999999996,0.0001366291666666,,0.4726144958333327,0.0001369204835054,0.5,32170
0.52,ascending,1.0,0.15,20,20,<2>par,1030,0.94,-2.1283195625,0.2354800531914893,0.9452433333333304,0.0004016666666666,-0.9451133333333293,0.9454199999999984,-2.166666666666664e-05,0.9447933333333304,0.0001452833333333,,0.4725107500000002,0.0001497713556038,0.5,32082
0.52,ascending,1.0,0.15,20,20,<2>par,1030,0.95,-2.1332068124999988,0.239553552631579,0.9420549999999954,0.0005783333333333,-0.9415349999999956,0.9415583333333302,6.833333333333336e-05,0.9411783333333306,0.0001536458333333,,0.4707767958333336,0.0001418454804506,0.5,32521
0.52,ascending,1.0,0.15,20,20,<2>par,1030,0.96,-2.1337388124999994,0.2401006510416666,0.9415649999999994,0.000275,-0.9411999999999984,0.9416666666666672,-4.833333333333335e-05,0.9409583333333326,0.0001419083333333,,0.470653025000003,0.0001521718329447,0.5,32591
0.52,ascending,1.0,0.15,20,20,<2>par,1030,0.97,-2.137703624999999,0.2432489690721649,0.9411866666666658,0.0004349999999999,-0.9406899999999996,0.9409233333333332,-2.166666666666668e-05,0.9405066666666668,0.0001509166666666,,0.4703743833333338,0.000152245110852,0.5,32607
0.52,ascending,1.0,0.15,20,20,<2>par,1030,0.98,-2.1407923125000003,0.2457085459183673,0.9412033333333328,0.0005249999999999,-0.9407849999999988,0.9412799999999982,2.666666666666668e-05,0.9404849999999986,0.0001545583333333,,0.4703812416666666,0.0001504102537488,0.5,32653
0.52,ascending,1.0,0.15,20,20,<2>par,1030,0.99,-2.1427183749999994,0.2480992424242424,0.939685,0.0005549999999999,-0.9396216666666654,0.940048333333331,-8.833333333333337e-05,0.9391783333333322,0.0001480791666666,,0.4697744875000007,0.0001573478584362,0.5,32973
0.52,ascending,1.0,0.15,20,20,<2>par,1030,1.0,-2.14435025,0.2508483749999999,0.9390383333333356,0.0006016666666666,-0.9387816666666656,0.9391100000000018,0.0001466666666666,0.9382416666666668,0.0001530583333333,,0.4693430749999987,0.0001609424808953,0.5,32668
0.52,ascending,1.0,0.15,20,20,<2>par,1030,1.01,-2.147889937499999,0.2538029702970297,0.9365366666666652,0.0005499999999999,-0.9360550000000007,0.9364516666666656,0.0001083333333333,0.9357416666666666,0.0001697458333333,,0.4680652791666664,0.0001664506547261,0.5,33079
0.52,ascending,1.0,0.15,20,20,<2>par,1030,1.02,-2.1511283749999994,0.256494975490196,0.9345350000000004,0.0004816666666666,-0.933928333333336,0.9343383333333386,9.000000000000006e-05,0.9336233333333384,0.0001804791666666,,0.4670189708333324,0.0001675490472062,0.5,33266
0.52,ascending,1.0,0.15,20,20,<2>par,1030,1.1,-2.1708366875,0.2769756818181818,0.9248683333333362,0.0007183333333333,-0.9240983333333368,0.9252783333333364,-2.000000000000005e-05,0.9239083333333356,0.0001918041666666,,0.4620940458333336,0.0002043032039875,0.5,33644
0.52,ascending,1.0,0.15,20,20,<2>par,1030,1.2,-2.1998061875,0.3023519791666667,0.9089883333333398,0.0011333333333333,-0.9078716666666756,0.9085783333333418,0.000205,0.907321666666675,0.0002485041666666,,0.4538099791666667,0.0002458496045212,0.5,34218
0.52,ascending,1.0,0.15,20,20,<2>par,1031,0.05,-2.020287,0.0121725,0.9998383333333316,0.0,-0.9998383333333316,0.9998383333333316,0.0,0.9998383333333316,3.9583333333333323e-07,,0.4999195791666667,4.109084749531209e-07,0.5,27190
0.52,ascending,1.0,0.15,20,20,<2>par,1031,0.1,-2.0205479374999995,0.0246999999999999,0.999303333333326,0.0,-0.999303333333326,0.999303333333326,0.0,0.999303333333326,1.8500000000000047e-06,,0.4996534250000009,1.8118920915260496e-06,0.5,27613
0.52,ascending,1.0,0.15,20,20,<2>par,1031,0.2,-2.0232948125,0.0494562499999999,0.9975933333333052,0.0,-0.9975933333333052,0.9975933333333052,1.6666666666666669e-06,0.9975933333333052,6.041666666666688e-06,,0.4988036166666744,5.945457625234386e-06,0.5,27991
0.52,ascending,1.0,0.15,20,20,<2>par,1031,0.3,-2.0330064375,0.0742391666666666,0.9948066666666296,6.666666666666667e-06,-0.9948116666666296,0.9948099999999628,-3.333333333333333e-06,0.9948066666666296,1.2883333333333038e-05,,0.4974180833333426,1.3006133899812306e-05,0.5,28617
0.52,ascending,1.0,0.15,20,20,<2>par,1031,0.4,-2.038011,0.0991753124999999,0.9907433333333014,-6.666666666666667e-06,-0.9907249999999684,0.9907233333333016,3.3333333333333333e-06,0.990744999999968,2.2733333333332816e-05,,0.4953865750000071,2.30611067977496e-05,0.5,28991
0.52,ascending,1.0,0.15,20,20,<2>par,1031,0.5,-2.049790875,0.1240244999999999,0.984749999999974,1.6666666666666664e-05,-0.9846933333333076,0.9847999999999738,-1.666666666666666e-06,0.984704999999974,3.878333333333202e-05,,0.4923932833333393,3.775234294124456e-05,0.5,29948
0.52,ascending,1.0,0.15,20,20,<2>par,1031,0.6,-2.064738562499999,0.148458125,0.9777149999999803,8.500000000000006e-05,-0.9775799999999792,0.9776216666666468,-2.833333333333334e-05,0.9775383333333132,5.619583333333127e-05,,0.4888479208333365,5.559094912804659e-05,0.5,30358
0.52,ascending,1.0,0.15,20,20,<2>par,1031,0.7,-2.0805281874999992,0.1748566071428571,0.9691183333333196,0.0001683333333333,-0.9690083333333196,0.9690366666666532,6.666666666666664e-06,0.9690383333333198,8.026666666666407e-05,,0.4845629916666696,7.924674919475005e-05,0.5,30960
0.52,ascending,1.0,0.15,20,20,<2>par,1031,0.8,-2.0999359374999997,0.1993981249999999,0.9590216666666604,0.0002466666666666,-0.9588933333333256,0.9589566666666608,-3.0000000000000004e-05,0.95868166666666,9.739166666666513e-05,,0.4794663750000016,0.000102824021326,0.5,31505
0.52,ascending,1.0,0.15,20,20,<2>par,1031,0.86,-2.1123046875,0.2146315406976744,0.9547016666666616,0.0003183333333333,-0.9544216666666596,0.9544399999999944,0.00011,0.954129999999994,0.0001165583333333,,0.4772218750000005,0.000118990179829,0.5,31952
0.52,ascending,1.0,0.15,20,20,<2>par,1031,0.87,-2.1120958125,0.2167436781609195,0.9528099999999962,0.0004333333333333,-0.9524799999999948,0.9527849999999952,3.833333333333333e-05,0.9522816666666628,0.0001197208333333,,0.4762761541666668,0.0001170395818059,0.5,31966
0.52,ascending,1.0,0.15,20,20,<2>par,1031,0.88,-2.116757625,0.2200095170454545,0.9525066666666612,0.0003716666666666,-0.9522283333333272,0.9523666666666608,1.6666666666666654e-05,0.952153333333328,0.0001223166666666,,0.4761753999999987,0.0001228393317228,0.5,31990
0.52,ascending,1.0,0.15,20,20,<2>par,1031,0.89,-2.1202550625000005,0.2227512640449438,0.9503499999999964,0.0003983333333333,-0.950129999999998,0.9502849999999968,1.0000000000000006e-05,0.9498216666666628,0.0001203208333333,,0.4750738624999993,0.0001292929403534,0.5,32388
0.52,ascending,1.0,0.15,20,20,<2>par,1031,0.9,-2.120679937499999,0.2248897222222222,0.94982333333333,0.0004599999999999,-0.9496316666666628,0.9498449999999986,5.500000000000001e-05,0.9493816666666648,0.0001322041666666,,0.4748250125000002,0.0001279248854271,0.5,32536
0.52,ascending,1.0,0.15,20,20,<2>par,1031,0.91,-2.122275875,0.2279288461538461,0.9487216666666656,0.0003266666666666,-0.9486133333333344,0.9488483333333344,-1.3333333333333328e-05,0.9483300000000005,0.0001289458333333,,0.4743014708333328,0.0001380604711211,0.5,32260
0.52,ascending,1.0,0.15,20,20,<2>par,1031,0.92,-2.126950125,0.2306585597826086,0.9468966666666614,0.0003533333333333,-0.9466466666666612,0.9468849999999952,-2.9999999999999997e-05,0.9464283333333278,0.0001345291666666,,0.4733971624999986,0.000140591129568,0.5,32278
0.52,ascending,1.0,0.15,20,20,<2>par,1031,0.93,-2.1268612499999997,0.2318217741935483,0.9481899999999952,0.0004016666666666,-0.9479583333333306,0.9481499999999992,2.5e-05,0.9476883333333328,0.0001274499999999,,0.4739947083333331,0.0001342070885814,0.5,32676
0.52,ascending,1.0,0.15,20,20,<2>par,1031,0.9351,-2.131046875,0.2343856272056464,0.9443133333333296,0.000255,-0.9442316666666642,0.9446883333333312,5.000000000000009e-06,0.9438016666666644,0.0001380958333333,,0.4720872958333338,0.0001431791956015,0.5,32742
0.52,ascending,1.0,0.15,20,20,<2>par,1031,0.94,-2.129275375,0.2356351063829787,0.945391666666666,0.0006333333333333,-0.9446916666666644,0.9452716666666636,-1.6666666666666715e-06,0.9447183333333316,0.0001567208333333,,0.4724497874999988,0.0001463047437523,0.5,32274
0.52,ascending,1.0,0.15,20,20,<2>par,1031,0.95,-2.13197775,0.2377310526315789,0.9436283333333334,0.0004066666666666,-0.9429616666666668,0.9434199999999984,-8.500000000000006e-05,0.9428683333333318,0.0001499416666666,,0.4715545166666673,0.0001452746033544,0.5,32399
0.52,ascending,1.0,0.15,20,20,<2>par,1031,0.96,-2.1352726250000003,0.2413901041666666,0.9418166666666647,0.0004116666666666,-0.9414049999999996,0.941896666666666,2.4999999999999994e-05,0.940935,0.0001474166666666,,0.4706765749999995,0.0001582662293128,0.5,32737
0.52,ascending,1.0,0.15,20,20,<2>par,1031,0.97,-2.1386444999999994,0.2427099226804124,0.9419016666666667,0.0005483333333333,-0.9412549999999984,0.9415199999999996,0.0001533333333333,0.9409299999999978,0.00014755,,0.4706473083333335,0.0001546263026216,0.5,32802
0.52,ascending,1.0,0.15,20,20,<2>par,1031,0.98,-2.1396308750000004,0.2452432397959183,0.9402133333333365,0.0005333333333333,-0.9398883333333332,0.9402700000000012,3.166666666666667e-05,0.9396216666666662,0.0001572416666666,,0.4699859749999984,0.0001663237095972,0.5,33127
0.52,ascending,1.0,0.15,20,20,<2>par,1031,0.99,-2.141296874999999,0.2481964646464646,0.9390349999999978,0.0004899999999999,-0.9386383333333294,0.9390149999999976,0.0001016666666666,0.9383033333333312,0.0001612208333333,,0.4693200208333338,0.0001497706270131,0.5,32590
0.52,ascending,1.0,0.15,20,20,<2>par,1031,1.0,-2.144801,0.250619875,0.9377516666666648,0.0003266666666666,-0.9372633333333332,0.9377716666666648,6.000000000000002e-05,0.9370316666666644,0.0001686624999999,,0.4686287041666662,0.0001604374113073,0.5,33203
0.52,ascending,1.0,0.15,20,20,<2>par,1031,1.01,-2.148011812499999,0.2536717821782178,0.9362883333333322,0.0006333333333333,-0.9355599999999992,0.9360250000000008,0.0001766666666666,0.935383333333334,0.0001791958333333,,0.467835920833334,0.000170408908531,0.5,32576
0.52,ascending,1.0,0.15,20,20,<2>par,1031,1.02,-2.1487735,0.2561662990196078,0.933221666666667,0.0006949999999999,-0.9327983333333336,0.9336633333333316,-4.333333333333334e-05,0.9324833333333344,0.0001731999999999,,0.4664244333333336,0.0001704392479728,0.5,32877
0.52,ascending,1.0,0.15,20,20,<2>par,1031,1.1,-2.171607375,0.2764467045454545,0.9244350000000024,0.0010533333333333,-0.9236566666666725,0.9240083333333377,-1.1666666666666702e-05,0.923218333333339,0.0001990541666666,,0.461813579166666,0.0001999444222483,0.5,33783
0.52,ascending,1.0,0.15,20,20,<2>par,1031,1.2,-2.1996038749999998,0.3027867708333333,0.9083933333333392,0.0011916666666666,-0.907298333333338,0.9082000000000078,-8.666666666666671e-05,0.9066483333333392,0.0002433583333333,,0.4535643333333324,0.0002555961104634,0.5,33939
0.52,ascending,1.0,0.15,20,20,<2>par,1032,0.05,-2.0201634375,0.0122124999999999,0.9998383333333314,0.0,-0.9998383333333314,0.9998383333333314,0.0,0.9998383333333314,4.041666666666665e-07,,0.4999195708333342,4.041666666666676e-07,0.5,27471
0.52,ascending,1.0,0.15,20,20,<2>par,1032,0.1,-2.0219159374999998,0.0244687499999999,0.9994816666666588,0.0,-0.9994816666666588,0.999484999999992,0.0,0.9994816666666588,1.2708333333333283e-06,,0.4997422208333349,1.2787909585677054e-06,0.5,27163
0.52,ascending,1.0,0.15,20,20,<2>par,1032,0.2,-2.0244401874999998,0.049533125,0.9976616666666406,0.0,-0.9976616666666406,0.9976649999999738,-1.6666666666666669e-06,0.9976616666666406,5.9791666666666914e-06,,0.4988373375000067,5.806222592463568e-06,0.5,27971
0.52,ascending,1.0,0.15,20,20,<2>par,1032,0.3,-2.032183,0.0749241666666666,0.9939533333332976,5e-06,-0.9939383333332978,0.993941666666631,-1.666666666666666e-06,0.9939399999999644,1.54624999999997e-05,,0.4969870958333421,1.5481974008661238e-05,0.5,28513
0.52,ascending,1.0,0.15,20,20,<2>par,1032,0.4,-2.03711325,0.0993565625,0.9898149999999664,1.3333333333333332e-05,-0.9897866666666332,0.9899099999999664,-1.666666666666666e-06,0.9897833333332996,2.635833333333264e-05,,0.4949186666666745,2.6317582528083007e-05,0.5,29237
0.52,ascending,1.0,0.15,20,20,<2>par,1032,0.5,-2.0508433125,0.1240259999999999,0.9847049999999709,6.666666666666667e-06,-0.9846599999999712,0.9846783333333048,-1.3333333333333332e-05,0.9846849999999712,3.82041666666654e-05,,0.4923727791666725,3.805146095740591e-05,0.5,29649
0.52,ascending,1.0,0.15,20,20,<2>par,1032,0.6,-2.0660870624999994,0.1494135416666666,0.9780999999999804,2.1666666666666664e-05,-0.9780583333333142,0.978101666666646,-3.166666666666667e-05,0.9780066666666468,5.493749999999808e-05,,0.4890551875000041,5.6455661501651e-05,0.5,30313
0.52,ascending,1.0,0.15,20,20,<2>par,1032,0.7,-2.08175225,0.1747925,0.9693816666666544,5.1666666666666685e-05,-0.9692716666666558,0.969369999999988,-1.000000000000001e-05,0.969189999999988,7.492499999999747e-05,,0.4846684083333354,7.517289420180234e-05,0.5,31011
0.52,ascending,1.0,0.15,20,20,<2>par,1032,0.8,-2.0991776874999992,0.1990874999999999,0.9609916666666586,0.0002883333333333,-0.9607049999999926,0.9608566666666594,7.500000000000002e-05,0.9605499999999928,9.894999999999904e-05,,0.4803960083333338,0.0001030280007221,0.5,31575
0.52,ascending,1.0,0.15,20,20,<2>par,1032,0.86,-2.1126728749999995,0.2145716569767441,0.9542649999999944,0.0003949999999999,-0.9539066666666628,0.954078333333328,-3.333333333333321e-06,0.9537466666666607,0.0001138708333333,,0.4769813791666676,0.0001174665052761,0.5,31577
0.52,ascending,1.0,0.15,20,20,<2>par,1032,0.87,-2.114732875,0.2173310344827586,0.952136666666664,0.0004133333333333,-0.9519049999999974,0.9523716666666634,2.6666666666666684e-05,0.9516933333333304,0.0001328374999999,,0.4759731874999987,0.000122482568977,0.5,32131
0.52,ascending,1.0,0.15,20,20,<2>par,1032,0.88,-2.1159386249999987,0.2198242897727272,0.9518733333333294,0.0002416666666666,-0.951479999999996,0.9516499999999962,4.5e-05,0.951304999999995,0.0001332666666666,,0.4757769333333325,0.0001265206220704,0.5,32325
0.52,ascending,1.0,0.15,20,20,<2>par,1032,0.89,-2.1175229375000004,0.221926404494382,0.9507449999999952,0.00032,-0.9503533333333288,0.9507033333333276,1.6666666666666834e-06,0.9500649999999946,0.0001250166666666,,0.4752187916666671,0.0001235295423747,0.5,31704
0.52,ascending,1.0,0.15,20,20,<2>par,1032,0.9,-2.1205726874999997,0.2255847222222222,0.9495533333333304,0.0003749999999999,-0.9493583333333292,0.9495599999999972,-5.166666666666669e-05,0.9490716666666648,0.0001239499999999,,0.4746812833333339,0.0001321999999999,0.5,32011
0.52,ascending,1.0,0.15,20,20,<2>par,1032,0.91,-2.123556437499999,0.2274251373626373,0.9495033333333266,0.0004049999999999,-0.9493916666666594,0.9495583333333268,0.0001066666666666,0.9490266666666596,0.0001292374999999,,0.4746908375000006,0.0001284167972343,0.5,32555
0.52,ascending,1.0,0.15,20,20,<2>par,1032,0.92,-2.1245838125,0.2291203804347825,0.9477283333333316,0.0003183333333333,-0.9473933333333306,0.9476366666666644,-6.333333333333335e-05,0.9471399999999972,0.0001392416666666,,0.4736977333333332,0.0001410098860381,0.5,32410
0.52,ascending,1.0,0.15,20,20,<2>par,1032,0.93,-2.1267258749999995,0.2328193548387096,0.947103333333332,0.0003899999999999,-0.9467599999999988,0.9469199999999992,6.666666666666658e-06,0.9465833333333334,0.0001339,,0.4733934416666664,0.0001322231652224,0.5,32614
0.52,ascending,1.0,0.15,20,20,<2>par,1032,0.9351,-2.1283528125,0.2341464816597155,0.9455866666666636,0.0004749999999999,-0.9452933333333317,0.9459466666666644,-6.666666666666671e-05,0.9450583333333312,0.0001465416666666,,0.4726813999999986,0.0001422476422307,0.5,32496
0.52,ascending,1.0,0.15,20,20,<2>par,1032,0.94,-2.1289083125,0.2354551861702128,0.9466616666666612,0.0003816666666666,-0.9464366666666624,0.946584999999995,4.666666666666667e-05,0.9460599999999958,0.0001445375,,0.4732094458333326,0.0001364602278686,0.5,32686
0.52,ascending,1.0,0.15,20,20,<2>par,1032,0.95,-2.133961375,0.2390917105263158,0.942281666666666,0.0004483333333333,-0.9417949999999984,0.9423133333333308,-0.00012,0.94147833333333,0.0001408416666666,,0.4708903166666662,0.0001529505820283,0.5,32896
0.52,ascending,1.0,0.15,20,20,<2>par,1032,0.96,-2.1360884375,0.2407490885416666,0.9420900000000008,0.0003433333333333,-0.9417250000000008,0.9420550000000004,-5.666666666666667e-05,0.9414116666666676,0.0001448708333333,,0.4708610958333321,0.0001547793551041,0.5,32386
0.52,ascending,1.0,0.15,20,20,<2>par,1032,0.97,-2.139068874999999,0.242070618556701,0.9410199999999967,0.0004549999999999,-0.9406583333333316,0.9412449999999966,-3.333333333333351e-06,0.9404199999999984,0.0001552625,,0.4703564875000001,0.0001500558468843,0.5,32447
0.52,ascending,1.0,0.15,20,20,<2>par,1032,0.98,-2.139400125,0.244829081632653,0.9390466666666686,0.0005433333333333,-0.9384249999999996,0.938971666666668,2.666666666666668e-05,0.9382166666666668,0.0001581125,,0.4692728874999994,0.0001556474926135,0.5,32829
0.52,ascending,1.0,0.15,20,20,<2>par,1032,0.99,-2.140728875,0.2482375,0.9380033333333356,0.0006316666666666,-0.937628333333336,0.9381316666666684,-2.6666666666666656e-05,0.937366666666668,0.0001619041666666,,0.4687931624999992,0.0001556137835721,0.5,32919
0.52,ascending,1.0,0.15,20,20,<2>par,1032,1.0,-2.1443049375,0.2511862499999999,0.937079999999999,0.0005616666666666,-0.9368150000000008,0.9371333333333346,7.833333333333336e-05,0.9365133333333348,0.0001551166666666,,0.4683698833333333,0.0001723802241478,0.5,32713
0.52,ascending,1.0,0.15,20,20,<2>par,1032,1.01,-2.147374562499999,0.2529551980198019,0.936501666666666,0.0009183333333333,-0.9359250000000005,0.936535,4.6666666666666685e-05,0.935624999999998,0.0001678791666666,,0.4679416458333332,0.0001671967004891,0.5,32672
0.52,ascending,1.0,0.15,20,20,<2>par,1032,1.02,-2.1475373749999997,0.2565334558823529,0.9346550000000006,0.0003999999999999,-0.9341750000000036,0.934600000000001,-2.8333333333333325e-05,0.9338833333333362,0.0001636583333333,,0.4671429666666667,0.0001677946513939,0.5,32675
0.52,ascending,1.0,0.15,20,20,<2>par,1032,1.1,-2.172110562500001,0.2769239772727273,0.9231683333333376,0.0009699999999999,-0.9224000000000058,0.923035000000006,2.6666666666666667e-05,0.9220816666666708,0.0001990541666666,,0.461173454166667,0.0002143669628463,0.5,33666
0.52,ascending,1.0,0.15,20,20,<2>par,1032,1.2,-2.199767375,0.3020745833333333,0.909536666666674,0.0010716666666666,-0.908338333333344,0.9088483333333428,-4.999999999999999e-05,0.9077050000000092,0.0002306541666666,,0.4540845875000003,0.0002404818575479,0.5,34195
0.52,ascending,1.0,0.15,20,20,<2>par,1033,0.05,-2.020944,0.0122199999999999,0.999873333333331,0.0,-0.999873333333331,0.999873333333331,0.0,0.999873333333331,3.1666666666666693e-07,,0.4999369833333336,3.166666666666648e-07,0.5,27129
0.52,ascending,1.0,0.15,20,20,<2>par,1033,0.1,-2.0208708125,0.0243574999999999,0.9992166666666564,0.0,-0.9992166666666564,0.9992166666666564,0.0,0.9992166666666564,1.9416666666666776e-06,,0.4996103166666679,1.915075141619788e-06,0.5,27405
0.52,ascending,1.0,0.15,20,20,<2>par,1033,0.2,-2.0260890625,0.0494824999999999,0.9974316666666424,-1.6666666666666669e-06,-0.9974316666666424,0.9974316666666424,0.0,0.9974333333333092,6.4541666666666505e-06,,0.4987229041666742,6.26918699321356e-06,0.5,27940
0.52,ascending,1.0,0.15,20,20,<2>par,1033,0.3,-2.030257812499999,0.0748466666666666,0.9939833333332968,2.333333333333333e-05,-0.9939816666666303,0.9940083333332972,1.6666666666666669e-06,0.9939849999999636,1.5462499999999644e-05,,0.4970041125000092,1.5100177385301852e-05,0.5,28805
0.52,ascending,1.0,0.15,20,20,<2>par,1033,0.4,-2.0395520624999994,0.0990581249999999,0.9903349999999662,-1.1666666666666668e-05,-0.9903099999999668,0.9903066666666334,3.333333333333333e-06,0.9903033333333,2.392499999999936e-05,,0.4951758333333404,2.531379156951522e-05,0.5,29069
0.52,ascending,1.0,0.15,20,20,<2>par,1033,0.5,-2.0513444375,0.1235329999999999,0.9848083333333076,8.16666666666667e-05,-0.9847016666666404,0.9847183333333072,-5.782411586589358e-22,0.9847199999999738,3.930416666666539e-05,,0.4923964541666735,3.818855936914032e-05,0.5,30077
0.52,ascending,1.0,0.15,20,20,<2>par,1033,0.6,-2.0649640625,0.1489266666666666,0.97753999999998,8.000000000000003e-05,-0.9773983333333136,0.977356666666646,8.333333333333334e-06,0.9772766666666466,5.638333333333137e-05,,0.4887154666666707,5.948325263809354e-05,0.5,30284
0.52,ascending,1.0,0.15,20,20,<2>par,1033,0.7,-2.07997275,0.1745578571428571,0.970593333333319,0.0001783333333333,-0.970519999999987,0.9705433333333192,-1.8333333333333323e-05,0.9703683333333196,7.604166666666404e-05,,0.4852723083333362,7.705918638226582e-05,0.5,30799
0.52,ascending,1.0,0.15,20,20,<2>par,1033,0.8,-2.1002853125,0.2000825,0.9597283333333262,0.000245,-0.9596866666666608,0.9595699999999936,-4.500000000000001e-05,0.9593233333333282,0.0001060249999999,,0.4797792833333342,0.0001068619210264,0.5,31745
0.52,ascending,1.0,0.15,20,20,<2>par,1033,0.86,-2.1118544999999997,0.2144082848837209,0.954246666666662,0.0003383333333333,-0.9540783333333276,0.954456666666662,-6.666666666666667e-05,0.9538399999999956,0.0001243,,0.4770716499999997,0.0001183513334445,0.5,32026
0.52,ascending,1.0,0.15,20,20,<2>par,1033,0.87,-2.1147244375,0.2174768678160919,0.9528816666666646,0.000265,-0.9527266666666656,0.953186666666665,-0.0001183333333333,0.952561666666666,0.0001165499999999,,0.4763694083333321,0.0001203225893035,0.5,32338
0.52,ascending,1.0,0.15,20,20,<2>par,1033,0.88,-2.1162925625000004,0.2207677556818181,0.9516133333333292,0.0002666666666666,-0.9513899999999968,0.951583333333329,1.3333333333333332e-05,0.9514033333333296,0.0001260833333333,,0.4757223999999997,0.0001345940674777,0.5,32112
0.52,ascending,1.0,0.15,20,20,<2>par,1033,0.89,-2.1177164374999995,0.2219566011235954,0.9504449999999984,0.000305,-0.9501633333333314,0.950394999999998,9.000000000000006e-05,0.9500966666666651,0.0001330624999999,,0.4751017458333341,0.0001289204237476,0.5,32192
0.52,ascending,1.0,0.15,20,20,<2>par,1033,0.9,-2.1215251875,0.2246795833333333,0.9504666666666614,0.000305,-0.9499849999999956,0.9506366666666632,4.5e-05,0.9500433333333288,0.0001293749999999,,0.4751280250000017,0.0001318250948021,0.5,32380
0.52,ascending,1.0,0.15,20,20,<2>par,1033,0.91,-2.1225320624999995,0.2277222527472527,0.9477949999999948,0.0003116666666666,-0.9477316666666614,0.9480299999999944,-0.0001283333333333,0.9473683333333294,0.00013925,,0.4738135333333326,0.000137192750028,0.5,32480
0.52,ascending,1.0,0.15,20,20,<2>par,1033,0.92,-2.1263319375000003,0.2297826086956521,0.9489516666666608,0.0002633333333333,-0.9485249999999956,0.9487599999999952,-2.8333333333333332e-05,0.9484316666666616,0.0001320333333333,,0.4743607333333335,0.0001333914554037,0.5,32333
0.52,ascending,1.0,0.15,20,20,<2>par,1033,0.93,-2.1289793124999994,0.2336784946236559,0.9457233333333328,0.0004716666666666,-0.9455100000000018,0.945956666666667,-0.0001716666666666,0.9454600000000006,0.0001428999999999,,0.4728254250000003,0.0001414040132735,0.5,32652
0.52,ascending,1.0,0.15,20,20,<2>par,1033,0.9351,-2.1286084375,0.2339049299540155,0.9452699999999964,0.0004249999999999,-0.9451199999999976,0.94541833333333,-0.0002066666666666,0.9449916666666628,0.0001395958333333,,0.4725872875000006,0.0001401892122073,0.5,32219
0.52,ascending,1.0,0.15,20,20,<2>par,1033,0.94,-2.130293312499999,0.2352292553191489,0.9435483333333314,0.0005166666666666,-0.943136666666665,0.9435316666666652,1.833333333333336e-05,0.9428533333333314,0.0001493958333333,,0.471592420833334,0.0001462432612464,0.5,32802
0.52,ascending,1.0,0.15,20,20,<2>par,1033,0.95,-2.132852812499999,0.2372556578947368,0.9438883333333302,0.0005283333333333,-0.9436416666666652,0.943834999999998,2.833333333333332e-05,0.9433766666666656,0.0001501458333333,,0.4718041124999992,0.0001400363230033,0.5,32429
0.52,ascending,1.0,0.15,20,20,<2>par,1033,0.96,-2.1345020624999997,0.239793359375,0.941771666666665,0.0003916666666666,-0.9414316666666634,0.9421216666666644,6.666666666666699e-06,0.9410749999999982,0.0001436791666666,,0.470750845833334,0.0001463772961235,0.5,32567
0.52,ascending,1.0,0.15,20,20,<2>par,1033,0.97,-2.1380096874999994,0.2437891752577319,0.9417583333333333,0.0006566666666666,-0.9414833333333336,0.9415616666666669,-8.333333333333335e-06,0.941278333333332,0.0001607958333333,,0.4707683291666651,0.0001530521686106,0.5,32921
0.52,ascending,1.0,0.15,20,20,<2>par,1033,0.98,-2.1399441249999995,0.2458642857142856,0.939121666666666,0.0003716666666666,-0.938860000000001,0.9395150000000008,1.4999999999999995e-05,0.938461666666668,0.0001516041666666,,0.4693782291666673,0.0001618523459959,0.5,32681
0.52,ascending,1.0,0.15,20,20,<2>par,1033,0.99,-2.141150375,0.2477462121212121,0.9405633333333308,0.0004149999999999,-0.9401049999999966,0.9402633333333308,9.66666666666667e-05,0.9396766666666632,0.0001614583333333,,0.4700081749999993,0.000167935625681,0.5,32719
0.52,ascending,1.0,0.15,20,20,<2>par,1033,1.0,-2.1457993749999997,0.2509241249999999,0.9361550000000028,0.0003466666666666,-0.9356883333333342,0.9361716666666684,2.6666666666666643e-05,0.9355433333333344,0.0001681708333333,,0.4678798291666667,0.0001608774396313,0.5,32871
0.52,ascending,1.0,0.15,20,20,<2>par,1033,1.01,-2.146635375,0.2533410891089109,0.9373583333333334,0.0006699999999999,-0.9367899999999996,0.9369866666666652,-0.0001233333333333,0.9364916666666664,0.0001640083333333,,0.4684251666666669,0.0001641743113962,0.5,33025
0.52,ascending,1.0,0.15,20,20,<2>par,1033,1.02,-2.150764999999999,0.2557647058823529,0.9350500000000024,0.0006566666666666,-0.9346266666666674,0.9351850000000008,3.500000000000001e-05,0.934205000000002,0.0001731791666666,,0.4673495458333325,0.0001713264350772,0.5,32927
0.52,ascending,1.0,0.15,20,20,<2>par,1033,1.1,-2.1703210625,0.2769290909090909,0.9238483333333416,0.0007566666666666,-0.923111666666672,0.9238550000000064,1.3333333333333337e-05,0.9225383333333405,0.0001976041666666,,0.4614883874999996,0.0002012513882595,0.5,33854
0.52,ascending,1.0,0.15,20,20,<2>par,1033,1.2,-2.1995795,0.3025847916666666,0.908571666666675,0.0012533333333333,-0.90779833333334,0.9085116666666746,9.833333333333338e-05,0.9070766666666756,0.0002344708333333,,0.4537351791666678,0.0002442364029774,0.5,34193
0.52,ascending,1.0,0.15,20,20,<2>par,1034,0.05,-2.0199471249999994,0.0136724999999999,0.9998549999999984,0.0,-0.9998549999999984,0.9998549999999984,0.0,0.9998549999999984,3.6250000000000013e-07,,0.4999278625000005,3.625000000000044e-07,0.5,27068
0.52,ascending,1.0,0.15,20,20,<2>par,1034,0.1,-2.0206140625,0.0251824999999999,0.9991999999999894,0.0,-0.9991999999999894,0.9991999999999894,0.0,0.9991999999999894,1.9666666666666795e-06,,0.4996021000000016,2.008333333333324e-06,0.5,27553
0.52,ascending,1.0,0.15,20,20,<2>par,1034,0.2,-2.0241241875000004,0.0495231249999999,0.997806666666644,0.0,-0.997806666666644,0.997806666666644,0.0,0.997806666666644,5.441666666666724e-06,,0.4989094000000071,5.605813006786477e-06,0.5,27670
0.52,ascending,1.0,0.15,20,20,<2>par,1034,0.3,-2.0313361875,0.0742,0.994099999999964,0.0,-0.9941099999999642,0.9940916666666312,0.0,0.9940849999999644,1.4762499999999702e-05,,0.4970614958333422,1.541176952129662e-05,0.5,28771
0.52,ascending,1.0,0.15,20,20,<2>par,1034,0.4,-2.0399144375,0.0993059375,0.9898816666666316,1.1666666666666668e-05,-0.9898599999999648,0.9898949999999652,-3.333333333333333e-06,0.9898483333332986,2.555416666666593e-05,,0.4949534541666732,2.470795762523401e-05,0.5,29081
0.52,ascending,1.0,0.15,20,20,<2>par,1034,0.5,-2.051595125,0.1246984999999999,0.9848816666666396,1.1666666666666668e-05,-0.984859999999973,0.98494666666664,3.333333333333334e-05,0.9848299999999732,4.013333333333208e-05,,0.4924601916666744,3.889712490284845e-05,0.5,29550
0.52,ascending,1.0,0.15,20,20,<2>par,1034,0.6,-2.0646148125000003,0.14974375,0.9784316666666466,0.0001233333333333,-0.9782816666666472,0.97830499999998,1.3333333333333332e-05,0.9782316666666464,5.525416666666476e-05,,0.4891846708333373,5.738060174390594e-05,0.5,30339
0.52,ascending,1.0,0.15,20,20,<2>par,1034,0.7,-2.0812405000000003,0.1741521428571428,0.9695949999999878,6.16666666666667e-05,-0.969561666666654,0.969616666666654,3e-05,0.969451666666654,8.004166666666397e-05,,0.4848019500000023,7.492729612358328e-05,0.5,30884
0.52,ascending,1.0,0.15,20,20,<2>par,1034,0.8,-2.10062775,0.2003270312499999,0.9589633333333242,0.0001516666666666,-0.9587216666666576,0.958968333333324,2.1666666666666664e-05,0.958656666666656,0.0001030041666666,,0.4794180208333343,0.0001030098669885,0.5,31883
0.52,ascending,1.0,0.15,20,20,<2>par,1034,0.86,-2.112534125,0.2151260174418604,0.9545249999999952,0.0002183333333333,-0.9542933333333282,0.9546983333333284,-9.166666666666676e-05,0.9541133333333284,0.0001100374999999,,0.4772061375000004,0.0001196104490168,0.5,31691
0.52,ascending,1.0,0.15,20,20,<2>par,1034,0.87,-2.1144968125,0.2175543103448275,0.9520766666666628,0.0003516666666666,-0.9518783333333288,0.9519083333333308,5.66666666666667e-05,0.9515983333333295,0.0001289458333333,,0.4759346458333334,0.0001264205364325,0.5,31840
0.52,ascending,1.0,0.15,20,20,<2>par,1034,0.88,-2.1152291874999998,0.2191274147727272,0.95151333333333,0.000305,-0.951203333333328,0.951403333333329,-4.833333333333335e-05,0.9511049999999968,0.0001227916666666,,0.4756591916666676,0.0001286297776298,0.5,32311
0.52,ascending,1.0,0.15,20,20,<2>par,1034,0.89,-2.119445687499999,0.2226967696629213,0.9512799999999988,0.0002816666666666,-0.9509483333333312,0.9510833333333296,-8.333333333333335e-06,0.9506383333333314,0.0001257833333333,,0.4754736249999996,0.0001307121402867,0.5,31908
0.52,ascending,1.0,0.15,20,20,<2>par,1034,0.9,-2.121367,0.2251211111111111,0.9486633333333302,0.0003583333333333,-0.9481949999999963,0.9484566666666644,-7.333333333333336e-05,0.9479249999999976,0.0001345333333333,,0.474096216666667,0.0001398206700549,0.5,32320
0.52,ascending,1.0,0.15,20,20,<2>par,1034,0.91,-2.121987375,0.2273728021978021,0.9507033333333272,0.0003383333333333,-0.9504949999999942,0.9506816666666617,6.166666666666668e-05,0.9504666666666608,0.0001252791666666,,0.4753175125000012,0.0001325218908145,0.5,32134
0.52,ascending,1.0,0.15,20,20,<2>par,1034,0.92,-2.1258258125,0.2304952445652174,0.9473349999999984,0.0004466666666666,-0.9469183333333302,0.9470716666666648,6.66666666666666e-06,0.946793333333331,0.0001390875,,0.4734884874999996,0.0001397351761083,0.5,32434
0.52,ascending,1.0,0.15,20,20,<2>par,1034,0.93,-2.1260101875,0.2328604838709677,0.9454183333333334,0.0004249999999999,-0.9451566666666668,0.945665000000001,-1.6666666666666678e-05,0.9450016666666682,0.0001381791666666,,0.4726475958333339,0.0001425620595914,0.5,32113
0.52,ascending,1.0,0.15,20,20,<2>par,1034,0.9351,-2.129672812499999,0.2348198053684097,0.9449749999999952,0.0004899999999999,-0.9445849999999952,0.9452249999999948,5.666666666666668e-05,0.9445483333333274,0.0001453708333333,,0.4723633124999995,0.0001426188611575,0.5,32624
0.52,ascending,1.0,0.15,20,20,<2>par,1034,0.94,-2.128287624999999,0.2358014627659574,0.9431883333333329,0.0004183333333333,-0.942806666666666,0.942953333333332,-0.0001566666666666,0.9425799999999984,0.0001449916666666,,0.4713753666666662,0.0001494767898478,0.5,32485
0.52,ascending,1.0,0.15,20,20,<2>par,1034,0.95,-2.1313341875000003,0.2374213157894736,0.9446449999999996,0.0004466666666666,-0.9445966666666664,0.9451183333333312,-4.500000000000002e-05,0.9442366666666656,0.0001385041666666,,0.4722568708333324,0.0001433708523828,0.5,32445
0.52,ascending,1.0,0.15,20,20,<2>par,1034,0.96,-2.1338189375,0.2405691406249999,0.9424899999999984,0.00025,-0.942128333333332,0.9426949999999966,5.500000000000003e-05,0.9419983333333296,0.0001449624999999,,0.4711365125000005,0.0001523374821172,0.5,32363
0.52,ascending,1.0,0.15,20,20,<2>par,1034,0.97,-2.136561125,0.2432913659793814,0.9394733333333368,0.0005133333333333,-0.9389166666666676,0.9395116666666684,4.333333333333336e-05,0.9386283333333358,0.0001572958333333,,0.4694848791666675,0.0001622528830945,0.5,32801
0.52,ascending,1.0,0.15,20,20,<2>par,1034,0.98,-2.1399839375,0.2457868622448979,0.9399666666666686,0.0005483333333333,-0.939335000000001,0.9399883333333336,0.0002033333333333,0.939145,0.0001743124999999,,0.4697268625000005,0.0001596250868047,0.5,32701
0.52,ascending,1.0,0.15,20,20,<2>par,1034,0.99,-2.1412549374999994,0.2487333333333333,0.937546666666666,0.0005133333333333,-0.9370650000000004,0.937516666666668,2.6666666666666704e-05,0.9366766666666656,0.0001572999999999,,0.4685233499999996,0.000161613141786,0.5,32751
0.52,ascending,1.0,0.15,20,20,<2>par,1034,1.0,-2.1454695000000004,0.2513044999999999,0.9369399999999994,0.0003883333333333,-0.936515,0.9368550000000012,8.833333333333337e-05,0.9362333333333338,0.0001679291666666,,0.4682593041666671,0.0001711896377878,0.5,33228
0.52,ascending,1.0,0.15,20,20,<2>par,1034,1.01,-2.1482478749999983,0.2542679455445544,0.935521666666669,0.0007166666666666,-0.9352050000000032,0.9357416666666712,5.166666666666667e-05,0.9349100000000028,0.0001683625,,0.4675686708333341,0.0001756902955687,0.5,32990
0.52,ascending,1.0,0.15,20,20,<2>par,1034,1.02,-2.1524222499999994,0.2564249999999999,0.9338100000000058,0.0005049999999999,-0.9330633333333384,0.9334600000000024,1.8333333333333336e-05,0.9329800000000048,0.0001668,,0.4666439333333347,0.0001693389011996,0.5,33234
0.52,ascending,1.0,0.15,20,20,<2>par,1034,1.1,-2.173018999999999,0.2765740909090909,0.9263583333333372,0.0006249999999999,-0.9257916666666712,0.9260483333333388,3.833333333333332e-05,0.9254216666666708,0.0001990291666666,,0.4628616541666673,0.0001997343310567,0.5,33655
0.52,ascending,1.0,0.15,20,20,<2>par,1034,1.2,-2.1990255625,0.3024871875,0.9061650000000098,0.0012549999999999,-0.9052116666666749,0.9061233333333412,-0.0001233333333333,0.9046016666666749,0.0002595999999999,,0.4525257499999993,0.0002519218458848,0.5,34027
0.52,ascending,1.0,0.15,20,20,<2>par,1035,0.05,-2.0190531874999995,0.0122424999999999,0.9999066666666652,0.0,-0.9999066666666652,0.9999066666666652,0.0,0.9999066666666652,2.3333333333333338e-07,,0.499953566666667,2.3333333333333442e-07,0.5,26983
0.52,ascending,1.0,0.15,20,20,<2>par,1035,0.1,-2.021401625,0.0242212499999999,0.9994383333333258,0.0,-0.9994383333333258,0.9994383333333258,0.0,0.9994383333333258,1.3958333333333305e-06,,0.4997205791666693,1.382957625234371e-06,0.5,27679
0.52,ascending,1.0,0.15,20,20,<2>par,1035,0.2,-2.0246509374999992,0.049438125,0.9973583333333076,1e-05,-0.9973599999999742,0.9973583333333076,0.0,0.9973583333333076,7.162499999999892e-06,,0.4986863625000074,6.518866100187502e-06,0.5,27785
0.52,ascending,1.0,0.15,20,20,<2>par,1035,0.3,-2.0305778125,0.0744666666666666,0.9943966666666298,0.0,-0.9943966666666298,0.9944016666666298,8.333333333333334e-06,0.9943916666666296,1.4545833333333e-05,,0.4972137208333415,1.3660157058755053e-05,0.5,28455
0.52,ascending,1.0,0.15,20,20,<2>par,1035,0.4,-2.039695625,0.09909,0.9900799999999615,1.6666666666666664e-05,-0.9900833333332948,0.9901233333332948,1.1666666666666668e-05,0.9900733333332952,2.5424999999999276e-05,,0.4950660916666751,2.456003448852557e-05,0.5,29259
0.52,ascending,1.0,0.15,20,20,<2>par,1035,0.5,-2.0517056874999997,0.1238904999999999,0.985149999999974,4e-05,-0.985088333333307,0.9851133333333068,1.1666666666666668e-05,0.9850799999999736,3.778333333333212e-05,,0.4925717583333391,3.7251380262166346e-05,0.5,29706
0.52,ascending,1.0,0.15,20,20,<2>par,1035,0.6,-2.0666402499999994,0.1494806249999999,0.977854999999978,6.500000000000002e-05,-0.9778316666666448,0.9778416666666444,1.666666666666666e-05,0.977784999999977,5.6787499999997965e-05,,0.4889433291666707,5.6538736754442346e-05,0.5,30408
0.52,ascending,1.0,0.15,20,20,<2>par,1035,0.7,-2.0806334374999995,0.1742471428571428,0.970613333333316,0.0001616666666666,-0.9706066666666496,0.9709183333333168,1e-05,0.9705049999999832,7.284583333333095e-05,,0.4853525291666681,7.353382361425005e-05,0.5,31058
0.52,ascending,1.0,0.15,20,20,<2>par,1035,0.8,-2.0999084374999994,0.1993821874999999,0.960838333333324,0.000335,-0.9606416666666574,0.9610116666666556,5.333333333333333e-05,0.96056999999999,0.0001043208333333,,0.480366012500002,9.72734084749531e-05,0.5,31351
0.52,ascending,1.0,0.15,20,20,<2>par,1035,0.86,-2.1109590625,0.214872238372093,0.9533399999999944,0.0003833333333333,-0.953031666666661,0.9533799999999948,1.3333333333333328e-05,0.9527733333333293,0.0001207749999999,,0.4765439666666661,0.0001238903442743,0.5,31571
0.52,ascending,1.0,0.15,20,20,<2>par,1035,0.87,-2.1119960000000004,0.2169594827586207,0.9525066666666624,0.000195,-0.9523633333333288,0.9524683333333284,-1.833333333333333e-05,0.9521966666666624,0.0001221874999999,,0.4761863041666673,0.0001255213636013,0.5,31972
0.52,ascending,1.0,0.15,20,20,<2>par,1035,0.88,-2.1163834999999995,0.2200890624999999,0.9511383333333272,0.0005116666666666,-0.9508316666666612,0.951091666666661,0.0001166666666666,0.9506699999999966,0.0001327541666666,,0.4754781041666659,0.0001199998035651,0.5,32014
0.52,ascending,1.0,0.15,20,20,<2>par,1035,0.89,-2.115722999999999,0.2218602528089887,0.9487666666666644,0.0005499999999999,-0.9483299999999992,0.9486499999999982,2.333333333333333e-05,0.9480483333333316,0.0001345249999999,,0.4741698666666682,0.0001399905487065,0.5,32521
0.52,ascending,1.0,0.15,20,20,<2>par,1035,0.9,-2.121568625,0.2245876388888888,0.950899999999996,0.0004233333333333,-0.950619999999996,0.9508816666666629,4.999999999999984e-06,0.9503833333333284,0.0001265291666666,,0.4753313208333337,0.0001272898429412,0.5,32162
0.52,ascending,1.0,0.15,20,20,<2>par,1035,0.91,-2.1219268124999995,0.2275891483516483,0.9487799999999968,0.0003833333333333,-0.9484983333333304,0.948674999999996,2.5e-05,0.948354999999996,0.0001401708333333,,0.4742450291666668,0.0001368445059983,0.5,32203
0.52,ascending,1.0,0.15,20,20,<2>par,1035,0.92,-2.1259689374999997,0.2305436141304347,0.9467899999999976,0.0004349999999999,-0.946524999999999,0.9468583333333302,-8.333333333333337e-06,0.9463499999999972,0.0001363041666666,,0.4733058208333339,0.0001425295873044,0.5,32307
0.52,ascending,1.0,0.15,20,20,<2>par,1035,0.93,-2.1264286875,0.2326038978494623,0.9448866666666648,0.0004816666666666,-0.9445099999999994,0.9449549999999988,0.0001516666666666,0.9443349999999984,0.0001390625,,0.4723118124999989,0.0001363892529155,0.5,32512
0.52,ascending,1.0,0.15,20,20,<2>par,1035,0.9351,-2.1300009375,0.2336649823548283,0.946049999999998,0.0003849999999999,-0.9456183333333328,0.946171666666665,1.666666666666667e-05,0.9456216666666648,0.0001475875,,0.4728973291666674,0.0001349692966233,0.5,31976
0.52,ascending,1.0,0.15,20,20,<2>par,1035,0.94,-2.130192874999999,0.2356101063829787,0.9433133333333332,0.0003583333333333,-0.9430999999999992,0.943504999999999,-7.333333333333337e-05,0.9428033333333328,0.0001475124999999,,0.4715385874999994,0.000145299872487,0.5,32521
0.52,ascending,1.0,0.15,20,20,<2>par,1035,0.95,-2.130672187499999,0.2368294736842105,0.9437816666666649,0.0005183333333333,-0.943406666666666,0.9436766666666654,2.5e-05,0.9430549999999996,0.0001542249999999,,0.4717336833333332,0.0001510937047097,0.5,32703
0.52,ascending,1.0,0.15,20,20,<2>par,1035,0.96,-2.1353799374999998,0.2406912760416666,0.9425166666666612,0.0006299999999999,-0.9420833333333298,0.942519999999996,-3.333333333333319e-06,0.9417033333333292,0.0001549083333333,,0.471019975,0.000160237260969,0.5,32749
0.52,ascending,1.0,0.15,20,20,<2>par,1035,0.97,-2.138665125,0.2432462628865979,0.9425983333333304,0.0005766666666666,-0.9422849999999992,0.9426549999999988,-8.333333333333332e-06,0.942003333333331,0.0001404791666666,,0.4711560458333327,0.0001534786406202,0.5,32849
0.52,ascending,1.0,0.15,20,20,<2>par,1035,0.98,-2.1398831875,0.2448182397959183,0.940038333333334,0.0003699999999999,-0.9396416666666676,0.94002,5.3333333333333326e-05,0.939378333333334,0.0001589416666666,,0.4698223250000002,0.0001564455284351,0.5,32458
0.52,ascending,1.0,0.15,20,20,<2>par,1035,0.99,-2.142837249999999,0.2486671717171717,0.9389433333333328,0.0004566666666666,-0.9386283333333342,0.9389566666666672,-8.333333333333324e-06,0.937976666666668,0.0001642499999999,,0.4691952333333336,0.0001662053048431,0.5,32601
0.52,ascending,1.0,0.15,20,20,<2>par,1035,1.0,-2.145233125,0.250359375,0.9385033333333324,0.0005766666666666,-0.9384266666666686,0.9384333333333345,2.5000000000000008e-05,0.9378333333333352,0.0001633333333333,,0.469097316666667,0.0001701024617356,0.5,32741
0.52,ascending,1.0,0.15,20,20,<2>par,1035,1.01,-2.146379874999999,0.2529861386138614,0.9363166666666688,0.0005733333333333,-0.935803333333334,0.9361533333333336,7.333333333333336e-05,0.9356283333333338,0.0001661083333333,,0.4679405083333343,0.0001664821723314,0.5,32855
0.52,ascending,1.0,0.15,20,20,<2>par,1035,1.02,-2.1513728125,0.255804656862745,0.9363933333333324,0.0007949999999999,-0.9358866666666682,0.936423333333336,4.6666666666666685e-05,0.9356166666666688,0.0001686916666666,,0.4679360916666661,0.0001656008302235,0.5,33092
0.52,ascending,1.0,0.15,20,20,<2>par,1035,1.1,-2.17117575,0.2768878409090909,0.923643333333339,0.0009166666666666,-0.923311666666672,0.9237866666666704,-5.166666666666666e-05,0.9224416666666708,0.0001962916666666,,0.4615161833333332,0.0001999027167614,0.5,33573
0.52,ascending,1.0,0.15,20,20,<2>par,1035,1.2,-2.200562562499999,0.3026838541666666,0.9067850000000076,0.0013666666666666,-0.905691666666674,0.9066966666666756,5.500000000000005e-05,0.904993333333342,0.0002520083333333,,0.4527796333333348,0.0002456701397869,0.5,34208
0.52,ascending,1.0,0.15,20,20,<2>par,1036,0.05,-2.02055175,0.0126375,0.9998316666666645,0.0,-0.9998316666666645,0.9998316666666645,0.0,0.9998316666666645,4.208333333333331e-07,,0.4999162541666671,4.208333333333292e-07,0.5,27020
0.52,ascending,1.0,0.15,20,20,<2>par,1036,0.1,-2.0188490625,0.0251637499999999,0.999351666666658,0.0,-0.999351666666658,0.999351666666658,0.0,0.999351666666658,1.6541666666666712e-06,,0.4996775041666683,1.5845491502812431e-06,0.5,27569
0.52,ascending,1.0,0.15,20,20,<2>par,1036,0.2,-2.025401499999999,0.04875875,0.9974299999999692,0.0,-0.9974266666666358,0.9974266666666358,-1.6666666666666669e-06,0.997424999999969,6.616666666666651e-06,,0.4987188250000062,6.530293790963556e-06,0.5,27986
0.52,ascending,1.0,0.15,20,20,<2>par,1036,0.3,-2.0302614375,0.0736741666666666,0.9939849999999628,3.3333333333333333e-06,-0.9939716666666296,0.9940816666666294,-3.3333333333333337e-06,0.9939749999999627,1.3962499999999713e-05,,0.4970050291666764,1.5385444074202902e-05,0.5,28655
0.52,ascending,1.0,0.15,20,20,<2>par,1036,0.4,-2.0385759375,0.0987499999999999,0.9900583333332996,1.6666666666666664e-05,-0.9900216666666336,0.9900399999999668,3.333333333333333e-06,0.9900216666666332,2.551666666666595e-05,,0.4950410000000068,2.5851236754442345e-05,0.5,28865
0.52,ascending,1.0,0.15,20,20,<2>par,1036,0.5,-2.0516458125,0.1247427499999999,0.9843483333333092,4.000000000000001e-05,-0.9843383333333088,0.9843249999999752,-3.3333333333333337e-06,0.9843466666666422,4.055416666666537e-05,,0.4922089791666704,3.777290219921353e-05,0.5,29654
0.52,ascending,1.0,0.15,20,20,<2>par,1036,0.6,-2.06484,0.1492472916666666,0.9769783333333116,0.0001033333333333,-0.9769199999999788,0.9770083333333128,-1.6666666666666664e-05,0.9768849999999788,6.182916666666431e-05,,0.4884938708333367,5.866789048102584e-05,0.5,30355
0.52,ascending,1.0,0.15,20,20,<2>par,1036,0.7,-2.0802718125,0.1744123214285714,0.9696366666666514,0.0001,-0.9696049999999852,0.9697016666666508,-5.0000000000000016e-05,0.9694799999999856,7.698749999999738e-05,,0.4848294708333355,7.806431078533851e-05,0.5,31131
0.52,ascending,1.0,0.15,20,20,<2>par,1036,0.8,-2.099429749999999,0.1997324999999999,0.959158333333326,0.0002116666666666,-0.9589433333333262,0.9590083333333272,4.666666666666668e-05,0.958704999999993,0.0001000541666666,,0.4794919625000003,0.0001003230925245,0.5,31496
0.52,ascending,1.0,0.15,20,20,<2>par,1036,0.86,-2.1128325,0.2147494186046511,0.9534283333333282,0.0001966666666666,-0.9530833333333286,0.9533616666666608,-4e-05,0.9529616666666628,0.0001201791666666,,0.476606329166667,0.0001204365871933,0.5,31948
0.52,ascending,1.0,0.15,20,20,<2>par,1036,0.87,-2.114494,0.2183663793103448,0.951791666666659,0.0004816666666666,-0.9512433333333276,0.951884999999994,1.4999999999999983e-05,0.9510633333333274,0.0001204291666666,,0.4756870208333335,0.000123808839609,0.5,32277
0.52,ascending,1.0,0.15,20,20,<2>par,1036,0.88,-2.115306875,0.2201264204545454,0.9516849999999968,0.0003999999999999,-0.9515749999999976,0.9516983333333306,3.500000000000002e-05,0.951411666666664,0.0001216791666666,,0.4758429708333336,0.0001215926712207,0.5,32101
0.52,ascending,1.0,0.15,20,20,<2>par,1036,0.89,-2.1170798125,0.2219002808988764,0.9490849999999972,0.0003916666666666,-0.9487033333333308,0.9489166666666627,3.833333333333335e-05,0.948616666666662,0.0001278,,0.4744006249999998,0.0001341578769299,0.5,32014
0.52,ascending,1.0,0.15,20,20,<2>par,1036,0.9,-2.1201910625,0.2254073611111111,0.9492999999999944,0.0002966666666666,-0.94907333333333,0.9494483333333288,0.0001833333333333,0.948876666666663,0.0001256041666666,,0.474567629166667,0.0001291024396313,0.5,31576
0.52,ascending,1.0,0.15,20,20,<2>par,1036,0.91,-2.1232165,0.2273902472527472,0.9478983333333296,0.0003433333333333,-0.9477449999999968,0.948031666666662,3.666666666666668e-05,0.9475699999999968,0.0001301208333333,,0.473877145833333,0.0001374552340332,0.5,32204
0.52,ascending,1.0,0.15,20,20,<2>par,1036,0.92,-2.1256946875,0.2307921195652174,0.947079999999997,0.0003933333333333,-0.9468666666666662,0.947224999999998,7.833333333333336e-05,0.9466683333333322,0.0001358458333333,,0.4734520874999993,0.0001379133850385,0.5,32200
0.52,ascending,1.0,0.15,20,20,<2>par,1036,0.93,-2.12830575,0.2323170698924731,0.9460516666666622,0.0004449999999999,-0.945944999999998,0.9462283333333312,1.666666666666657e-06,0.9455833333333312,0.0001327625,,0.4729153958333332,0.0001458689529049,0.5,32868
0.52,ascending,1.0,0.15,20,20,<2>par,1036,0.9351,-2.1277013125,0.2335492193348304,0.946121666666664,0.0003883333333333,-0.9459099999999973,0.94615333333333,-3.166666666666667e-05,0.945483333333331,0.0001480416666666,,0.4729678000000002,0.0001382120146617,0.5,32086
0.52,ascending,1.0,0.15,20,20,<2>par,1036,0.94,-2.12900275,0.2353590425531915,0.9455399999999984,0.0005366666666666,-0.945211666666664,0.945544999999996,0.0001,0.944771666666664,0.0001313458333333,,0.4725649124999992,0.0001397473022881,0.5,32389
0.52,ascending,1.0,0.15,20,20,<2>par,1036,0.95,-2.130873499999999,0.2375510526315789,0.9430283333333336,0.0004616666666666,-0.942798333333332,0.9432416666666668,-6.333333333333335e-05,0.9424916666666676,0.0001347624999999,,0.4713822374999994,0.0001469861357326,0.5,32502
0.52,ascending,1.0,0.15,20,20,<2>par,1036,0.96,-2.133572875,0.2401734374999999,0.944035,0.0003383333333333,-0.9434966666666644,0.9442783333333328,-6.000000000000004e-05,0.9432149999999992,0.0001430791666666,,0.4717863624999993,0.0001554493932583,0.5,32869
0.52,ascending,1.0,0.15,20,20,<2>par,1036,0.97,-2.1368944375,0.242824355670103,0.9424833333333348,0.0003899999999999,-0.9421199999999982,0.9422466666666666,9.000000000000005e-05,0.9417900000000012,0.0001552583333333,,0.4710973250000013,0.0001518786067426,0.5,32685
0.52,ascending,1.0,0.15,20,20,<2>par,1036,0.98,-2.139350999999999,0.2458940051020408,0.9395033333333356,0.0005399999999999,-0.9392200000000012,0.9397766666666676,6.666666666666668e-05,0.9389200000000006,0.0001508749999999,,0.4696392916666663,0.0001631808480511,0.5,32864
0.52,ascending,1.0,0.15,20,20,<2>par,1036,0.99,-2.1410726250000005,0.2486070707070707,0.9380766666666648,0.0006499999999999,-0.9374733333333328,0.9377849999999996,2.333333333333332e-05,0.9371416666666664,0.0001651791666666,,0.468813229166665,0.0001676291278464,0.5,32727
0.52,ascending,1.0,0.15,20,20,<2>par,1036,1.0,-2.1444540625000004,0.251117125,0.9366449999999996,0.0005449999999999,-0.9362599999999984,0.9366533333333326,7.16666666666667e-05,0.9358949999999988,0.0001643083333333,,0.4681185250000003,0.0001645977537488,0.5,32670
0.52,ascending,1.0,0.15,20,20,<2>par,1036,1.01,-2.1462153749999997,0.2537498762376237,0.937093333333334,0.0005433333333333,-0.9366550000000003,0.9367650000000008,4.333333333333333e-05,0.9361800000000008,0.0001570375,,0.4682670041666683,0.0001642255949683,0.5,32881
0.52,ascending,1.0,0.15,20,20,<2>par,1036,1.02,-2.148359999999999,0.2561248774509803,0.9360033333333369,0.0007099999999999,-0.9358016666666704,0.9358833333333366,1.0000000000000006e-05,0.9352966666666702,0.000167725,,0.4678000666666662,0.0001667880481507,0.5,32646
0.52,ascending,1.0,0.15,20,20,<2>par,1036,1.1,-2.1718165625,0.2765920454545454,0.923135000000002,0.0008366666666666,-0.9224766666666688,0.9235016666666704,-0.0001883333333333,0.9220183333333356,0.0002056541666666,,0.461214137500001,0.000195184508442,0.5,33780
0.52,ascending,1.0,0.15,20,20,<2>par,1036,1.2,-2.1990385625,0.3030345833333333,0.9093283333333404,0.0013883333333333,-0.9085650000000092,0.9091883333333408,8.000000000000005e-05,0.9074200000000078,0.0002549374999999,,0.4540692208333338,0.0002393934934468,0.5,34046
0.52,ascending,1.0,0.15,20,20,<2>par,1037,0.05,-2.019685687499999,0.0122849999999999,0.9998949999999984,0.0,-0.9998949999999984,0.9998949999999984,0.0,0.9998949999999984,2.6250000000000013e-07,,0.4999477625000005,2.625e-07,0.5,27172
0.52,ascending,1.0,0.15,20,20,<2>par,1037,0.1,-2.021759874999999,0.0251987499999999,0.9994466666666606,0.0,-0.9994466666666606,0.9994466666666606,0.0,0.9994466666666606,1.4083333333333314e-06,,0.4997247166666685,1.4083333333333306e-06,0.5,27511
0.52,ascending,1.0,0.15,20,20,<2>par,1037,0.2,-2.0248399374999995,0.049655,0.997359999999972,-1.6666666666666669e-06,-0.9973783333333052,0.997359999999972,0.0,0.997359999999972,6.933333333333285e-06,,0.4986873750000069,6.9006627235468456e-06,0.5,27913
0.52,ascending,1.0,0.15,20,20,<2>par,1037,0.3,-2.031348875,0.0743466666666666,0.993931666666628,1.3333333333333332e-05,-0.9938733333332952,0.9938699999999616,-5e-06,0.9938683333332948,1.577499999999961e-05,,0.4969517750000071,1.5521960457629908e-05,0.5,28641
0.52,ascending,1.0,0.15,20,20,<2>par,1037,0.4,-2.0407326249999995,0.0984946874999999,0.9901033333332976,1.1666666666666668e-05,-0.990099999999965,0.9901366666666316,-1e-05,0.9901133333332984,2.6866666666665872e-05,,0.4950575500000078,2.5105792069291304e-05,0.5,28811
0.52,ascending,1.0,0.15,20,20,<2>par,1037,0.5,-2.0510156875,0.1245114999999999,0.984484999999972,6.833333333333336e-05,-0.984458333333306,0.9845616666666392,1.833333333333333e-05,0.9844816666666384,4.094583333333212e-05,,0.4922726458333372,3.992478379444752e-05,0.5,29829
0.52,ascending,1.0,0.15,20,20,<2>par,1037,0.6,-2.064425937499999,0.1490091666666666,0.9774766666666465,6.66666666666667e-05,-0.9774283333333132,0.9774299999999804,-1.3333333333333332e-05,0.97741999999998,5.5374999999998026e-05,,0.4887688083333372,5.518895295999494e-05,0.5,30216
0.52,ascending,1.0,0.15,20,20,<2>par,1037,0.7,-2.0818880625,0.1742460714285714,0.968903333333318,0.0001833333333333,-0.968848333333318,0.968999999999984,-5.782411586589358e-22,0.9687766666666504,7.794999999999753e-05,,0.4844788500000016,8.160589675676554e-05,0.5,31077
0.52,ascending,1.0,0.15,20,20,<2>par,1037,0.8,-2.09988775,0.1991109374999999,0.9590683333333258,0.0002583333333333,-0.9588899999999924,0.9592233333333272,5.0000000000000016e-05,0.9586299999999932,0.0001068999999999,,0.4794480666666678,0.0001043564547928,0.5,31387
0.52,ascending,1.0,0.15,20,20,<2>par,1037,0.86,-2.1117846875,0.2154526162790697,0.9536666666666616,0.0001766666666666,-0.953498333333328,0.953771666666662,-2.499999999999998e-05,0.9534499999999952,0.0001181291666666,,0.4767818208333344,0.0001241766493948,0.5,32253
0.52,ascending,1.0,0.15,20,20,<2>par,1037,0.87,-2.1131216875,0.2190255747126436,0.9516199999999968,0.0004199999999999,-0.9513316666666628,0.9516083333333284,1.8333333333333336e-05,0.9511133333333294,0.0001257625,,0.4756925124999992,0.0001266601761083,0.5,31883
0.52,ascending,1.0,0.15,20,20,<2>par,1037,0.88,-2.1152050624999994,0.2202463068181817,0.9523066666666606,0.000265,-0.9520533333333284,0.952219999999994,5.500000000000001e-05,0.951883333333328,0.0001237166666666,,0.476073991666666,0.0001216773330559,0.5,32323
0.52,ascending,1.0,0.15,20,20,<2>par,1037,0.89,-2.120472625,0.2235216292134831,0.9503883333333308,0.0003699999999999,-0.9501566666666632,0.9502583333333308,-4.1666666666666686e-05,0.9498866666666635,0.0001230291666666,,0.4750688958333326,0.0001272785538155,0.5,32113
0.52,ascending,1.0,0.15,20,20,<2>par,1037,0.9,-2.1207509374999995,0.22494625,0.948209999999996,0.0004633333333333,-0.9477949999999948,0.9480649999999968,-9.999999999999987e-06,0.9475799999999964,0.0001361375,,0.4739170875000005,0.0001394600455406,0.5,32275
0.52,ascending,1.0,0.15,20,20,<2>par,1037,0.91,-2.122027187499999,0.2270446428571428,0.9467799999999994,0.0004399999999999,-0.946484999999999,0.9470316666666648,9.333333333333336e-05,0.946226666666666,0.0001451958333333,,0.4733105958333349,0.0001397287422529,0.5,32220
0.52,ascending,1.0,0.15,20,20,<2>par,1037,0.92,-2.1274987499999995,0.2302289402173912,0.9465333333333285,0.0004266666666666,-0.946248333333331,0.946438333333329,-9.000000000000005e-05,0.9460583333333304,0.0001310124999999,,0.4731201541666676,0.0001415535069978,0.5,32542
0.52,ascending,1.0,0.15,20,20,<2>par,1037,0.93,-2.127981249999999,0.2330645161290322,0.945516666666663,0.00033,-0.945079999999997,0.9453366666666646,5e-05,0.9448949999999964,0.0001495333333333,,0.4726172916666672,0.000140706843441,0.5,32292
0.52,ascending,1.0,0.15,20,20,<2>par,1037,0.9351,-2.1278184375,0.2332314725697786,0.944073333333333,0.0004833333333333,-0.943826666666666,0.9442933333333324,1.1666666666666665e-05,0.94356,0.0001540166666666,,0.4719335583333329,0.0001436728085638,0.5,32968
0.52,ascending,1.0,0.15,20,20,<2>par,1037,0.94,-2.1299376875,0.2358102393617021,0.9469166666666649,0.0003549999999999,-0.946451666666666,0.9468533333333324,8.833333333333337e-05,0.9464549999999984,0.0001454916666666,,0.4732948416666664,0.0001403865662558,0.5,32272
0.52,ascending,1.0,0.15,20,20,<2>par,1037,0.95,-2.1327368749999995,0.2373576315789473,0.9432816666666676,0.0003566666666666,-0.9427899999999994,0.9433516666666658,2.1666666666666647e-05,0.9425366666666648,0.0001520541666666,,0.4714039791666669,0.0001494963685439,0.5,32338
0.52,ascending,1.0,0.15,20,20,<2>par,1037,0.96,-2.1331826875,0.240005859375,0.9422666666666653,0.0005666666666666,-0.9418950000000011,0.9426383333333336,4.166666666666667e-05,0.9416650000000006,0.0001487208333333,,0.470991970833334,0.0001581048404423,0.5,32342
0.52,ascending,1.0,0.15,20,20,<2>par,1037,0.97,-2.1367993125,0.2429121134020618,0.9426333333333318,0.0004516666666666,-0.9421383333333316,0.9423066666666636,-1.5000000000000007e-05,0.9418783333333314,0.000145225,,0.4711143500000005,0.0001494595392649,0.5,32743
0.52,ascending,1.0,0.15,20,20,<2>par,1037,0.98,-2.1406795624999995,0.2447493622448979,0.9413849999999978,0.0004049999999999,-0.9412033333333324,0.9413883333333316,6.333333333333335e-05,0.9407449999999984,0.0001506958333333,,0.4705475041666677,0.0001458111486727,0.5,32659
0.52,ascending,1.0,0.15,20,20,<2>par,1037,0.99,-2.1423651874999994,0.2475989898989899,0.9380833333333364,0.0005016666666666,-0.9376733333333336,0.9381533333333364,8.16666666666667e-05,0.9373233333333356,0.0001607666666666,,0.4688838333333333,0.000156926828668,0.5,32851
0.52,ascending,1.0,0.15,20,20,<2>par,1037,1.0,-2.148322875,0.251226625,0.9357999999999982,0.0005583333333333,-0.9352933333333332,0.9361233333333334,-1.6666666666666476e-06,0.9349399999999998,0.0001704416666666,,0.4676398166666661,0.0001730560771968,0.5,32947
0.52,ascending,1.0,0.15,20,20,<2>par,1037,1.01,-2.1462575000000004,0.2539222772277227,0.9357966666666668,0.0004749999999999,-0.935476666666668,0.936275,-8.333333333333327e-06,0.9352400000000002,0.0001650791666666,,0.4677468875000011,0.0001677820737534,0.5,33005
0.52,ascending,1.0,0.15,20,20,<2>par,1037,1.02,-2.150765375,0.2569938725490195,0.9341299999999996,0.0006133333333333,-0.933486666666666,0.9341433333333328,-2e-05,0.9334350000000002,0.0001724083333333,,0.4668377999999994,0.0001715562256472,0.5,32775
0.52,ascending,1.0,0.15,20,20,<2>par,1037,1.1,-2.1705051874999994,0.2772377272727272,0.9243300000000052,0.0009233333333333,-0.923746666666674,0.924268333333338,5e-06,0.9232350000000048,0.0001997958333333,,0.4617926708333348,0.000185063114739,0.5,33558
0.52,ascending,1.0,0.15,20,20,<2>par,1037,1.2,-2.1992855,0.3023560416666666,0.9102216666666728,0.0009883333333333,-0.9092200000000076,0.9099383333333404,0.0001033333333333,0.9086483333333422,0.0002196208333333,,0.4545005291666662,0.0002480904421311,0.5,34007
0.52,ascending,1.0,0.15,20,20,<2>par,1038,0.05,-2.0196073125,0.0124774999999999,0.999853333333331,0.0,-0.999853333333331,0.999853333333331,0.0,0.999853333333331,3.6666666666666667e-07,,0.4999270333333342,3.6666666666666513e-07,0.5,27147
0.52,ascending,1.0,0.15,20,20,<2>par,1038,0.1,-2.02103125,0.0250075,0.9993866666666577,0.0,-0.9993866666666577,0.9993866666666577,-3.3333333333333333e-06,0.9993866666666577,1.5750000000000025e-06,,0.4996949583333357,1.5275751416197828e-06,0.5,27371
0.52,ascending,1.0,0.15,20,20,<2>par,1038,0.2,-2.0247774375,0.0492837499999999,0.9977199999999724,-1.6666666666666669e-06,-0.9977149999999724,0.9977149999999724,0.0,0.9977149999999724,5.954166666666698e-06,,0.4988636458333407,5.877110740869788e-06,0.5,27699
0.52,ascending,1.0,0.15,20,20,<2>par,1038,0.3,-2.0302991875,0.07450125,0.9945316666666306,0.0,-0.9945383333332972,0.9945666666666306,0.0,0.9945299999999644,1.3341666666666377e-05,,0.4972807416666742,1.3314876818822796e-05,0.5,28463
0.52,ascending,1.0,0.15,20,20,<2>par,1038,0.4,-2.040610999999999,0.099280625,0.9897416666666312,1.1666666666666668e-05,-0.9897316666666304,0.989729999999964,5.782411586589358e-22,0.9897299999999642,2.5541666666665867e-05,,0.4948844666666752,2.5547028212786048e-05,0.5,29036
0.52,ascending,1.0,0.15,20,20,<2>par,1038,0.5,-2.050904374999999,0.1244224999999999,0.9845766666666416,5.782411586589358e-22,-0.9845516666666418,0.9845983333333086,1e-05,0.9845049999999752,3.92291666666654e-05,,0.4922896958333394,3.818806603348431e-05,0.5,29699
0.52,ascending,1.0,0.15,20,20,<2>par,1038,0.6,-2.0632990625,0.1494277083333333,0.9774499999999812,6.000000000000002e-05,-0.9772599999999796,0.977483333333313,1.3333333333333332e-05,0.9772583333333138,5.840833333333123e-05,,0.488687575000004,5.607212984552102e-05,0.5,30423
0.52,ascending,1.0,0.15,20,20,<2>par,1038,0.7,-2.0797023125,0.1745226785714285,0.9689549999999836,7.333333333333337e-05,-0.9688833333333168,0.9690916666666496,-1.5e-05,0.9688449999999836,7.710416666666415e-05,,0.4844917291666689,7.876499938905234e-05,0.5,30849
0.52,ascending,1.0,0.15,20,20,<2>par,1038,0.8,-2.09829975,0.19937140625,0.9592266666666582,0.0002216666666666,-0.9588883333333238,0.9591566666666578,-6.6666666666666616e-06,0.9588266666666584,0.0001072083333333,,0.4795220916666681,0.0001021567079307,0.5,31309
0.52,ascending,1.0,0.15,20,20,<2>par,1038,0.86,-2.1115795000000004,0.2158590116279069,0.9535499999999968,0.0003649999999999,-0.9532566666666638,0.953726666666662,0.000135,0.953164999999996,0.0001246999999999,,0.4766662833333336,0.0001215816093527,0.5,31738
0.52,ascending,1.0,0.15,20,20,<2>par,1038,0.87,-2.1131151874999987,0.2171206896551724,0.9529849999999932,0.0003283333333333,-0.9526799999999936,0.9528199999999938,-1.6666666666666764e-06,0.9525116666666616,0.0001223166666666,,0.4763844916666666,0.0001198416247916,0.5,32176
0.52,ascending,1.0,0.15,20,20,<2>par,1038,0.88,-2.117028624999999,0.2203958806818181,0.9521616666666616,0.0002716666666666,-0.9517833333333297,0.9520916666666616,-4.500000000000001e-05,0.9516766666666626,0.0001162874999999,,0.4759342125000007,0.0001279412083753,0.5,32234
0.52,ascending,1.0,0.15,20,20,<2>par,1038,0.89,-2.1176422500000003,0.2220182584269662,0.9511049999999952,0.000315,-0.9508083333333284,0.951013333333327,3.333333333333334e-05,0.950573333333327,0.0001270499999999,,0.4754183000000007,0.0001252271735533,0.5,32573
0.52,ascending,1.0,0.15,20,20,<2>par,1038,0.9,-2.1230113125,0.2263368055555555,0.9489149999999976,0.0003499999999999,-0.948571666666664,0.9489883333333284,5.000000000000004e-05,0.9483133333333306,0.0001354541666666,,0.4743063291666661,0.0001302904348548,0.5,32063
0.52,ascending,1.0,0.15,20,20,<2>par,1038,0.91,-2.1242654375,0.2274041208791208,0.9474566666666664,0.0004083333333333,-0.9471600000000002,0.9474799999999974,8.333333333333339e-06,0.9469566666666644,0.0001327416666666,,0.4736337166666683,0.0001307936887148,0.5,32430
0.52,ascending,1.0,0.15,20,20,<2>par,1038,0.92,-2.1234613125,0.2303236413043478,0.9458899999999992,0.0004499999999999,-0.9453999999999968,0.945609999999997,6.666666666666676e-06,0.9451616666666643,0.0001408499999999,,0.472727308333335,0.0001430585895259,0.5,32478
0.52,ascending,1.0,0.15,20,20,<2>par,1038,0.93,-2.129086749999999,0.2332291666666666,0.9460949999999966,0.0003849999999999,-0.945826666666664,0.9461849999999976,0.0001483333333333,0.9457016666666646,0.0001360291666666,,0.4729216291666664,0.0001440471408976,0.5,32501
0.52,ascending,1.0,0.15,20,20,<2>par,1038,0.9351,-2.1290694375,0.2333516468826863,0.9455783333333302,0.0004149999999999,-0.9449683333333312,0.9453966666666642,4.166666666666666e-05,0.9447933333333318,0.0001432916666666,,0.4725412416666672,0.0001419098232256,0.5,32685
0.52,ascending,1.0,0.15,20,20,<2>par,1038,0.94,-2.1297134374999995,0.2350021276595744,0.9453699999999988,0.0004366666666666,-0.9445749999999984,0.9452916666666662,-0.00015,0.9445983333333324,0.0001435208333333,,0.4724182458333346,0.0001468329945575,0.5,32500
0.52,ascending,1.0,0.15,20,20,<2>par,1038,0.95,-2.1313413124999987,0.2379176315789473,0.9426299999999964,0.0004416666666666,-0.9423683333333298,0.9426399999999964,-4.999999999999984e-06,0.9421799999999974,0.0001551166666666,,0.4712013333333338,0.0001483668939243,0.5,32725
0.52,ascending,1.0,0.15,20,20,<2>par,1038,0.96,-2.1355749374999995,0.241246875,0.942718333333332,0.0002766666666666,-0.94213,0.9424683333333308,-3.833333333333336e-05,0.9419166666666652,0.0001438208333333,,0.4711277875000004,0.0001521071205711,0.5,32892
0.52,ascending,1.0,0.15,20,20,<2>par,1038,0.97,-2.1385465624999997,0.2442024484536082,0.9399533333333316,0.0004499999999999,-0.939196666666667,0.9395600000000012,8.333333333333327e-06,0.9391050000000002,0.00015635,,0.4696978500000003,0.0001534894980559,0.5,32861
0.52,ascending,1.0,0.15,20,20,<2>par,1038,0.98,-2.139427874999999,0.2449052295918367,0.9411733333333296,0.0003699999999999,-0.940759999999996,0.9413099999999972,4e-05,0.9404566666666638,0.0001555583333333,,0.4704054750000007,0.0001473523688214,0.5,32567
0.52,ascending,1.0,0.15,20,20,<2>par,1038,0.99,-2.1421463125000004,0.2485781565656565,0.936978333333333,0.0005699999999999,-0.9363049999999994,0.9367583333333336,-5.000000000000005e-06,0.9361033333333312,0.0001584958333333,,0.4682262541666674,0.0001668996821617,0.5,32902
0.52,ascending,1.0,0.15,20,20,<2>par,1038,1.0,-2.144197875,0.2506874999999999,0.935366666666667,0.0004983333333333,-0.9348366666666692,0.9354016666666678,-6.000000000000004e-05,0.9347116666666684,0.0001697541666666,,0.4675051458333345,0.000165181982006,0.5,32826
0.52,ascending,1.0,0.15,20,20,<2>par,1038,1.01,-2.147391499999999,0.2534602722772277,0.936208333333332,0.0007549999999999,-0.935633333333333,0.9361383333333316,1.333333333333334e-05,0.9352533333333334,0.0001663125,,0.4678220208333322,0.0001754445059983,0.5,33199
0.52,ascending,1.0,0.15,20,20,<2>par,1038,1.02,-2.1487294375,0.2561993872549019,0.9350166666666636,0.0004683333333333,-0.9345916666666652,0.9351016666666654,7.66666666666667e-05,0.934259999999996,0.0001706041666666,,0.4672942208333338,0.0001658813531601,0.5,32936
0.52,ascending,1.0,0.15,20,20,<2>par,1038,1.1,-2.171028375,0.2760568181818181,0.9245566666666732,0.0008366666666666,-0.9240033333333412,0.924270000000007,4e-05,0.923641666666674,0.0001973749999999,,0.4619464166666657,0.0002021077654119,0.5,33457
0.52,ascending,1.0,0.15,20,20,<2>par,1038,1.2,-2.2011959999999986,0.3031430208333333,0.9086916666666756,0.0015083333333333,-0.9078216666666749,0.9086350000000076,-3.833333333333336e-05,0.9071683333333403,0.0002363791666666,,0.4537713624999992,0.000251445597357,0.5,34284
0.52,ascending,1.0,0.15,20,20,<2>par,1039,0.05,-2.018911749999999,0.01273,0.9998333333333306,0.0,-0.9998333333333306,0.9998333333333306,0.0,0.9998333333333306,4.166666666666665e-07,,0.4999170833333346,4.166666666666689e-07,0.5,27023
0.52,ascending,1.0,0.15,20,20,<2>par,1039,0.1,-2.020628187499999,0.02467125,0.999318333333326,0.0,-0.999318333333326,0.999318333333326,0.0,0.999318333333326,1.8291666666666772e-06,,0.4996609041666694,1.6274316338958264e-06,0.5,27662
0.52,ascending,1.0,0.15,20,20,<2>par,1039,0.2,-2.0261181875,0.049775625,0.9976583333333068,0.0,-0.9976583333333068,0.9976583333333068,0.0,0.9976583333333068,6.0375000000000265e-06,,0.4988355541666727,5.967561590588556e-06,0.5,28097
0.52,ascending,1.0,0.15,20,20,<2>par,1039,0.3,-2.0307075,0.0737812499999999,0.9949583333332974,5e-06,-0.9949516666666308,0.9949516666666308,-3.3333333333333333e-06,0.9949516666666308,1.2670833333333094e-05,,0.4974904791666758,1.2330184160817556e-05,0.5,28251
0.52,ascending,1.0,0.15,20,20,<2>par,1039,0.4,-2.0406695625,0.0996368749999999,0.9899983333333,2.1666666666666664e-05,-0.9899533333333004,0.9899983333332992,-1.833333333333333e-05,0.9899033333333002,2.567916666666604e-05,,0.4949867708333407,2.5902697711848647e-05,0.5,29151
0.52,ascending,1.0,0.15,20,20,<2>par,1039,0.5,-2.0505381875,0.1246029999999999,0.984559999999971,5.333333333333336e-05,-0.984563333333304,0.9846016666666376,-3.333333333333333e-06,0.9844999999999704,3.867083333333206e-05,,0.4923033208333389,3.864159891151011e-05,0.5,29444
0.52,ascending,1.0,0.15,20,20,<2>par,1039,0.6,-2.0641603124999994,0.1490710416666666,0.9781483333333147,0.00014,-0.9781266666666474,0.9782166666666476,1.1666666666666668e-05,0.9780383333333142,5.396666666666481e-05,,0.4890491916666702,5.766791141852065e-05,0.5,30489
0.52,ascending,1.0,0.15,20,20,<2>par,1039,0.7,-2.080904812499999,0.1739542857142857,0.9695766666666514,0.0001733333333333,-0.9694849999999854,0.9694716666666522,3.166666666666667e-05,0.9693199999999852,7.575416666666423e-05,,0.4847592291666681,7.644826496722928e-05,0.5,30767
0.52,ascending,1.0,0.15,20,20,<2>par,1039,0.8,-2.0983224375,0.1993181249999999,0.9600266666666566,0.0003283333333333,-0.959949999999991,0.9600666666666564,1.6666666666666667e-05,0.9597416666666562,9.717499999999842e-05,,0.4799930333333346,0.0001062957058204,0.5,31544
0.52,ascending,1.0,0.15,20,20,<2>par,1039,0.86,-2.112038125,0.2152629360465116,0.9554199999999916,0.0001133333333333,-0.9550633333333248,0.9552499999999924,0.0001066666666666,0.9551283333333266,0.0001215999999999,,0.4776173583333332,0.0001206022394205,0.5,31774
0.52,ascending,1.0,0.15,20,20,<2>par,1039,0.87,-2.1145805625000005,0.2170840517241379,0.9539116666666638,0.0002433333333333,-0.9537183333333328,0.9540099999999976,8.333333333333342e-06,0.9534399999999972,0.0001157833333333,,0.4768735666666662,0.0001220665810287,0.5,32030
0.52,ascending,1.0,0.15,20,20,<2>par,1039,0.88,-2.1151187499999997,0.2207461647727272,0.951501666666662,0.0003016666666666,-0.9512566666666624,0.9512966666666646,3.5e-05,0.9510366666666644,0.0001246333333333,,0.4755866916666664,0.0001339054144732,0.5,31952
0.52,ascending,1.0,0.15,20,20,<2>par,1039,0.89,-2.117680312500001,0.222255617977528,0.9520949999999953,0.0003233333333333,-0.9518649999999956,0.9521699999999976,-2.6666666666666653e-05,0.9516716666666644,0.0001230083333333,,0.4759954249999997,0.0001210358407197,0.5,31907
0.52,ascending,1.0,0.15,20,20,<2>par,1039,0.9,-2.1199215,0.2253108333333333,0.9506816666666628,0.00027,-0.9504599999999972,0.9507833333333292,-9.666666666666672e-05,0.9501816666666636,0.0001252583333333,,0.4752275333333337,0.0001291010593691,0.5,31982
0.52,ascending,1.0,0.15,20,20,<2>par,1039,0.91,-2.124087749999999,0.2278542582417582,0.9467766666666624,0.0003549999999999,-0.9467866666666618,0.9468666666666632,-0.0001083333333333,0.9463116666666632,0.0001265833333333,,0.4733033666666654,0.000141222918194,0.5,32442
0.52,ascending,1.0,0.15,20,20,<2>par,1039,0.92,-2.124963375,0.2305042119565217,0.9470849999999964,0.0002916666666666,-0.9467383333333292,0.9470766666666616,5.833333333333334e-05,0.9465766666666632,0.0001332166666666,,0.4734282083333333,0.0001346955592579,0.5,32307
0.52,ascending,1.0,0.15,20,20,<2>par,1039,0.93,-2.1282506249999997,0.2336977150537634,0.9448199999999968,0.0003966666666666,-0.9446783333333288,0.9449749999999948,5.833333333333337e-05,0.94439833333333,0.0001531208333333,,0.4723131791666665,0.0001498315286574,0.5,32152
0.52,ascending,1.0,0.15,20,20,<2>par,1039,0.9351,-2.1297605625,0.2346892043631696,0.945313333333334,0.0005049999999999,-0.9449950000000016,0.9453016666666668,-5.166666666666669e-05,0.9445883333333356,0.0001381458333333,,0.4724848791666661,0.0001399151847717,0.5,32427
0.52,ascending,1.0,0.15,20,20,<2>par,1039,0.94,-2.1307183124999995,0.2354026595744681,0.9432133333333348,0.0003899999999999,-0.9429483333333348,0.9431666666666686,-3.333333333333328e-06,0.9426450000000008,0.000150725,,0.471437083333333,0.0001506564498501,0.5,32497
0.52,ascending,1.0,0.15,20,20,<2>par,1039,0.95,-2.132352625,0.2379153947368421,0.9424683333333316,0.0005849999999999,-0.941926666666666,0.9420816666666642,-0.0001016666666666,0.9416549999999972,0.0001634375,,0.4709860624999996,0.0001473666278464,0.5,32758
0.52,ascending,1.0,0.15,20,20,<2>par,1039,0.96,-2.1338135624999994,0.2407648437499999,0.9435449999999982,0.0005149999999999,-0.9432049999999969,0.9435233333333298,-0.0001433333333333,0.9430549999999966,0.0001464583333333,,0.4716310916666651,0.0001499670774191,0.5,32424
0.52,ascending,1.0,0.15,20,20,<2>par,1039,0.97,-2.1379379999999992,0.2438128865979381,0.9404900000000028,0.0004799999999999,-0.9401183333333358,0.9404316666666694,-2.9999999999999987e-05,0.9397700000000024,0.0001468291666666,,0.4700602541666672,0.0001593373804845,0.5,32451
0.52,ascending,1.0,0.15,20,20,<2>par,1039,0.98,-2.141604,0.245807525510204,0.9401550000000016,0.0006533333333333,-0.9399583333333346,0.9402200000000012,-0.0001183333333333,0.9396716666666696,0.0001504916666666,,0.4699330999999997,0.0001565672806846,0.5,32679
0.52,ascending,1.0,0.15,20,20,<2>par,1039,0.99,-2.14019625,0.2484689393939393,0.9386133333333356,0.0005933333333333,-0.9379866666666696,0.93865166666667,-8.333333333333337e-05,0.9379833333333344,0.0001579041666666,,0.4691052124999992,0.0001626631737756,0.5,32957
0.52,ascending,1.0,0.15,20,20,<2>par,1039,1.0,-2.145510875,0.251063375,0.937736666666668,0.0003633333333333,-0.9372500000000016,0.9376933333333344,4.999999999999992e-06,0.9368683333333364,0.00016935,,0.4686455250000002,0.0001622907199824,0.5,32953
0.52,ascending,1.0,0.15,20,20,<2>par,1039,1.01,-2.1479132499999998,0.2530163366336633,0.9351150000000013,0.0006283333333333,-0.9346733333333338,0.935158333333335,4e-05,0.934368333333335,0.0001730458333333,,0.467330162500001,0.0001676794148618,0.5,33025
0.52,ascending,1.0,0.15,20,20,<2>par,1039,1.02,-2.149997687499999,0.2568124999999999,0.9329133333333351,0.0006933333333333,-0.932395000000001,0.9330500000000006,5.833333333333337e-05,0.93198166666667,0.0001719166666666,,0.4662236416666659,0.0001803449833391,0.5,32831
0.52,ascending,1.0,0.15,20,20,<2>par,1039,1.1,-2.1709403750000003,0.2756752272727272,0.922445000000004,0.0008449999999999,-0.921813333333336,0.922353333333337,-9.833333333333338e-05,0.9211666666666688,0.0002018916666666,,0.460815200000001,0.0001998317627457,0.5,33871
0.52,ascending,1.0,0.15,20,20,<2>par,1039,1.2,-2.1994561875,0.3033296875,0.9087833333333416,0.0012683333333333,-0.907285000000007,0.9080700000000068,-1.999999999999997e-05,0.9068816666666744,0.0002335916666666,,0.453556366666668,0.0002466225634234,0.5,34383
0.52,ascending,1.0,0.15,20,20,<2>par,1040,0.05,-2.0217936249999995,0.012095,0.9998899999999984,0.0,-0.9998899999999984,0.9998899999999984,0.0,0.9998899999999984,2.833333333333334e-07,,0.4999452750000002,2.833333333333344e-07,0.5,26981
0.52,ascending,1.0,0.15,20,20,<2>par,1040,0.1,-2.01966875,0.0241187499999999,0.99942166666666,0.0,-0.99942166666666,0.99942166666666,0.0,0.99942166666666,1.5041666666666672e-06,,0.4997123875000019,1.4753757080989496e-06,0.5,27551
0.52,ascending,1.0,0.15,20,20,<2>par,1040,0.2,-2.024879874999999,0.0493999999999999,0.997291666666637,5e-06,-0.997291666666637,0.997291666666637,0.0,0.997291666666637,6.662499999999987e-06,,0.4986533541666747,6.738715816947925e-06,0.5,27962
0.52,ascending,1.0,0.15,20,20,<2>par,1040,0.3,-2.029654875,0.0738754166666666,0.9946716666666252,-3.333333333333333e-06,-0.9946799999999584,0.9946949999999584,-5e-06,0.9946916666666246,1.3254166666666312e-05,,0.4973525375000095,1.3499767799624714e-05,0.5,28245
0.52,ascending,1.0,0.15,20,20,<2>par,1040,0.4,-2.039699687499999,0.0995890624999999,0.9902366666666323,1.666666666666666e-06,-0.9902233333332991,0.9902366666666326,-1.3333333333333332e-05,0.9902583333332988,2.3583333333332688e-05,,0.4951435000000074,2.410673381087473e-05,0.5,29196
0.52,ascending,1.0,0.15,20,20,<2>par,1040,0.5,-2.0514659375,0.1242369999999999,0.9841199999999748,4.333333333333334e-05,-0.9840949999999744,0.984166666666641,3.666666666666667e-05,0.984063333333308,3.914999999999876e-05,,0.4920587500000052,4.1679660002322535e-05,0.5,29764
0.52,ascending,1.0,0.15,20,20,<2>par,1040,0.6,-2.063784875,0.1495189583333333,0.9773766666666476,7.500000000000003e-05,-0.9774066666666478,0.9775249999999804,1.5e-05,0.9772966666666476,5.6604166666664704e-05,,0.4887092541666694,5.6618080806411366e-05,0.5,30395
0.52,ascending,1.0,0.15,20,20,<2>par,1040,0.7,-2.079818499999999,0.1740033928571428,0.9692383333333204,0.0001716666666666,-0.9692566666666532,0.9691383333333202,-4.500000000000001e-05,0.9691133333333198,7.914583333333073e-05,,0.4846120958333337,7.712976657772948e-05,0.5,31082
0.52,ascending,1.0,0.15,20,20,<2>par,1040,0.8,-2.09819725,0.1992821874999999,0.9623783333333252,0.000185,-0.962236666666657,0.9624216666666566,1.0000000000000008e-05,0.9620916666666568,0.0001014208333333,,0.4811525458333343,9.601140675328137e-05,0.5,31765
0.52,ascending,1.0,0.15,20,20,<2>par,1040,0.86,-2.1146346874999997,0.2158343023255813,0.9547483333333276,0.0003233333333333,-0.9544633333333266,0.9546683333333268,-9.833333333333338e-05,0.9542599999999928,0.0001148208333333,,0.4772497124999993,0.0001170660199379,0.5,31834
0.52,ascending,1.0,0.15,20,20,<2>par,1040,0.87,-2.113595375,0.2179762931034482,0.9527183333333302,0.0003816666666666,-0.9523883333333312,0.9525083333333292,1e-05,0.9522266666666624,0.0001230624999999,,0.4761740291666674,0.0001296570866935,0.5,31920
0.52,ascending,1.0,0.15,20,20,<2>par,1040,0.88,-2.1149956875,0.219367471590909,0.952198333333328,0.0003649999999999,-0.9519283333333276,0.9522983333333284,-6.16666666666667e-05,0.9516599999999944,0.0001243124999999,,0.4759376374999999,0.0001247113728757,0.5,32441
0.52,ascending,1.0,0.15,20,20,<2>par,1040,0.89,-2.1179292499999995,0.222166011235955,0.9498916666666628,0.0003816666666666,-0.9495316666666614,0.9498899999999963,3.1666666666666666e-05,0.9493349999999956,0.0001272333333333,,0.4747857916666677,0.0001270080931355,0.5,31967
0.52,ascending,1.0,0.15,20,20,<2>par,1040,0.9,-2.121645,0.2254048611111111,0.9489483333333306,0.000295,-0.9487783333333296,0.9489116666666632,-4.333333333333338e-05,0.9484966666666622,0.0001249624999999,,0.4743667374999996,0.0001327958333333,0.5,32209
0.52,ascending,1.0,0.15,20,20,<2>par,1040,0.91,-2.123823,0.228792445054945,0.9469749999999968,0.0004816666666666,-0.946869999999997,0.9473416666666628,-1.8333333333333336e-05,0.9467699999999968,0.0001331374999999,,0.4734590625000008,0.0001358366210709,0.5,32231
0.52,ascending,1.0,0.15,20,20,<2>par,1040,0.92,-2.1252073124999997,0.2302096467391304,0.946819999999998,0.0004333333333333,-0.9465283333333324,0.9464583333333316,8.000000000000003e-05,0.9461949999999988,0.0001350541666666,,0.4732559291666662,0.0001412131319007,0.5,32424
0.52,ascending,1.0,0.15,20,20,<2>par,1040,0.93,-2.1275492499999995,0.2336200268817204,0.9466183333333312,0.0004866666666666,-0.94636333333333,0.9467666666666644,-0.0001266666666666,0.9460783333333316,0.0001395833333333,,0.4731846666666666,0.0001382065884152,0.5,32732
0.52,ascending,1.0,0.15,20,20,<2>par,1040,0.9351,-2.127585312499999,0.2336665864613409,0.9460266666666648,0.0004249999999999,-0.9455183333333312,0.9458549999999958,3.666666666666667e-05,0.9455566666666624,0.0001412124999999,,0.4728667791666674,0.0001411171489501,0.5,32582
0.52,ascending,1.0,0.15,20,20,<2>par,1040,0.94,-2.1283596875,0.2359401595744681,0.9445966666666668,0.0004733333333333,-0.944036666666665,0.9444050000000004,5.0000000000000055e-06,0.943738333333333,0.0001442625,,0.4720482708333336,0.0001516107969568,0.5,32400
0.52,ascending,1.0,0.15,20,20,<2>par,1040,0.95,-2.1332874374999995,0.2384156578947368,0.9432383333333352,0.0003966666666666,-0.9428633333333314,0.9433199999999976,4.833333333333334e-05,0.9426116666666654,0.0001551749999999,,0.4714453416666661,0.0001558290292684,0.5,32564
0.52,ascending,1.0,0.15,20,20,<2>par,1040,0.96,-2.1340875625,0.239833984375,0.940664999999999,0.0005949999999999,-0.9403283333333337,0.9406650000000004,9.999999999999987e-06,0.9401299999999994,0.0001590708333333,,0.4702240291666663,0.0001568714313564,0.5,32531
0.52,ascending,1.0,0.15,20,20,<2>par,1040,0.97,-2.1375109999999995,0.2431649484536082,0.9419249999999983,0.0004799999999999,-0.941601666666666,0.9419183333333344,3.000000000000002e-05,0.9413983333333312,0.0001472541666666,,0.4708211458333342,0.0001539136221816,0.5,32786
0.52,ascending,1.0,0.15,20,20,<2>par,1040,0.98,-2.1394228124999994,0.2459122448979591,0.9409416666666643,0.0004299999999999,-0.9405466666666664,0.940836666666666,2.33333333333333e-05,0.9402416666666668,0.000161125,,0.4702607583333338,0.0001496723780407,0.5,32807
0.52,ascending,1.0,0.15,20,20,<2>par,1040,0.99,-2.1417470624999986,0.2471097222222222,0.9383133333333304,0.0004283333333333,-0.9381449999999966,0.9384966666666636,-1.666666666666658e-06,0.9378116666666656,0.0001625583333333,,0.4690752000000008,0.0001599616161282,0.5,33132
0.52,ascending,1.0,0.15,20,20,<2>par,1040,1.0,-2.1447410625,0.2511755,0.9367650000000024,0.0005416666666666,-0.9363833333333348,0.9368200000000004,7.66666666666667e-05,0.93603,0.0001530249999999,,0.4681745666666661,0.0001648201207373,0.5,32844
0.52,ascending,1.0,0.15,20,20,<2>par,1040,1.01,-2.147152249999999,0.2525878712871287,0.9354066666666692,0.0006666666666666,-0.9348966666666684,0.9354466666666686,1.6666666666666698e-05,0.934536666666668,0.0001595999999999,,0.4674732083333341,0.0001685863131179,0.5,33010
0.52,ascending,1.0,0.15,20,20,<2>par,1040,1.02,-2.149918375,0.2565797794117646,0.9344316666666668,0.0007216666666666,-0.9339349999999988,0.934421666666664,4.500000000000005e-05,0.933666666666666,0.0001717041666666,,0.4670090291666661,0.000173663992947,0.5,33290
0.52,ascending,1.0,0.15,20,20,<2>par,1040,1.1,-2.1697186875,0.2767571590909091,0.9237500000000062,0.0009266666666666,-0.9230366666666704,0.9238883333333396,8.000000000000003e-05,0.9227383333333392,0.0002055708333333,,0.461537337500001,0.000200787135344,0.5,33317
0.52,ascending,1.0,0.15,20,20,<2>par,1040,1.2,-2.202138562499999,0.3035478124999999,0.9093550000000092,0.0010749999999999,-0.908130000000008,0.9090266666666744,0.0002333333333333,0.9076750000000088,0.0002428333333333,,0.454063791666667,0.0002488882187054,0.5,34223
0.52,ascending,1.0,0.15,20,20,<2>par,1041,0.05,-2.0198861249999998,0.0124575,0.9998183333333294,0.0,-0.9998183333333294,0.9998183333333294,0.0,0.9998183333333294,4.541666666666663e-07,,0.4999096208333342,4.541666666666658e-07,0.5,27007
0.52,ascending,1.0,0.15,20,20,<2>par,1041,0.1,-2.02200725,0.02471625,0.9994416666666616,0.0,-0.9994416666666616,0.9994416666666616,0.0,0.9994416666666616,1.3041666666666612e-06,,0.4997222458333347,1.36750677551563e-06,0.5,27492
0.52,ascending,1.0,0.15,20,20,<2>par,1041,0.2,-2.0262137499999997,0.0489468749999999,0.9973849999999737,0.0,-0.9973933333333068,0.997383333333307,0.0,0.997388333333307,6.066666666666687e-06,,0.4986990666666738,6.710819782302067e-06,0.5,27994
0.52,ascending,1.0,0.15,20,20,<2>par,1041,0.3,-2.031066749999999,0.0739004166666666,0.9943933333332956,1.6666666666666669e-06,-0.9943999999999622,0.9943883333332956,0.0,0.9943883333332956,1.3670833333333072e-05,,0.4972118625000103,1.3805990392088306e-05,0.5,28877
0.52,ascending,1.0,0.15,20,20,<2>par,1041,0.4,-2.0391730625,0.0989068749999999,0.9898333333332968,2.6666666666666667e-05,-0.9897983333332974,0.9898583333332968,5e-06,0.9897999999999636,2.8079166666665817e-05,,0.4949232875000066,2.538351071863508e-05,0.5,29193
0.52,ascending,1.0,0.15,20,20,<2>par,1041,0.5,-2.0503191874999995,0.1229894999999999,0.9840516666666445,3.666666666666667e-05,-0.983964999999978,0.9839283333333114,4e-05,0.983914999999978,3.89374999999988e-05,,0.4920108875000056,4.028002771301023e-05,0.5,29768
0.52,ascending,1.0,0.15,20,20,<2>par,1041,0.6,-2.066414437499999,0.1488091666666666,0.9779599999999796,0.0001016666666666,-0.9779333333333124,0.9779483333333132,4e-05,0.9779266666666464,5.687916666666458e-05,,0.4890182041666702,5.615859941128633e-05,0.5,30361
0.52,ascending,1.0,0.15,20,20,<2>par,1041,0.7,-2.0809133124999994,0.1747516071428571,0.9693583333333194,6.66666666666667e-05,-0.9694199999999864,0.9694099999999856,-2.833333333333332e-05,0.9692949999999864,7.71166666666641e-05,,0.4847158166666686,7.584823108965107e-05,0.5,31220
0.52,ascending,1.0,0.15,20,20,<2>par,1041,0.8,-2.09716425,0.1999965624999999,0.9602266666666578,0.00026,-0.9601966666666591,0.9601149999999918,-1.5000000000000007e-05,0.9600816666666584,0.0001104458333333,,0.4801185375000006,0.000104275683661,0.5,31362
0.52,ascending,1.0,0.15,20,20,<2>par,1041,0.86,-2.1122134374999995,0.2143840116279069,0.9537333333333252,0.000305,-0.9536033333333253,0.9536766666666582,4e-05,0.9533216666666586,0.0001234416666666,,0.4768072249999994,0.0001218170454295,0.5,31915
0.52,ascending,1.0,0.15,20,20,<2>par,1041,0.87,-2.11400425,0.2176994252873563,0.9528366666666628,0.0003383333333333,-0.9524099999999954,0.9525333333333276,-7.000000000000003e-05,0.9522883333333292,0.0001257666666666,,0.4762499749999991,0.0001186049359656,0.5,31714
0.52,ascending,1.0,0.15,20,20,<2>par,1041,0.88,-2.115998375,0.2199586647727272,0.9525816666666596,0.000255,-0.9524016666666608,0.9525816666666588,-5.833333333333334e-05,0.9522166666666608,0.0001239041666666,,0.4762364375000009,0.0001232528492169,0.5,32064
0.52,ascending,1.0,0.15,20,20,<2>par,1041,0.89,-2.117520687499999,0.2221374999999999,0.9509299999999964,0.0003749999999999,-0.9507799999999956,0.9511216666666624,-9.000000000000005e-05,0.9504433333333298,0.0001204458333333,,0.4753175125000013,0.0001299169308566,0.5,31916
0.52,ascending,1.0,0.15,20,20,<2>par,1041,0.9,-2.1213236874999994,0.2250849999999999,0.9504749999999964,0.0003083333333333,-0.9502799999999962,0.950534999999996,-1.4999999999999992e-05,0.9500933333333296,0.0001239791666666,,0.4751270291666669,0.0001345814011445,0.5,32254
0.52,ascending,1.0,0.15,20,20,<2>par,1041,0.91,-2.1248236250000003,0.2284063186813186,0.9477766666666612,0.00032,-0.9472416666666624,0.9476083333333284,9.666666666666672e-05,0.9470016666666614,0.0001272541666666,,0.473664379166666,0.0001403287601357,0.5,32316
0.52,ascending,1.0,0.15,20,20,<2>par,1041,0.92,-2.1249493749999986,0.2304980978260869,0.945863333333329,0.0003266666666666,-0.9456583333333304,0.9460633333333296,-1.1666666666666653e-05,0.9453483333333292,0.0001400416666666,,0.4728193166666672,0.0001422321125737,0.5,32141
0.52,ascending,1.0,0.15,20,20,<2>par,1041,0.93,-2.1265670624999995,0.2329416666666666,0.9455383333333328,0.0004449999999999,-0.9453666666666648,0.9457083333333302,1.4999999999999983e-05,0.9450350000000002,0.0001495458333333,,0.4726793708333348,0.0001391861067977,0.5,32272
0.52,ascending,1.0,0.15,20,20,<2>par,1041,0.9351,-2.124831375,0.2344202491712116,0.9449949999999993,0.0005133333333333,-0.9447666666666662,0.9450966666666668,3.3333333333333335e-05,0.9445383333333336,0.0001359999999999,,0.4724030499999992,0.0001433871113518,0.5,32567
0.52,ascending,1.0,0.15,20,20,<2>par,1041,0.94,-2.128721687499999,0.2356875,0.9438083333333316,0.0005449999999999,-0.9434883333333336,0.9436150000000024,9.166666666666672e-05,0.9431866666666692,0.0001507124999999,,0.471728120833333,0.0001499813900924,0.5,32145
0.52,ascending,1.0,0.15,20,20,<2>par,1041,0.95,-2.1317816874999997,0.2385707894736842,0.94253833333333,0.0004333333333333,-0.9421783333333325,0.9424799999999988,6.333333333333335e-05,0.9418249999999994,0.0001526166666666,,0.4710434583333345,0.0001573700202714,0.5,32437
0.52,ascending,1.0,0.15,20,20,<2>par,1041,0.96,-2.1345813124999995,0.2410157552083333,0.9406983333333327,0.0005316666666666,-0.9403899999999994,0.9407950000000002,-1.9999999999999985e-05,0.9400949999999986,0.0001530124999999,,0.4702476874999989,0.0001539794616795,0.5,32598
0.52,ascending,1.0,0.15,20,20,<2>par,1041,0.97,-2.1367205,0.2429275773195876,0.9402533333333316,0.0006116666666666,-0.9398449999999992,0.9400799999999992,0.0001716666666666,0.9395266666666674,0.0001467333333333,,0.4699130583333329,0.0001575259558484,0.5,32348
0.52,ascending,1.0,0.15,20,20,<2>par,1041,0.98,-2.139430624999999,0.2461872448979591,0.9392366666666656,0.0005099999999999,-0.9388000000000007,0.9394933333333336,0.000155,0.9384983333333328,0.0001632166666666,,0.4694160833333337,0.0001700722436972,0.5,32712
0.52,ascending,1.0,0.15,20,20,<2>par,1041,0.99,-2.1418383749999985,0.2488339646464646,0.9388233333333325,0.0007083333333333,-0.9383216666666682,0.9389216666666664,0.0002066666666666,0.9380133333333344,0.0001661125,,0.4691659291666661,0.0001633596877153,0.5,32931
0.52,ascending,1.0,0.15,20,20,<2>par,1041,1.0,-2.144158875,0.2511345,0.937003333333332,0.0007949999999999,-0.9364549999999996,0.9372816666666652,-6.166666666666667e-05,0.9362699999999988,0.0001698458333333,,0.4682673791666672,0.0001711232113189,0.5,32853
0.52,ascending,1.0,0.15,20,20,<2>par,1041,1.01,-2.146579687499999,0.2530180693069306,0.9366283333333352,0.0006583333333333,-0.9360050000000032,0.9365633333333366,-2.999999999999998e-05,0.9356133333333368,0.0001677666666666,,0.4679931250000003,0.0001685715588693,0.5,33257
0.52,ascending,1.0,0.15,20,20,<2>par,1041,1.02,-2.1490199999999997,0.2552564950980391,0.9342866666666692,0.0005399999999999,-0.9336983333333344,0.934166666666668,6.0000000000000015e-05,0.9333816666666688,0.0001790583333333,,0.4668822000000002,0.0001768454427972,0.5,33024
0.52,ascending,1.0,0.15,20,20,<2>par,1041,1.1,-2.170164,0.2765453409090909,0.9236133333333374,0.0011183333333333,-0.9228383333333398,0.9234550000000052,7.833333333333339e-05,0.9222816666666735,0.0002050291666666,,0.461362695833334,0.000212899480063,0.5,33917
0.52,ascending,1.0,0.15,20,20,<2>par,1041,1.2,-2.2008983125,0.3030348958333333,0.9109216666666752,0.0010816666666666,-0.909756666666676,0.9104150000000092,-0.000165,0.9092366666666762,0.0002466374999999,,0.4548231374999988,0.0002489627931249,0.5,34229
0.52,ascending,1.0,0.15,20,20,<2>par,1042,0.05,-2.020153,0.0119774999999999,0.999806666666664,0.0,-0.999806666666664,0.999806666666664,0.0,0.999806666666664,4.833333333333327e-07,,0.4999038166666669,4.833333333333282e-07,0.5,27125
0.52,ascending,1.0,0.15,20,20,<2>par,1042,0.1,-2.02152975,0.0243687499999999,0.9993299999999902,-3.3333333333333333e-06,-0.9993299999999902,0.9993299999999902,0.0,0.9993299999999902,1.6333333333333371e-06,,0.4996666833333368,1.650607908473961e-06,0.5,27453
0.52,ascending,1.0,0.15,20,20,<2>par,1042,0.2,-2.027031249999999,0.049436875,0.997409999999973,8.333333333333334e-06,-0.997409999999973,0.997409999999973,0.0,0.997409999999973,6.533333333333306e-06,,0.4987121833333404,6.498784183052098e-06,0.5,27769
0.52,ascending,1.0,0.15,20,20,<2>par,1042,0.3,-2.032721499999999,0.0738574999999999,0.9944849999999634,-3.333333333333333e-06,-0.9944949999999634,0.9944899999999632,0.0,0.9944899999999632,1.4491666666666406e-05,,0.4972593583333418,1.352653670997382e-05,0.5,28466
0.52,ascending,1.0,0.15,20,20,<2>par,1042,0.4,-2.039291874999999,0.0993853124999999,0.9900633333333,1.833333333333333e-05,-0.9900566666666332,0.9900449999999664,-3.333333333333333e-06,0.9900316666666332,2.4329166666665888e-05,,0.4950449041666748,2.3805340608624703e-05,0.5,29110
0.52,ascending,1.0,0.15,20,20,<2>par,1042,0.5,-2.050701125,0.1244907499999999,0.9848149999999743,8.833333333333337e-05,-0.9848416666666407,0.9848933333333076,-8.333333333333334e-06,0.9848066666666409,3.80499999999988e-05,,0.4924443833333395,3.868911246254141e-05,0.5,29841
0.52,ascending,1.0,0.15,20,20,<2>par,1042,0.6,-2.0643361874999995,0.1493564583333333,0.9779049999999782,-3.833333333333334e-05,-0.9779699999999788,0.977903333333312,2.8333333333333332e-05,0.9778999999999788,5.45583333333312e-05,,0.4889719416666697,5.6954364989463455e-05,0.5,30371
0.52,ascending,1.0,0.15,20,20,<2>par,1042,0.7,-2.081373249999999,0.1748228571428571,0.9699416666666522,0.0001566666666666,-0.969776666666652,0.9699016666666528,8.16666666666667e-05,0.9696333333333184,7.573749999999762e-05,,0.4849050541666689,8.13825510942967e-05,0.5,30682
0.52,ascending,1.0,0.15,20,20,<2>par,1042,0.8,-2.100518374999999,0.1997728124999999,0.9605049999999926,0.0002566666666666,-0.9603216666666584,0.9605716666666596,-8.666666666666671e-05,0.9602266666666588,0.0001072708333333,,0.4801953291666669,0.0001023413198934,0.5,31327
0.52,ascending,1.0,0.15,20,20,<2>par,1042,0.86,-2.1125809374999998,0.2153039244186046,0.9539649999999948,0.0002616666666666,-0.953898333333325,0.9540849999999932,3.166666666666668e-05,0.9536149999999932,0.0001189124999999,,0.4769484791666661,0.0001191673712652,0.5,32180
0.52,ascending,1.0,0.15,20,20,<2>par,1042,0.87,-2.114406,0.218273132183908,0.9524583333333292,0.0004616666666666,-0.952248333333332,0.9524733333333306,8.666666666666671e-05,0.9520116666666648,0.0001231666666666,,0.4761327250000002,0.0001226440594803,0.5,32034
0.52,ascending,1.0,0.15,20,20,<2>par,1042,0.88,-2.1148991875000003,0.220270596590909,0.9510366666666594,0.0003183333333333,-0.950651666666661,0.9509116666666604,-1.9999999999999995e-05,0.9503649999999948,0.0001250874999999,,0.4753161041666669,0.0001215045233252,0.5,32049
0.52,ascending,1.0,0.15,20,20,<2>par,1042,0.89,-2.1189526249999995,0.2227691011235955,0.9515216666666624,0.000335,-0.9510849999999964,0.9514466666666626,-3.833333333333335e-05,0.9509433333333304,0.0001209999999999,,0.4755776333333333,0.0001270935950795,0.5,32129
0.52,ascending,1.0,0.15,20,20,<2>par,1042,0.9,-2.120139875,0.2251751388888889,0.9497816666666647,0.0003366666666666,-0.9495116666666672,0.950074999999998,2.8333333333333325e-05,0.9493350000000006,0.0001304875,,0.4747775041666665,0.0001265714572366,0.5,32094
0.52,ascending,1.0,0.15,20,20,<2>par,1042,0.91,-2.122745562499999,0.2280140109890109,0.9503616666666624,0.0003166666666666,-0.9503233333333292,0.9501833333333288,0.0001116666666666,0.9500099999999968,0.0001293333333333,,0.475108941666667,0.0001269090878042,0.5,32224
0.52,ascending,1.0,0.15,20,20,<2>par,1042,0.92,-2.125362124999999,0.2304449728260869,0.9457399999999986,0.0004383333333333,-0.9452499999999996,0.9455099999999974,6.0000000000000015e-05,0.9451066666666654,0.0001360999999999,,0.4726514166666665,0.0001411479730091,0.5,32427
0.52,ascending,1.0,0.15,20,20,<2>par,1042,0.93,-2.128142124999999,0.2331565860215053,0.9464983333333292,0.0004399999999999,-0.9462133333333288,0.946501666666661,-9.500000000000005e-05,0.9459966666666624,0.0001446375,,0.4731152125000007,0.0001436564658449,0.5,32419
0.52,ascending,1.0,0.15,20,20,<2>par,1042,0.9351,-2.1270540625,0.233393219976473,0.9462783333333316,0.0004616666666666,-0.945953333333332,0.9462499999999968,8.000000000000003e-05,0.9457149999999974,0.0001444749999999,,0.4729788416666678,0.0001446034651228,0.5,32223
0.52,ascending,1.0,0.15,20,20,<2>par,1042,0.94,-2.131668625,0.2365529255319149,0.9436600000000008,0.0003949999999999,-0.943316666666666,0.9437133333333324,2.6666666666666663e-05,0.9431666666666666,0.0001500666666666,,0.471648125,0.0001467357132068,0.5,32362
0.52,ascending,1.0,0.15,20,20,<2>par,1042,0.95,-2.1309624375,0.2379697368421053,0.9454649999999946,0.0004583333333333,-0.9453599999999944,0.9455483333333272,8.000000000000005e-05,0.9450466666666612,0.0001386458333333,,0.4726329791666671,0.0001510047129294,0.5,32631
0.52,ascending,1.0,0.15,20,20,<2>par,1042,0.96,-2.1342600625,0.2393588541666666,0.9420683333333304,0.0004066666666666,-0.9418199999999988,0.942130000000001,9.33333333333334e-05,0.9415600000000012,0.0001560916666666,,0.4709003250000013,0.000152546102466,0.5,32682
0.52,ascending,1.0,0.15,20,20,<2>par,1042,0.97,-2.1373325,0.2439783505154639,0.9411416666666678,0.0005083333333333,-0.9408166666666672,0.9411883333333332,-2.833333333333333e-05,0.940575000000001,0.0001563874999999,,0.4703896958333333,0.0001600780505945,0.5,32520
0.52,ascending,1.0,0.15,20,20,<2>par,1042,0.98,-2.1404797499999995,0.2457896683673469,0.9398099999999986,0.0004183333333333,-0.939201666666666,0.9393999999999982,3.5000000000000024e-05,0.9390299999999996,0.0001555916666666,,0.4696860583333326,0.0001536029557923,0.5,32615
0.52,ascending,1.0,0.15,20,20,<2>par,1042,0.99,-2.141479625,0.2475455808080807,0.9383933333333316,0.0004999999999999,-0.9379849999999972,0.9384416666666636,2.5e-05,0.9377299999999984,0.0001599625,,0.4690059291666666,0.0001648741549484,0.5,32763
0.52,ascending,1.0,0.15,20,20,<2>par,1042,1.0,-2.1429274375,0.2505716249999999,0.9389550000000002,0.0006033333333333,-0.9385000000000008,0.9388583333333352,1.333333333333334e-05,0.9379750000000004,0.0001626791666666,,0.4691706291666663,0.0001621646796628,0.5,32724
0.52,ascending,1.0,0.15,20,20,<2>par,1042,1.01,-2.147768249999999,0.2543243811881188,0.9353766666666676,0.0005283333333333,-0.9349966666666693,0.9356433333333348,3.5000000000000024e-05,0.934651666666668,0.0001603083333333,,0.4674829416666667,0.0001791336085755,0.5,32704
0.52,ascending,1.0,0.15,20,20,<2>par,1042,1.02,-2.1504038749999994,0.2555659313725489,0.9358083333333334,0.0006516666666666,-0.9353233333333358,0.93555166666667,1.6666666666666654e-05,0.9351383333333364,0.0001756958333333,,0.4676688541666664,0.0001669845362101,0.5,33002
0.52,ascending,1.0,0.15,20,20,<2>par,1042,1.1,-2.170679437499999,0.2763522727272727,0.9236500000000042,0.0009933333333333,-0.922626666666673,0.9234050000000052,1.1666666666666676e-05,0.922350000000005,0.0002065124999999,,0.4613641958333334,0.0001946793828722,0.5,33507
0.52,ascending,1.0,0.15,20,20,<2>par,1042,1.2,-2.20158025,0.3030721875,0.9076766666666762,0.0011949999999999,-0.9068166666666762,0.9083316666666752,4.1666666666666686e-05,0.9062133333333428,0.0002502624999999,,0.4533186541666678,0.0002510896716654,0.5,34481
0.52,ascending,1.0,0.15,20,20,<2>par,1043,0.05,-2.0210061249999995,0.0119999999999999,0.999869999999998,0.0,-0.999869999999998,0.999869999999998,0.0,0.999869999999998,3.250000000000003e-07,,0.4999353250000014,3.250000000000012e-07,0.5,26749
0.52,ascending,1.0,0.15,20,20,<2>par,1043,0.1,-2.0212907499999995,0.023985,0.9994133333333256,0.0,-0.9994133333333256,0.9994133333333256,0.0,0.9994133333333256,1.458333333333333e-06,,0.4997082083333347,1.482725424859372e-06,0.5,27641
0.52,ascending,1.0,0.15,20,20,<2>par,1043,0.2,-2.0237518125,0.0496968749999999,0.9975049999999775,1.6666666666666669e-06,-0.9975133333333108,0.9975049999999775,-5e-06,0.9975066666666444,5.812500000000028e-06,,0.4987597041666728,5.975607908473979e-06,0.5,28283
0.52,ascending,1.0,0.15,20,20,<2>par,1043,0.3,-2.031486,0.0742516666666666,0.9945433333332956,3.3333333333333333e-06,-0.9945366666666288,0.9945766666666288,-5e-06,0.9945316666666288,1.4066666666666332e-05,,0.4972810250000071,1.3677233311098742e-05,0.5,28469
0.52,ascending,1.0,0.15,20,20,<2>par,1043,0.4,-2.040371124999999,0.0996268749999999,0.9899566666666324,4.000000000000001e-05,-0.9899533333332988,0.989946666666632,3.333333333333333e-06,0.989946666666632,2.504999999999931e-05,,0.495002825000008,2.5900806231270404e-05,0.5,28908
0.52,ascending,1.0,0.15,20,20,<2>par,1043,0.5,-2.0508840624999998,0.1238112499999999,0.9848883333333066,3.166666666666667e-05,-0.9848849999999734,0.984859999999973,2.1666666666666664e-05,0.98485666666664,3.779166666666544e-05,,0.4924624083333377,3.877006897705184e-05,0.5,29673
0.52,ascending,1.0,0.15,20,20,<2>par,1043,0.6,-2.0648633125000004,0.150058125,0.9767799999999788,4.166666666666667e-05,-0.9767233333333132,0.9767783333333128,-2.1666666666666664e-05,0.9766683333333132,6.250416666666457e-05,,0.4883977958333361,5.963875769193724e-05,0.5,30091
0.52,ascending,1.0,0.15,20,20,<2>par,1043,0.7,-2.0810403124999994,0.1740848214285714,0.9700349999999838,0.00013,-0.9700083333333176,0.9701699999999832,-4e-05,0.9698933333333176,7.886666666666408e-05,,0.4850373166666681,7.83273509386562e-05,0.5,31026
0.52,ascending,1.0,0.15,20,20,<2>par,1043,0.8,-2.0988540625,0.1993164062499999,0.9596866666666604,0.000335,-0.9593999999999924,0.9594816666666588,5.833333333333337e-05,0.9592683333333264,0.0001104291666666,,0.4797619375000003,0.0001064241838833,0.5,31417
0.52,ascending,1.0,0.15,20,20,<2>par,1043,0.86,-2.1131535625000004,0.2141213662790697,0.955414999999994,0.0002333333333333,-0.9552049999999946,0.9554499999999928,-3.500000000000001e-05,0.9549966666666596,0.0001076666666666,,0.4776803000000002,0.0001147371821617,0.5,32114
0.52,ascending,1.0,0.15,20,20,<2>par,1043,0.87,-2.1143881875,0.2171204022988505,0.953464999999994,0.00027,-0.9533066666666612,0.953661666666661,3.5000000000000024e-05,0.9531333333333278,0.0001179791666666,,0.4766703958333333,0.000118993477452,0.5,32221
0.52,ascending,1.0,0.15,20,20,<2>par,1043,0.88,-2.11677825,0.2201078124999999,0.952034999999997,0.00028,-0.9517033333333308,0.9520583333333308,-4.666666666666668e-05,0.9515416666666646,0.0001251208333333,,0.4758715708333333,0.0001252780894147,0.5,32089
0.52,ascending,1.0,0.15,20,20,<2>par,1043,0.89,-2.1183711874999998,0.2224685393258426,0.9497783333333304,0.0004083333333333,-0.9494916666666634,0.9497983333333316,6.666666666666671e-05,0.949344999999996,0.0001317624999999,,0.4747738041666668,0.0001290304631788,0.5,32488
0.52,ascending,1.0,0.15,20,20,<2>par,1043,0.9,-2.119021499999999,0.2241479166666666,0.9516149999999972,0.0002883333333333,-0.95153333333333,0.9517099999999982,-5.333333333333334e-05,0.9513833333333308,0.0001283833333333,,0.4758164166666678,0.000123294930412,0.5,32117
0.52,ascending,1.0,0.15,20,20,<2>par,1043,0.91,-2.1229886875,0.2273484890109889,0.948661666666662,0.0004399999999999,-0.948348333333328,0.948844999999995,-3.833333333333332e-05,0.9481566666666608,0.0001246791666666,,0.474214779166666,0.0001366496402867,0.5,32498
0.52,ascending,1.0,0.15,20,20,<2>par,1043,0.92,-2.1249929374999987,0.2298486413043478,0.9469066666666656,0.0004366666666666,-0.9466399999999976,0.9469516666666646,-8.333333333333342e-06,0.9463099999999964,0.0001374791666666,,0.4733244958333338,0.0001346469185826,0.5,32270
0.52,ascending,1.0,0.15,20,20,<2>par,1043,0.93,-2.1286836874999997,0.2325432795698924,0.946474999999996,0.0004999999999999,-0.946176666666664,0.9465633333333312,-9.166666666666672e-05,0.9460516666666636,0.0001394249999999,,0.4731672500000002,0.0001311626435077,0.5,32587
0.52,ascending,1.0,0.15,20,20,<2>par,1043,0.9351,-2.129452,0.2341312426478451,0.9446950000000012,0.0005249999999999,-0.9443583333333322,0.9446999999999977,-1.9999999999999995e-05,0.9440166666666644,0.0001493083333333,,0.4722239916666659,0.0001434472006554,0.5,32490
0.52,ascending,1.0,0.15,20,20,<2>par,1043,0.94,-2.1276906875,0.2355071808510638,0.9446200000000016,0.0004649999999999,-0.9444149999999994,0.944601666666666,3.333333333333334e-05,0.9440183333333336,0.0001375041666666,,0.4721943208333329,0.0001405771735533,0.5,32593
0.52,ascending,1.0,0.15,20,20,<2>par,1043,0.95,-2.1325228125,0.2378544736842105,0.9425933333333316,0.0005316666666666,-0.9423716666666648,0.942894999999996,8.166666666666668e-05,0.941923333333333,0.0001504958333333,,0.4711650791666668,0.0001471623016772,0.5,32711
0.52,ascending,1.0,0.15,20,20,<2>par,1043,0.96,-2.134889999999999,0.2405305989583333,0.9432933333333317,0.00033,-0.9431883333333336,0.9436016666666656,-0.0001016666666666,0.9428216666666646,0.0001446374999999,,0.4715947208333323,0.0001506463266689,0.5,32850
0.52,ascending,1.0,0.15,20,20,<2>par,1043,0.97,-2.13870575,0.2430970360824742,0.9410283333333292,0.0005033333333333,-0.9404499999999965,0.9405683333333296,-8.666666666666672e-05,0.9402666666666638,0.0001435208333333,,0.4702270625,0.0001573603972565,0.5,32620
0.52,ascending,1.0,0.15,20,20,<2>par,1043,0.98,-2.1389223749999995,0.2452308673469387,0.9392099999999994,0.0005266666666666,-0.938803333333332,0.9392266666666648,-3.999999999999999e-05,0.938564999999999,0.0001464,,0.4694191583333334,0.0001551654717872,0.5,32421
0.52,ascending,1.0,0.15,20,20,<2>par,1043,0.99,-2.1416045625000004,0.2473179292929292,0.9389366666666648,0.0005649999999999,-0.938664999999998,0.9390816666666654,1.666666666666667e-05,0.9384199999999976,0.0001697125,,0.469363104166665,0.000159263728757,0.5,32569
0.52,ascending,1.0,0.15,20,20,<2>par,1043,1.0,-2.146295999999998,0.2518341249999999,0.9358050000000024,0.0005349999999999,-0.93518,0.9358516666666664,-8.16666666666667e-05,0.9349350000000014,0.0001700291666666,,0.4676297541666665,0.0001695339332443,0.5,33114
0.52,ascending,1.0,0.15,20,20,<2>par,1043,1.01,-2.1465206249999995,0.2533247524752475,0.9365599999999972,0.0005583333333333,-0.9361616666666652,0.9364416666666652,2.833333333333332e-05,0.9357566666666656,0.0001604291666666,,0.4681098291666665,0.0001677652765191,0.5,33061
0.52,ascending,1.0,0.15,20,20,<2>par,1043,1.02,-2.1492869374999986,0.2554862745098039,0.933038333333332,0.0005983333333333,-0.9323066666666652,0.9329649999999988,8.333333333333312e-06,0.9319,0.0001603458333333,,0.4661579124999999,0.0001748058000667,0.5,33070
0.52,ascending,1.0,0.15,20,20,<2>par,1043,1.1,-2.1681420625,0.2766555681818182,0.9224250000000074,0.0007133333333333,-0.92182833333334,0.9223050000000051,7.833333333333336e-05,0.9214583333333396,0.0001947458333333,,0.4608689624999992,0.0002030588057314,0.5,33617
0.52,ascending,1.0,0.15,20,20,<2>par,1043,1.2,-2.1999449375000006,0.30362625,0.9069833333333446,0.0013283333333333,-0.9059800000000104,0.9069250000000102,-0.0001333333333333,0.9055466666666748,0.0002405041666666,,0.4529411541666666,0.0002551602838505,0.5,34120
0.52,ascending,1.0,0.15,20,20,<2>par,1044,0.05,-2.020789375,0.01252,0.9998683333333312,0.0,-0.9998683333333312,0.9998683333333312,0.0,0.9998683333333312,3.29166666666667e-07,,0.4999344958333341,3.291666666666684e-07,0.5,26897
0.52,ascending,1.0,0.15,20,20,<2>par,1044,0.1,-2.0209431874999995,0.0254337499999999,0.9993483333333254,0.0,-0.9993483333333254,0.9993483333333254,0.0,0.9993499999999922,1.6541666666666704e-06,,0.4996758375000033,1.6692418082864575e-06,0.5,27416
0.52,ascending,1.0,0.15,20,20,<2>par,1044,0.2,-2.023929125,0.0497199999999999,0.997419999999972,0.0,-0.997419999999972,0.997419999999972,0.0,0.997419999999972,6.083333333333348e-06,,0.4987175166666724,6.724248583802059e-06,0.5,27837
0.52,ascending,1.0,0.15,20,20,<2>par,1044,0.3,-2.030732499999999,0.0748225,0.9942399999999616,1.6666666666666669e-06,-0.9942449999999616,0.9942366666666282,3.3333333333333333e-06,0.9942349999999616,1.4741666666666363e-05,,0.4971333583333421,1.4542650283239346e-05,0.5,28667
0.52,ascending,1.0,0.15,20,20,<2>par,1044,0.4,-2.0409055624999994,0.099464375,0.9903283333332978,-6.666666666666668e-06,-0.9903449999999648,0.9903049999999644,-1.5e-05,0.990344999999965,2.481249999999933e-05,,0.4951867291666748,2.4727684771765257e-05,0.5,28873
0.52,ascending,1.0,0.15,20,20,<2>par,1044,0.5,-2.050784437499999,0.1245252499999999,0.9838216666666424,1.1666666666666668e-05,-0.983794999999976,0.9838116666666432,-6.666666666666668e-06,0.9838033333333096,4.002916666666532e-05,,0.491943379166671,3.904572370318727e-05,0.5,29704
0.52,ascending,1.0,0.15,20,20,<2>par,1044,0.6,-2.063479125,0.1489245833333333,0.9770399999999824,8.500000000000003e-05,-0.9769633333333164,0.9770483333333164,-5e-06,0.9769099999999832,5.823749999999812e-05,,0.4885219291666705,6.0322910196624826e-05,0.5,30461
0.52,ascending,1.0,0.15,20,20,<2>par,1044,0.7,-2.0795205,0.1749730357142857,0.9689266666666568,0.0002783333333333,-0.9688116666666562,0.968936666666656,-4.333333333333334e-05,0.9688183333333232,7.658333333333086e-05,,0.4844904666666683,7.92863808731146e-05,0.5,30842
0.52,ascending,1.0,0.15,20,20,<2>par,1044,0.8,-2.0996423125000003,0.1997831249999999,0.9602283333333254,0.0002083333333333,-0.9600733333333272,0.9601766666666588,-1.6666666666666664e-05,0.96000666666666,0.0001034749999999,,0.4800979499999996,9.863723886471896e-05,0.5,31436
0.52,ascending,1.0,0.15,20,20,<2>par,1044,0.86,-2.11161575,0.2151183139534883,0.9536883333333296,0.00025,-0.9535199999999968,0.953501666666662,-3.833333333333333e-05,0.953434999999996,0.0001187041666666,,0.4767983291666673,0.0001161990034433,0.5,31682
0.52,ascending,1.0,0.15,20,20,<2>par,1044,0.87,-2.114739,0.2172448275862069,0.9538616666666606,0.0002166666666666,-0.9536183333333268,0.9540233333333265,-5.833333333333335e-05,0.9534883333333264,0.0001217333333333,,0.476863716666667,0.0001224837878487,0.5,31622
0.52,ascending,1.0,0.15,20,20,<2>par,1044,0.88,-2.1162859374999994,0.2196930397727272,0.951164999999994,0.0002816666666666,-0.9508216666666606,0.9511949999999934,-6.500000000000002e-05,0.9506549999999944,0.0001393291666666,,0.4754744375000008,0.0001265317239255,0.5,32089
0.52,ascending,1.0,0.15,20,20,<2>par,1044,0.89,-2.1182723125,0.2226550561797752,0.9503299999999958,0.0004116666666666,-0.9500983333333304,0.9505349999999976,0.0001183333333333,0.94988333333333,0.0001219791666666,,0.475063087500001,0.0001325045035545,0.5,32326
0.52,ascending,1.0,0.15,20,20,<2>par,1044,0.9,-2.120100625,0.2259547222222222,0.9497049999999958,0.0004683333333333,-0.9493283333333296,0.949839999999994,8.333333333333337e-05,0.9491633333333286,0.0001375,,0.4747170666666664,0.000134777763579,0.5,32320
0.52,ascending,1.0,0.15,20,20,<2>par,1044,0.91,-2.1243876875,0.2287968406593406,0.9491066666666615,0.0003833333333333,-0.9488883333333296,0.9492549999999952,-9.166666666666672e-05,0.9486766666666628,0.0001278624999999,,0.4744286708333337,0.0001344375369323,0.5,32535
0.52,ascending,1.0,0.15,20,20,<2>par,1044,0.92,-2.12789,0.2314960597826086,0.9465233333333324,0.0003483333333333,-0.946386666666665,0.94650833333333,-0.0001116666666666,0.9460183333333304,0.0001437041666666,,0.4731119958333339,0.0001403244000889,0.5,32340
0.52,ascending,1.0,0.15,20,20,<2>par,1044,0.93,-2.1300173124999997,0.2331012096774193,0.9463049999999958,0.0005733333333333,-0.9460183333333302,0.9463466666666632,6.000000000000004e-05,0.9457983333333312,0.0001439916666666,,0.4730321333333326,0.0001409498306121,0.5,31829
0.52,ascending,1.0,0.15,20,20,<2>par,1044,0.9351,-2.128474625,0.2356747941396642,0.9441700000000008,0.0003966666666666,-0.943696666666667,0.9441250000000012,2.333333333333331e-05,0.943496666666669,0.0001498874999999,,0.4718227458333329,0.0001450961542263,0.5,32844
0.52,ascending,1.0,0.15,20,20,<2>par,1044,0.94,-2.13080375,0.2358984042553191,0.945316666666664,0.0004049999999999,-0.9450883333333306,0.9455083333333302,-4.833333333333334e-05,0.9447066666666634,0.0001416875,,0.4725252291666676,0.0001359688291678,0.5,32739
0.52,ascending,1.0,0.15,20,20,<2>par,1044,0.95,-2.13205375,0.2381498684210526,0.9420966666666636,0.0005583333333333,-0.9416949999999974,0.9422133333333312,-0.0001033333333333,0.9413083333333322,0.00015845,,0.4708368916666672,0.0001546485261025,0.5,32667
0.52,ascending,1.0,0.15,20,20,<2>par,1044,0.96,-2.1370795624999994,0.2403928385416666,0.9434749999999984,0.0004483333333333,-0.9434799999999988,0.9435933333333304,1.1666666666666688e-05,0.9431199999999964,0.0001456833333333,,0.4716928333333327,0.0001490552580254,0.5,32730
0.52,ascending,1.0,0.15,20,20,<2>par,1044,0.97,-2.1383804375,0.2435923969072164,0.9426783333333336,0.0003283333333333,-0.9423716666666696,0.9429316666666688,5.66666666666667e-05,0.9421766666666682,0.0001544375,,0.4712220874999995,0.0001546257575256,0.5,32544
0.52,ascending,1.0,0.15,20,20,<2>par,1044,0.98,-2.1402908125,0.2464183673469387,0.938554999999997,0.0007816666666666,-0.9381833333333306,0.9385649999999962,-5e-05,0.9377483333333292,0.0001663041666666,,0.4690556791666663,0.0001658687656342,0.5,32765
0.52,ascending,1.0,0.15,20,20,<2>par,1044,0.99,-2.142230062499999,0.2487073232323232,0.9383000000000022,0.0004349999999999,-0.9379450000000014,0.9382200000000004,-3.666666666666668e-05,0.937638333333334,0.0001679833333333,,0.4689756916666681,0.0001569199174719,0.5,32929
0.52,ascending,1.0,0.15,20,20,<2>par,1044,1.0,-2.145447624999999,0.2507425,0.9384233333333292,0.0007133333333333,-0.9377783333333314,0.9385499999999956,0.0001566666666666,0.9375833333333308,0.0001608416666666,,0.4689336250000003,0.0001645378707654,0.5,32855
0.52,ascending,1.0,0.15,20,20,<2>par,1044,1.01,-2.147583687499999,0.2537459158415841,0.9362533333333336,0.0006283333333333,-0.9359133333333336,0.936368333333334,-4.999999999999993e-06,0.935466666666668,0.0001686708333333,,0.4679388458333336,0.0001678007624683,0.5,32921
0.52,ascending,1.0,0.15,20,20,<2>par,1044,1.02,-2.1487348124999994,0.2560221813725489,0.9327216666666668,0.0008183333333333,-0.9322533333333364,0.9324733333333348,0.0001366666666666,0.9317850000000008,0.0001777833333333,,0.4660943000000018,0.0001818722844053,0.5,32938
0.52,ascending,1.0,0.15,20,20,<2>par,1044,1.1,-2.1699649999999986,0.277073409090909,0.9234650000000064,0.0010166666666666,-0.9227566666666738,0.9237716666666724,0.0001883333333333,0.92214333333334,0.0001986874999999,,0.461315345833334,0.0001980239417976,0.5,33552
0.52,ascending,1.0,0.15,20,20,<2>par,1044,1.2,-2.1984326874999987,0.3031586458333333,0.9078800000000068,0.0010016666666666,-0.906740000000008,0.908081666666674,0.0001116666666666,0.9061333333333428,0.0002386791666666,,0.4534130458333344,0.0002380407827948,0.5,34389
0.52,ascending,1.0,0.15,20,20,<2>par,1045,0.05,-2.0209195,0.0125724999999999,0.9998116666666648,0.0,-0.9998116666666648,0.9998116666666648,0.0,0.9998116666666648,4.708333333333328e-07,,0.4999063041666674,4.708333333333344e-07,0.5,27333
0.52,ascending,1.0,0.15,20,20,<2>par,1045,0.1,-2.02094675,0.0241974999999999,0.999399999999992,0.0,-0.999399999999992,0.999399999999992,0.0,0.999399999999992,1.5083333333333328e-06,,0.4997015416666688,1.511892091526035e-06,0.5,27440
0.52,ascending,1.0,0.15,20,20,<2>par,1045,0.2,-2.0262259375,0.049355625,0.9976666666666404,0.0,-0.997663333333307,0.997663333333307,-1e-05,0.997663333333307,5.583333333333396e-06,,0.4988380666666742,5.676823725421913e-06,0.5,27779
0.52,ascending,1.0,0.15,20,20,<2>par,1045,0.3,-2.030594062499999,0.0735733333333333,0.9945299999999616,1e-05,-0.9945366666666282,0.9945333333332947,3.333333333333333e-06,0.9945349999999614,1.371666666666638e-05,,0.4972822666666757,1.352832655781746e-05,0.5,28191
0.52,ascending,1.0,0.15,20,20,<2>par,1045,0.4,-2.0403004375,0.0984012499999999,0.9898599999999677,3.166666666666667e-05,-0.9898183333333008,0.9898699999999672,5.782411586589358e-22,0.9898333333333006,2.5533333333332573e-05,,0.494940433333341,2.5196884705062126e-05,0.5,29140
0.52,ascending,1.0,0.15,20,20,<2>par,1045,0.5,-2.0499285,0.12461575,0.9841799999999752,2.1666666666666664e-05,-0.9841283333333092,0.9840949999999756,1.3333333333333332e-05,0.9841066666666428,3.980416666666527e-05,,0.4921004958333397,3.9195922025984046e-05,0.5,29687
0.52,ascending,1.0,0.15,20,20,<2>par,1045,0.6,-2.0658389999999995,0.1496893749999999,0.9779649999999788,4.000000000000001e-05,-0.9778966666666464,0.9779749999999796,3.333333333333334e-05,0.9778599999999804,5.7312499999998e-05,,0.4889871041666704,5.849387409759862e-05,0.5,30538
0.52,ascending,1.0,0.15,20,20,<2>par,1045,0.7,-2.080293999999999,0.1743516071428571,0.9699033333333236,0.0001283333333333,-0.969849999999988,0.9700283333333224,7.500000000000003e-05,0.969733333333322,7.697083333333072e-05,,0.4849502041666697,7.794066516733826e-05,0.5,30857
0.52,ascending,1.0,0.15,20,20,<2>par,1045,0.8,-2.099015187499999,0.1994815624999999,0.9606933333333232,0.00017,-0.9604666666666568,0.9606233333333236,5.666666666666669e-05,0.960391666666658,0.0001008416666666,,0.4802755499999996,0.0001007933727645,0.5,31510
0.52,ascending,1.0,0.15,20,20,<2>par,1045,0.86,-2.1123096875,0.2142873546511627,0.9539333333333284,0.0003866666666666,-0.9536416666666604,0.9537566666666628,5.1666666666666685e-05,0.9534966666666632,0.0001175666666666,,0.4768420833333338,0.0001206241081308,0.5,31966
0.52,ascending,1.0,0.15,20,20,<2>par,1045,0.87,-2.1128914999999995,0.2177173850574712,0.9536516666666612,0.0003866666666666,-0.9533866666666608,0.9536649999999944,-6.666666666666671e-06,0.9532833333333274,0.0001238041666666,,0.4767516374999998,0.0001197617356437,0.5,31980
0.52,ascending,1.0,0.15,20,20,<2>par,1045,0.88,-2.1168443125,0.2202809659090908,0.951033333333328,0.0003699999999999,-0.950789999999996,0.951113333333328,-9.333333333333336e-05,0.9506683333333285,0.0001193749999999,,0.4754755083333332,0.0001191306824391,0.5,32193
0.52,ascending,1.0,0.15,20,20,<2>par,1045,0.89,-2.118996625,0.2228237359550561,0.950156666666663,0.0001783333333333,-0.9497849999999964,0.9499916666666622,1.666666666666665e-05,0.9497249999999952,0.0001311458333333,,0.4749601708333349,0.000125334202377,0.5,31852
0.52,ascending,1.0,0.15,20,20,<2>par,1045,0.9,-2.1210159375,0.2249390277777777,0.9484583333333272,0.000305,-0.9480666666666584,0.9483183333333256,-3.3333333333333465e-06,0.9479483333333258,0.0001286208333333,,0.4740374291666667,0.0001342425018328,0.5,32318
0.52,ascending,1.0,0.15,20,20,<2>par,1045,0.91,-2.1213722499999994,0.2274445054945054,0.9482799999999956,0.0004616666666666,-0.947931666666662,0.9481449999999952,7.666666666666671e-05,0.9476716666666624,0.0001361125,,0.4740193708333325,0.0001398196544487,0.5,32097
0.52,ascending,1.0,0.15,20,20,<2>par,1045,0.92,-2.125732375,0.2301355978260869,0.9475299999999988,0.0003066666666666,-0.9471533333333324,0.947529999999999,3.666666666666666e-05,0.9470599999999998,0.0001314749999999,,0.4736154999999986,0.0001406078171722,0.5,32464
0.52,ascending,1.0,0.15,20,20,<2>par,1045,0.93,-2.1262808124999992,0.2336174731182795,0.9446116666666656,0.0005366666666666,-0.9442766666666648,0.9446066666666642,-2.5000000000000015e-05,0.9441249999999992,0.000138525,,0.4721779333333316,0.0001452132932911,0.5,32360
0.52,ascending,1.0,0.15,20,20,<2>par,1045,0.9351,-2.1287671249999995,0.2327244412362313,0.9468383333333306,0.0003966666666666,-0.9465249999999964,0.94672833333333,0.000115,0.9462249999999958,0.0001427374999999,,0.4732742875000013,0.0001409837539711,0.5,32359
0.52,ascending,1.0,0.15,20,20,<2>par,1045,0.94,-2.1327564999999997,0.2348630319148936,0.9461683333333328,0.0005366666666666,-0.9459499999999992,0.9464483333333312,-4.333333333333334e-05,0.9456699999999998,0.0001392041666666,,0.4729594541666664,0.0001429875658672,0.5,32523
0.52,ascending,1.0,0.15,20,20,<2>par,1045,0.95,-2.132245999999999,0.2373284210526316,0.9422149999999984,0.0005149999999999,-0.941598333333332,0.942536666666664,4.833333333333334e-05,0.9415750000000004,0.0001442916666666,,0.4709111416666673,0.0001584766863271,0.5,32645
0.52,ascending,1.0,0.15,20,20,<2>par,1045,0.96,-2.1350013125,0.2405516927083333,0.943513333333331,0.0003516666666666,-0.9430583333333336,0.9434183333333336,-3.333333333333333e-05,0.9428399999999996,0.0001525874999999,,0.4715583541666652,0.0001535744659561,0.5,32432
0.52,ascending,1.0,0.15,20,20,<2>par,1045,0.97,-2.1383366875000003,0.2435095360824742,0.9400233333333314,0.0004866666666666,-0.9395283333333286,0.9397849999999982,7.000000000000002e-05,0.9391433333333336,0.0001586791666666,,0.4697740374999999,0.0001667061480067,0.5,32800
0.52,ascending,1.0,0.15,20,20,<2>par,1045,0.98,-2.138602875,0.245488137755102,0.9396449999999986,0.0003616666666666,-0.939548333333332,0.9395716666666664,0.000105,0.9391183333333318,0.0001479041666666,,0.4696515125000001,0.0001580030764746,0.5,32604
0.52,ascending,1.0,0.15,20,20,<2>par,1045,0.99,-2.1413929999999994,0.2477142676767676,0.9400733333333328,0.0006883333333333,-0.9395500000000008,0.9402483333333316,8.333333333333347e-06,0.939534999999998,0.0001589625,,0.4698316208333316,0.000161499090248,0.5,32500
0.52,ascending,1.0,0.15,20,20,<2>par,1045,1.0,-2.1443185000000007,0.2510949999999999,0.9364266666666649,0.0006283333333333,-0.9359466666666664,0.9363383333333336,1.5000000000000002e-05,0.9357100000000004,0.0001782625,,0.4679880291666664,0.0001647451607244,0.5,32760
0.52,ascending,1.0,0.15,20,20,<2>par,1045,1.01,-2.1478801875,0.2536777227722772,0.9365766666666684,0.0004216666666666,-0.9360583333333338,0.936583333333334,0.000155,0.9357983333333332,0.0001662166666666,,0.4681014333333333,0.0001607039892813,0.5,33049
0.52,ascending,1.0,0.15,20,20,<2>par,1045,1.02,-2.1490241249999995,0.2555761029411764,0.9358133333333304,0.0004499999999999,-0.935271666666665,0.9354833333333328,5.500000000000001e-05,0.9348416666666652,0.0001667333333333,,0.4676291999999996,0.0001651939418527,0.5,33003
0.52,ascending,1.0,0.15,20,20,<2>par,1045,1.1,-2.1718009375,0.2772287499999999,0.924021666666672,0.0006966666666666,-0.923316666666671,0.923415000000004,6.500000000000005e-05,0.9228916666666694,0.0001990374999999,,0.4616039625000008,0.0001962322400866,0.5,33514
0.52,ascending,1.0,0.15,20,20,<2>par,1045,1.2,-2.200327374999999,0.3022662499999999,0.90877500000001,0.0012866666666666,-0.9079566666666754,0.9089183333333408,-1.1666666666666692e-05,0.9072183333333438,0.0002360374999999,,0.4537428374999993,0.0002471887527492,0.5,34301
0.52,ascending,1.0,0.15,20,20,<2>par,1046,0.05,-2.0210495,0.0124024999999999,0.9998516666666656,0.0,-0.9998516666666656,0.9998516666666656,0.0,0.9998516666666656,3.7083333333333337e-07,,0.4999262041666671,3.708333333333394e-07,0.5,27337
0.52,ascending,1.0,0.15,20,20,<2>par,1046,0.1,-2.021589,0.0243599999999999,0.9993883333333256,0.0,-0.9993883333333256,0.9993883333333256,0.0,0.9993883333333256,1.545833333333335e-06,,0.4996957041666682,1.5214412418072876e-06,0.5,27588
0.52,ascending,1.0,0.15,20,20,<2>par,1046,0.2,-2.0251050624999998,0.04973125,0.9975299999999756,-6.666666666666667e-06,-0.9975283333333088,0.9975349999999756,-1.6666666666666669e-06,0.9975283333333088,6.104166666666672e-06,,0.4987711791666731,6.278470065541679e-06,0.5,27710
0.52,ascending,1.0,0.15,20,20,<2>par,1046,0.3,-2.030886687499999,0.0742533333333333,0.9944949999999632,6.666666666666667e-06,-0.994479999999963,0.9944833333332964,2.6666666666666667e-05,0.9945216666666296,1.4249999999999774e-05,,0.4972560833333405,1.4185498889275849e-05,0.5,28740
0.52,ascending,1.0,0.15,20,20,<2>par,1046,0.4,-2.039239375,0.0984009375,0.9912616666666312,5.333333333333336e-05,-0.9912349999999648,0.991233333333298,-5e-06,0.9912216666666313,2.187499999999945e-05,,0.4956416833333417,2.1995723703187115e-05,0.5,29326
0.52,ascending,1.0,0.15,20,20,<2>par,1046,0.5,-2.050603,0.1237132499999999,0.985014999999972,4.666666666666668e-05,-0.984979999999972,0.9850099999999714,-5e-06,0.9849633333333055,3.694166666666541e-05,,0.4925158166666695,3.7856974008661206e-05,0.5,29978
0.52,ascending,1.0,0.15,20,20,<2>par,1046,0.6,-2.065456187499999,0.1488010416666666,0.9771566666666474,5.833333333333335e-05,-0.9770516666666476,0.9771849999999814,6.66666666666667e-05,0.977083333333314,5.435416666666474e-05,,0.4885963875000036,5.961519276917687e-05,0.5,30406
0.52,ascending,1.0,0.15,20,20,<2>par,1046,0.7,-2.0809154375000003,0.1747283928571428,0.9698483333333188,6.16666666666667e-05,-0.9698033333333184,0.9698483333333175,4.333333333333336e-05,0.9697233333333184,7.469583333333076e-05,,0.4849174791666695,7.571587337547935e-05,0.5,30949
0.52,ascending,1.0,0.15,20,20,<2>par,1046,0.8,-2.098068374999999,0.1997942187499999,0.9602966666666558,0.0002,-0.96008499999999,0.9604433333333248,4.833333333333334e-05,0.9599183333333235,0.0001043166666666,,0.4800753250000018,0.0001025985550374,0.5,31623
0.52,ascending,1.0,0.15,20,20,<2>par,1046,0.86,-2.1097356249999994,0.214569476744186,0.9541099999999952,0.0003116666666666,-0.9535883333333288,0.9540066666666606,-3.666666666666668e-05,0.9533299999999952,0.0001163166666666,,0.4768467333333336,0.0001232469086972,0.5,31876
0.52,ascending,1.0,0.15,20,20,<2>par,1046,0.87,-2.1145791875,0.2178318965517241,0.953108333333329,0.0002733333333333,-0.9527849999999948,0.9531566666666608,6.000000000000002e-05,0.952626666666662,0.0001229249999999,,0.4764210750000014,0.0001215279299122,0.5,32106
0.52,ascending,1.0,0.15,20,20,<2>par,1046,0.88,-2.1146406874999992,0.218947159090909,0.9512699999999964,0.0004133333333333,-0.951069999999995,0.9514249999999952,3.166666666666664e-05,0.950939999999995,0.0001356625,,0.4755808291666674,0.0001242647591912,0.5,32142
0.52,ascending,1.0,0.15,20,20,<2>par,1046,0.89,-2.1192870625,0.2223879213483146,0.94912333333333,0.0003633333333333,-0.9486533333333314,0.94887333333333,-5.833333333333337e-05,0.9485549999999972,0.0001250916666666,,0.4743779833333339,0.0001326975314337,0.5,32175
0.52,ascending,1.0,0.15,20,20,<2>par,1046,0.9,-2.1211523749999994,0.2252647222222221,0.9498933333333304,0.0004399999999999,-0.9495366666666634,0.949648333333331,-7.333333333333337e-05,0.9493383333333308,0.0001239791666666,,0.4748191041666663,0.0001341729083086,0.5,32144
0.52,ascending,1.0,0.15,20,20,<2>par,1046,0.91,-2.122549875,0.2271366758241757,0.947144999999996,0.0003466666666666,-0.9469666666666656,0.9469383333333324,-6.166666666666667e-05,0.946681666666666,0.0001409124999999,,0.4734735458333332,0.0001386055130512,0.5,32374
0.52,ascending,1.0,0.15,20,20,<2>par,1046,0.92,-2.1284676875,0.2310096467391304,0.9469249999999992,0.0004216666666666,-0.946551666666665,0.9468399999999964,0.000115,0.9463799999999968,0.0001313833333333,,0.4732879999999993,0.000142360556759,0.5,32411
0.52,ascending,1.0,0.15,20,20,<2>par,1046,0.93,-2.12953225,0.2329381720430107,0.946921666666664,0.0004383333333333,-0.9467633333333312,0.947151666666663,-5.333333333333336e-05,0.9463583333333296,0.0001316458333333,,0.4734187958333324,0.0001325054841163,0.5,32318
0.52,ascending,1.0,0.15,20,20,<2>par,1046,0.9351,-2.1283797499999992,0.2336350390332584,0.9449983333333324,0.0004849999999999,-0.9443166666666646,0.9449149999999974,3.333333333333333e-05,0.944286666666666,0.0001504791666666,,0.4722684708333335,0.000149134328002,0.5,32170
0.52,ascending,1.0,0.15,20,20,<2>par,1046,0.94,-2.1301388125,0.2357988031914893,0.9457783333333328,0.0003916666666666,-0.9453766666666632,0.9458766666666644,6.166666666666667e-05,0.9450966666666633,0.0001422083333333,,0.4726877416666662,0.0001393772173162,0.5,32772
0.52,ascending,1.0,0.15,20,20,<2>par,1046,0.95,-2.1319014999999992,0.2375418421052631,0.9437666666666648,0.0004166666666666,-0.9434216666666634,0.9437783333333324,-8.333333333333352e-06,0.943048333333332,0.0001460875,,0.4716975458333327,0.0001529282359772,0.5,32493
0.52,ascending,1.0,0.15,20,20,<2>par,1046,0.96,-2.1354263125,0.2421251302083333,0.9425616666666644,0.0005583333333333,-0.9421849999999992,0.9426349999999986,-7.500000000000002e-05,0.9420499999999984,0.0001513541666666,,0.4711296291666672,0.0001503206380652,0.5,32505
0.52,ascending,1.0,0.15,20,20,<2>par,1046,0.97,-2.1364424375,0.2433122422680412,0.940168333333334,0.0005716666666666,-0.9397466666666672,0.9404916666666686,4.0476881106125495e-21,0.9395016666666676,0.0001544625,,0.4699183125,0.0001559226471734,0.5,32817
0.52,ascending,1.0,0.15,20,20,<2>par,1046,0.98,-2.1398468125,0.2459011479591836,0.9399216666666682,0.0006233333333333,-0.939603333333334,0.9401666666666678,1.1666666666666654e-05,0.9392699999999996,0.0001565916666666,,0.4697955583333347,0.0001529245675888,0.5,32752
0.52,ascending,1.0,0.15,20,20,<2>par,1046,0.99,-2.14249925,0.249630808080808,0.938548333333333,0.0004649999999999,-0.9383133333333322,0.9386483333333328,9.333333333333336e-05,0.93804,0.0001543208333333,,0.4692106625000002,0.0001550417504166,0.5,32540
0.52,ascending,1.0,0.15,20,20,<2>par,1046,1.0,-2.144411437499999,0.2513146249999999,0.9363550000000038,0.0006599999999999,-0.935858333333336,0.9364716666666706,9.166666666666672e-05,0.9354300000000052,0.0001675958333333,,0.4679002291666659,0.0001672931047986,0.5,32948
0.52,ascending,1.0,0.15,20,20,<2>par,1046,1.01,-2.1463817499999998,0.2537186881188118,0.9355766666666672,0.0007933333333333,-0.9350583333333332,0.935620000000002,4.500000000000003e-05,0.9347983333333344,0.0001774749999999,,0.4675363583333339,0.0001772554643456,0.5,32723
0.52,ascending,1.0,0.15,20,20,<2>par,1046,1.02,-2.1497628124999992,0.2561289215686274,0.934041666666668,0.0007766666666666,-0.933420000000002,0.9340433333333366,6.666666666666654e-06,0.9330916666666702,0.0001699749999999,,0.4667580083333348,0.0001756537711878,0.5,33045
0.52,ascending,1.0,0.15,20,20,<2>par,1046,1.1,-2.170944374999999,0.2770030681818181,0.922553333333338,0.0009116666666666,-0.922300000000004,0.9228300000000064,5e-05,0.9215650000000044,0.0001954416666666,,0.4609735583333345,0.0002114903861493,0.5,33562
0.52,ascending,1.0,0.15,20,20,<2>par,1046,1.2,-2.2001094999999986,0.302893125,0.908456666666676,0.0014516666666666,-0.9076050000000075,0.908783333333341,6.5e-05,0.9068416666666754,0.0002660999999999,,0.4537536833333324,0.0002438882704657,0.5,34449
0.52,ascending,1.0,0.15,20,20,<2>par,1047,0.05,-2.0201612499999992,0.0128899999999999,0.999859999999998,0.0,-0.999859999999998,0.999859999999998,0.0,0.999859999999998,3.583333333333334e-07,,0.4999303500000009,3.525751416197956e-07,0.5,27118
0.52,ascending,1.0,0.15,20,20,<2>par,1047,0.1,-2.022020125,0.0238412499999999,0.9994449999999933,0.0,-0.99944666666666,0.9994449999999933,0.0,0.9994449999999933,1.4541666666666672e-06,,0.4997240041666695,1.3184903920885457e-06,0.5,27514
0.52,ascending,1.0,0.15,20,20,<2>par,1047,0.2,-2.0257419374999994,0.0491862499999999,0.9973933333333044,0.0,-0.9973899999999708,0.9973933333333044,-6.666666666666667e-06,0.9973966666666376,6.649999999999973e-06,,0.4987026000000062,6.419474008661477e-06,0.5,27314
0.52,ascending,1.0,0.15,20,20,<2>par,1047,0.3,-2.0306398125,0.0744045833333333,0.994203333333293,1.6666666666666669e-06,-0.9941966666666262,0.9941983333332928,-3.3333333333333333e-06,0.9941999999999596,1.4887499999999706e-05,,0.497116112500009,1.4189644618447748e-05,0.5,28821
0.52,ascending,1.0,0.15,20,20,<2>par,1047,0.4,-2.040303749999999,0.0993225,0.9904466666666332,-5e-06,-0.990464999999967,0.9904383333333002,8.333333333333334e-06,0.9904499999999667,2.442083333333272e-05,,0.4952423541666744,2.3199425969103855e-05,0.5,29177
0.52,ascending,1.0,0.15,20,20,<2>par,1047,0.5,-2.0499205,0.1240115,0.9845983333333068,2.8333333333333332e-05,-0.98460666666664,0.9845933333333068,-2.8333333333333332e-05,0.9846316666666396,3.849999999999862e-05,,0.4923455500000057,3.914291636119247e-05,0.5,29713
0.52,ascending,1.0,0.15,20,20,<2>par,1047,0.6,-2.064732375,0.1494004166666666,0.9780583333333134,8.16666666666667e-05,-0.9780083333333136,0.9779599999999804,-3.833333333333334e-05,0.9779483333333132,5.852499999999787e-05,,0.4890312666666698,5.571430278792715e-05,0.5,30102
0.52,ascending,1.0,0.15,20,20,<2>par,1047,0.7,-2.0821426875,0.17432,0.9704616666666523,0.0001283333333333,-0.9702999999999852,0.9705383333333184,-2.8333333333333332e-05,0.970321666666652,7.717916666666406e-05,,0.4852121041666689,7.602161862710933e-05,0.5,31173
0.52,ascending,1.0,0.15,20,20,<2>par,1047,0.8,-2.0981819999999995,0.1996434375,0.960649999999992,0.0001933333333333,-0.96030666666666,0.960614999999992,-6.66666666666667e-05,0.9602066666666598,9.839583333333212e-05,,0.4802053291666672,0.00010392654965,0.5,31433
0.52,ascending,1.0,0.15,20,20,<2>par,1047,0.86,-2.1110507499999995,0.2143744186046511,0.9536533333333294,0.0004449999999999,-0.9536433333333288,0.9537533333333282,-3.5000000000000004e-05,0.9534816666666616,0.0001196083333333,,0.4768675250000008,0.0001234756608356,0.5,31820
0.52,ascending,1.0,0.15,20,20,<2>par,1047,0.87,-2.1138066874999994,0.2178318965517241,0.953888333333328,0.0002683333333333,-0.9535983333333272,0.9538049999999942,-4.666666666666668e-05,0.953504999999994,0.0001106874999999,,0.4768219791666661,0.0001212991808286,0.5,31849
0.52,ascending,1.0,0.15,20,20,<2>par,1047,0.88,-2.1148336875,0.2202997159090909,0.951024999999995,0.0004116666666666,-0.95092166666666,0.9510666666666622,1.0000000000000006e-05,0.9507033333333276,0.0001198833333333,,0.4754771250000004,0.0001218169068644,0.5,31911
0.52,ascending,1.0,0.15,20,20,<2>par,1047,0.89,-2.119433312499999,0.2232150280898876,0.950689999999995,0.0003466666666666,-0.9502766666666626,0.950588333333329,-1.6666666666666614e-06,0.950248333333328,0.0001228458333333,,0.4751877125000008,0.0001318814498501,0.5,32084
0.52,ascending,1.0,0.15,20,20,<2>par,1047,0.9,-2.119828937499999,0.2239809722222221,0.9492699999999952,0.0003633333333333,-0.9491499999999942,0.9491399999999958,2.666666666666667e-05,0.9489616666666618,0.0001294416666666,,0.4746094416666652,0.0001314127063202,0.5,32359
0.52,ascending,1.0,0.15,20,20,<2>par,1047,0.91,-2.1241613125000005,0.2274173076923076,0.9478849999999952,0.0003899999999999,-0.9477299999999976,0.9478966666666624,0.000135,0.9474016666666616,0.0001362916666666,,0.473850658333334,0.0001327352746863,0.5,32095
0.52,ascending,1.0,0.15,20,20,<2>par,1047,0.92,-2.123638374999999,0.2298040760869565,0.9448766666666628,0.0004466666666666,-0.9444499999999952,0.944531666666664,-5.833333333333335e-05,0.9442849999999948,0.0001396624999999,,0.4722792874999993,0.0001406222215929,0.5,32629
0.52,ascending,1.0,0.15,20,20,<2>par,1047,0.93,-2.1289828125,0.2325850806451613,0.946471666666664,0.0003516666666666,-0.9460866666666626,0.9463083333333272,9.500000000000005e-05,0.9459899999999956,0.0001435874999999,,0.4731125208333338,0.0001415529619018,0.5,32434
0.52,ascending,1.0,0.15,20,20,<2>par,1047,0.9351,-2.1292748125000003,0.235152791145332,0.9436099999999956,0.0004683333333333,-0.9431599999999942,0.943469999999995,8.666666666666672e-05,0.942989999999996,0.0001473083333333,,0.4715875583333322,0.0001492957606355,0.5,32141
0.52,ascending,1.0,0.15,20,20,<2>par,1047,0.94,-2.1299572499999986,0.2349320478723404,0.9427499999999982,0.0004016666666666,-0.9423149999999992,0.9426649999999992,8.333333333333335e-06,0.9421316666666644,0.0001533291666666,,0.4711978624999984,0.0001460706898256,0.5,32678
0.52,ascending,1.0,0.15,20,20,<2>par,1047,0.95,-2.132692875,0.2372071052631579,0.9441833333333288,0.0003799999999999,-0.9437149999999987,0.9442699999999982,1.5000000000000007e-05,0.9436549999999966,0.000146175,,0.4719303583333333,0.0001409071483392,0.5,32450
0.52,ascending,1.0,0.15,20,20,<2>par,1047,0.96,-2.1341265,0.2405993489583333,0.9406249999999984,0.0005266666666666,-0.9401649999999986,0.9403933333333327,0.0002283333333333,0.9397933333333326,0.0001564499999999,,0.4700393166666668,0.0001617446593913,0.5,33043
0.52,ascending,1.0,0.15,20,20,<2>par,1047,0.97,-2.1378541874999994,0.2430106958762886,0.9414416666666652,0.0004416666666666,-0.9409999999999994,0.9414550000000004,-0.000105,0.9409849999999986,0.0001486041666666,,0.4705552458333342,0.0001560095263248,0.5,32341
0.52,ascending,1.0,0.15,20,20,<2>par,1047,0.98,-2.1403655625,0.2460019132653061,0.939738333333334,0.0005983333333333,-0.9391816666666668,0.939835,-7.000000000000002e-05,0.939091666666666,0.0001586291666666,,0.4696564041666671,0.0001626444980008,0.5,32723
0.52,ascending,1.0,0.15,20,20,<2>par,1047,0.99,-2.142256312499999,0.2483686868686868,0.9378566666666672,0.0005899999999999,-0.9372550000000008,0.937805,1.000000000000002e-05,0.9370350000000016,0.0001804291666666,,0.4687098541666671,0.0001599266174052,0.5,32850
0.52,ascending,1.0,0.15,20,20,<2>par,1047,1.0,-2.144963999999999,0.250422375,0.9384450000000004,0.0004683333333333,-0.9381566666666667,0.9382950000000004,-5.000000000000016e-06,0.9377666666666676,0.0001663624999999,,0.4690540875000015,0.0001573471329002,0.5,32996
0.52,ascending,1.0,0.15,20,20,<2>par,1047,1.01,-2.14696525,0.2533508663366337,0.9351350000000004,0.0009533333333333,-0.9349749999999984,0.9355816666666644,-8.666666666666671e-05,0.934418333333332,0.0001689375,,0.4674196875000005,0.000170161269355,0.5,32779
0.52,ascending,1.0,0.15,20,20,<2>par,1047,1.02,-2.148823749999999,0.2554486519607842,0.9357366666666695,0.0005349999999999,-0.9349533333333364,0.9358883333333364,-4.000000000000002e-05,0.9347416666666694,0.0001750625,,0.4675487791666663,0.0001655875449297,0.5,32817
0.52,ascending,1.0,0.15,20,20,<2>par,1047,1.1,-2.172518124999999,0.2766428409090908,0.9237083333333368,0.0008033333333333,-0.9233383333333374,0.924500000000002,3.166666666666669e-05,0.9229733333333352,0.0001945416666666,,0.4616624833333347,0.0002009342842391,0.5,33476
0.52,ascending,1.0,0.15,20,20,<2>par,1047,1.2,-2.199673937499999,0.30315125,0.9074283333333404,0.0014116666666666,-0.9063866666666756,0.907205000000006,0.00014,0.9057883333333412,0.0002483874999999,,0.4531189041666665,0.0002424029181389,0.5,33778
